stack_trace,code_snippets,error_class
"2025-11-24T11:44:04.620833 [INFO] [ERROR] ml_err_01: ValueError
File ""/app/errors/ml/__init__.py"", line 86, in _run_error_category
    error_func()
  File ""/app/errors/ml/preprocessing_errors.py"", line 26, in ml_err_01
    X_test_scaled = scaler.transform(X_test)
                    ^^^^^^^^^^^^^^^^^^^^^^^^
  File ""/usr/local/lib/python3.11/site-packages/sklearn/utils/_set_output.py"", line 316, in wrapped
    data_to_wrap = f(self, X, *args, **kwargs)
                   ^^^^^^^^^^^^^^^^^^^^^^^^^^^
  File ""/usr/local/lib/python3.11/site-packages/sklearn/preprocessing/_data.py"", line 1075, in transform
    X = validate_data(
        ^^^^^^^^^^^^^^
  File ""/usr/local/lib/python3.11/site-packages/sklearn/utils/validation.py"", line 2975, in validate_data
    _check_n_features(_estimator, X, reset=reset)
  File ""/usr/local/lib/python3.11/site-packages/sklearn/utils/validation.py"", line 2839, in _check_n_features
    raise ValueError(
ValueError: X has 3 features, but StandardScaler is expecting 5 features as input.","def ml_err_01():
    """"""Shape mismatch in preprocessing""""""
    import numpy as np
    from sklearn.preprocessing import StandardScaler
    X_train = np.random.randn(100, 5)
    X_test = np.random.randn(50, 3)
    scaler = StandardScaler()
    scaler.fit(X_train)
    X_test_scaled = scaler.transform(X_test)




def _select_errors(range_pairs):
    selected = {}
    for name, func in AI_ERRORS.items():
        idx = _err_id(name)
        if any(start <= idx <= end for start, end in range_pairs):
            selected[name] = func
    return selected


",MLError
"2025-11-24T11:44:04.625176 [INFO] [ERROR] ml_err_02: ValueError
File ""/usr/local/lib/python3.11/site-packages/sklearn/utils/_encode.py"", line 235, in _encode
    return _map_to_integer(values, uniques)
           ^^^^^^^^^^^^^^^^^^^^^^^^^^^^^^^^
  File ""/usr/local/lib/python3.11/site-packages/sklearn/utils/_encode.py"", line 174, in _map_to_integer
    return xp.asarray([table[v] for v in values], device=device(values))
                      ^^^^^^^^^^^^^^^^^^^^^^^^^^
  File ""/usr/local/lib/python3.11/site-packages/sklearn/utils/_encode.py"", line 174, in <listcomp>
    return xp.asarray([table[v] for v in values], device=device(values))
                       ~~~~~^^^
  File ""/usr/local/lib/python3.11/site-packages/sklearn/utils/_encode.py"", line 167, in __missing__
    raise KeyError(key)
KeyError: np.str_('elep')

During handling of the above exception, another exception occurred:


  File ""/app/errors/ml/__init__.py"", line 86, in _run_error_category
    error_func()
  File ""/app/errors/ml/preprocessing_errors.py"", line 34, in ml_err_02
    encoder.transform(['cat', 'elephant'])
  File ""/usr/local/lib/python3.11/site-packages/sklearn/preprocessing/_label.py"", line 134, in transform
    return _encode(y, uniques=self.classes_)
           ^^^^^^^^^^^^^^^^^^^^^^^^^^^^^^^^^
  File ""/usr/local/lib/python3.11/site-packages/sklearn/utils/_encode.py"", line 237, in _encode
    raise ValueError(f""y contains previously unseen labels: {e}"")
ValueError: y contains previously unseen labels: np.str_('elep')","def ml_err_02():
    """"""Categorical encoding unseen value""""""
    from sklearn.preprocessing import LabelEncoder
    encoder = LabelEncoder()
    encoder.fit(['cat', 'dog', 'bird'])
    encoder.transform(['cat', 'elephant'])




def _select_errors(range_pairs):
    selected = {}
    for name, func in AI_ERRORS.items():
        idx = _err_id(name)
        if any(start <= idx <= end for start, end in range_pairs):
            selected[name] = func
    return selected


",MLError
"2025-11-24T11:44:04.628575 [INFO] [ERROR] ml_err_03: ValueError
File ""/app/errors/ml/__init__.py"", line 86, in _run_error_category
    error_func()
  File ""/app/errors/ml/preprocessing_errors.py"", line 44, in ml_err_03
    enc.transform([['elephant']])
  File ""/usr/local/lib/python3.11/site-packages/sklearn/utils/_set_output.py"", line 316, in wrapped
    data_to_wrap = f(self, X, *args, **kwargs)
                   ^^^^^^^^^^^^^^^^^^^^^^^^^^^
  File ""/usr/local/lib/python3.11/site-packages/sklearn/preprocessing/_encoders.py"", line 1043, in transform
    X_int, X_mask = self._transform(
                    ^^^^^^^^^^^^^^^^
  File ""/usr/local/lib/python3.11/site-packages/sklearn/preprocessing/_encoders.py"", line 218, in _transform
    raise ValueError(msg)
ValueError: Found unknown categories ['elephant'] in column 0 during transform","def ml_err_03():
    """"""OneHotEncoder unseen category""""""
    from sklearn.preprocessing import OneHotEncoder
    import numpy as np
    enc = OneHotEncoder()
    X = np.array([['cat'], ['dog'], ['bird']])
    enc.fit(X)
    enc.transform([['elephant']])




def _select_errors(range_pairs):
    selected = {}
    for name, func in AI_ERRORS.items():
        idx = _err_id(name)
        if any(start <= idx <= end for start, end in range_pairs):
            selected[name] = func
    return selected


",MLError
"2025-11-24T11:44:04.788646 [INFO] [ERROR] ml_err_04: ValueError
File ""/app/errors/ml/__init__.py"", line 86, in _run_error_category
    error_func()
  File ""/app/errors/ml/preprocessing_errors.py"", line 53, in ml_err_04
    X_pca = pca.fit_transform(X)
            ^^^^^^^^^^^^^^^^^^^^
  File ""/usr/local/lib/python3.11/site-packages/sklearn/utils/_set_output.py"", line 316, in wrapped
    data_to_wrap = f(self, X, *args, **kwargs)
                   ^^^^^^^^^^^^^^^^^^^^^^^^^^^
  File ""/usr/local/lib/python3.11/site-packages/sklearn/base.py"", line 1365, in wrapper
    return fit_method(estimator, *args, **kwargs)
           ^^^^^^^^^^^^^^^^^^^^^^^^^^^^^^^^^^^^^^
  File ""/usr/local/lib/python3.11/site-packages/sklearn/decomposition/_pca.py"", line 466, in fit_transform
    U, S, _, X, x_is_centered, xp = self._fit(X)
                                    ^^^^^^^^^^^^
  File ""/usr/local/lib/python3.11/site-packages/sklearn/decomposition/_pca.py"", line 540, in _fit
    return self._fit_full(X, n_components, xp, is_array_api_compliant)
           ^^^^^^^^^^^^^^^^^^^^^^^^^^^^^^^^^^^^^^^^^^^^^^^^^^^^^^^^^^^
  File ""/usr/local/lib/python3.11/site-packages/sklearn/decomposition/_pca.py"", line 554, in _fit_full
    raise ValueError(
ValueError: n_components=20 must be between 0 and min(n_samples, n_features)=10 with svd_solver='full'","def ml_err_04():
    """"""PCA more components than features""""""
    import numpy as np
    from sklearn.decomposition import PCA
    X = np.random.randn(50, 10)
    pca = PCA(n_components=20)
    X_pca = pca.fit_transform(X)




def _select_errors(range_pairs):
    selected = {}
    for name, func in AI_ERRORS.items():
        idx = _err_id(name)
        if any(start <= idx <= end for start, end in range_pairs):
            selected[name] = func
    return selected


",MLError
"2025-11-24T11:44:04.790256 [INFO] [ERROR] ml_err_05: NotFittedError
File ""/app/errors/ml/__init__.py"", line 86, in _run_error_category
    error_func()
  File ""/app/errors/ml/preprocessing_errors.py"", line 62, in ml_err_05
    X_scaled = scaler.transform(X)
               ^^^^^^^^^^^^^^^^^^^
  File ""/usr/local/lib/python3.11/site-packages/sklearn/utils/_set_output.py"", line 316, in wrapped
    data_to_wrap = f(self, X, *args, **kwargs)
                   ^^^^^^^^^^^^^^^^^^^^^^^^^^^
  File ""/usr/local/lib/python3.11/site-packages/sklearn/preprocessing/_data.py"", line 1072, in transform
    check_is_fitted(self)
  File ""/usr/local/lib/python3.11/site-packages/sklearn/utils/validation.py"", line 1754, in check_is_fitted
    raise NotFittedError(msg % {""name"": type(estimator).__name__})
sklearn.exceptions.NotFittedError: This StandardScaler instance is not fitted yet. Call 'fit' with appropriate arguments before using this estimator.","def ml_err_05():
    """"""Scaler transform before fit""""""
    import numpy as np
    from sklearn.preprocessing import StandardScaler
    X = np.random.randn(100, 5)
    scaler = StandardScaler()
    X_scaled = scaler.transform(X)




def _select_errors(range_pairs):
    selected = {}
    for name, func in AI_ERRORS.items():
        idx = _err_id(name)
        if any(start <= idx <= end for start, end in range_pairs):
            selected[name] = func
    return selected


",MLError
"2025-11-24T11:44:04.800694 [INFO] [ERROR] ml_err_06: ValueError
File ""/app/errors/ml/__init__.py"", line 86, in _run_error_category
    error_func()
  File ""/app/errors/ml/preprocessing_errors.py"", line 71, in ml_err_06
    scaler.fit_transform(df)
  File ""/usr/local/lib/python3.11/site-packages/sklearn/utils/_set_output.py"", line 316, in wrapped
    data_to_wrap = f(self, X, *args, **kwargs)
                   ^^^^^^^^^^^^^^^^^^^^^^^^^^^
  File ""/usr/local/lib/python3.11/site-packages/sklearn/base.py"", line 894, in fit_transform
    return self.fit(X, **fit_params).transform(X)
           ^^^^^^^^^^^^^^^^^^^^^^^^^
  File ""/usr/local/lib/python3.11/site-packages/sklearn/preprocessing/_data.py"", line 454, in fit
    return self.partial_fit(X, y)
           ^^^^^^^^^^^^^^^^^^^^^^
  File ""/usr/local/lib/python3.11/site-packages/sklearn/base.py"", line 1365, in wrapper
    return fit_method(estimator, *args, **kwargs)
           ^^^^^^^^^^^^^^^^^^^^^^^^^^^^^^^^^^^^^^
  File ""/usr/local/lib/python3.11/site-packages/sklearn/preprocessing/_data.py"", line 494, in partial_fit
    X = validate_data(
        ^^^^^^^^^^^^^^
  File ""/usr/local/lib/python3.11/site-packages/sklearn/utils/validation.py"", line 2954, in validate_data
    out = check_array(X, input_name=""X"", **check_params)
          ^^^^^^^^^^^^^^^^^^^^^^^^^^^^^^^^^^^^^^^^^^^^^^
  File ""/usr/local/lib/python3.11/site-packages/sklearn/utils/validation.py"", line 1053, in check_array
    array = _asarray_with_order(array, order=order, dtype=dtype, xp=xp)
            ^^^^^^^^^^^^^^^^^^^^^^^^^^^^^^^^^^^^^^^^^^^^^^^^^^^^^^^^^^^
  File ""/usr/local/lib/python3.11/site-packages/sklearn/utils/_array_api.py"", line 757, in _asarray_with_order
    array = numpy.asarray(array, order=order, dtype=dtype)
            ^^^^^^^^^^^^^^^^^^^^^^^^^^^^^^^^^^^^^^^^^^^^^^
  File ""/usr/local/lib/python3.11/site-packages/pandas/core/generic.py"", line 2171, in __array__
    arr = np.asarray(values, dtype=dtype)
          ^^^^^^^^^^^^^^^^^^^^^^^^^^^^^^^
ValueError: could not convert string to float: 'a'","def ml_err_06():
    """"""MinMaxScaler with string data""""""
    import pandas as pd
    from sklearn.preprocessing import MinMaxScaler
    df = pd.DataFrame({'col': ['a', 'b', 'c']})
    scaler = MinMaxScaler()
    scaler.fit_transform(df)




def _select_errors(range_pairs):
    selected = {}
    for name, func in AI_ERRORS.items():
        idx = _err_id(name)
        if any(start <= idx <= end for start, end in range_pairs):
            selected[name] = func
    return selected


",MLError
"2025-11-24T11:44:04.805148 [INFO] [ERROR] ml_err_08: ValueError
File ""/app/errors/ml/__init__.py"", line 86, in _run_error_category
    error_func()
  File ""/app/errors/ml/preprocessing_errors.py"", line 90, in ml_err_08
    X_test_poly = poly.transform(X_test)
                  ^^^^^^^^^^^^^^^^^^^^^^
  File ""/usr/local/lib/python3.11/site-packages/sklearn/utils/_set_output.py"", line 316, in wrapped
    data_to_wrap = f(self, X, *args, **kwargs)
                   ^^^^^^^^^^^^^^^^^^^^^^^^^^^
  File ""/usr/local/lib/python3.11/site-packages/sklearn/preprocessing/_polynomial.py"", line 419, in transform
    X = validate_data(
        ^^^^^^^^^^^^^^
  File ""/usr/local/lib/python3.11/site-packages/sklearn/utils/validation.py"", line 2954, in validate_data
    out = check_array(X, input_name=""X"", **check_params)
          ^^^^^^^^^^^^^^^^^^^^^^^^^^^^^^^^^^^^^^^^^^^^^^
  File ""/usr/local/lib/python3.11/site-packages/sklearn/utils/validation.py"", line 1091, in check_array
    raise ValueError(msg)
ValueError: Expected 2D array, got 1D array instead:
array=[1. 2. 3.].
Reshape your data either using array.reshape(-1, 1) if your data has a single feature or array.reshape(1, -1) if it contains a single sample.","def ml_err_08():
    """"""Polynomial features wrong shape""""""
    import numpy as np
    from sklearn.preprocessing import PolynomialFeatures
    X = np.array([[1, 2], [3, 4]])
    poly = PolynomialFeatures(degree=2)
    X_poly = poly.fit_transform(X)
    X_test = np.array([1, 2, 3])
    X_test_poly = poly.transform(X_test)




def _select_errors(range_pairs):
    selected = {}
    for name, func in AI_ERRORS.items():
        idx = _err_id(name)
        if any(start <= idx <= end for start, end in range_pairs):
            selected[name] = func
    return selected


",MLError
"2025-11-24T11:44:04.806887 [INFO] [ERROR] ml_err_09: ValueError
File ""/app/errors/ml/__init__.py"", line 86, in _run_error_category
    error_func()
  File ""/app/errors/ml/preprocessing_errors.py"", line 99, in ml_err_09
    scaler.fit(X)
  File ""/usr/local/lib/python3.11/site-packages/sklearn/base.py"", line 1365, in wrapper
    return fit_method(estimator, *args, **kwargs)
           ^^^^^^^^^^^^^^^^^^^^^^^^^^^^^^^^^^^^^^
  File ""/usr/local/lib/python3.11/site-packages/sklearn/preprocessing/_data.py"", line 1638, in fit
    X = validate_data(
        ^^^^^^^^^^^^^^
  File ""/usr/local/lib/python3.11/site-packages/sklearn/utils/validation.py"", line 2954, in validate_data
    out = check_array(X, input_name=""X"", **check_params)
          ^^^^^^^^^^^^^^^^^^^^^^^^^^^^^^^^^^^^^^^^^^^^^^
  File ""/usr/local/lib/python3.11/site-packages/sklearn/utils/validation.py"", line 1128, in check_array
    raise ValueError(
ValueError: Found array with 0 sample(s) (shape=(0, 5)) while a minimum of 1 is required by RobustScaler.","def ml_err_09():
    """"""RobustScaler on empty data""""""
    import numpy as np
    from sklearn.preprocessing import RobustScaler
    X = np.array([]).reshape(0, 5)
    scaler = RobustScaler()
    scaler.fit(X)




def _select_errors(range_pairs):
    selected = {}
    for name, func in AI_ERRORS.items():
        idx = _err_id(name)
        if any(start <= idx <= end for start, end in range_pairs):
            selected[name] = func
    return selected


",MLError
"2025-11-24T11:44:04.838172 [INFO] [ERROR] ml_err_10: ValueError
File ""/app/errors/ml/__init__.py"", line 86, in _run_error_category
    error_func()
  File ""/app/errors/ml/preprocessing_errors.py"", line 108, in ml_err_10
    imputer.fit_transform(df)
  File ""/usr/local/lib/python3.11/site-packages/sklearn/utils/_set_output.py"", line 316, in wrapped
    data_to_wrap = f(self, X, *args, **kwargs)
                   ^^^^^^^^^^^^^^^^^^^^^^^^^^^
  File ""/usr/local/lib/python3.11/site-packages/sklearn/base.py"", line 894, in fit_transform
    return self.fit(X, **fit_params).transform(X)
           ^^^^^^^^^^^^^^^^^^^^^^^^^
  File ""/usr/local/lib/python3.11/site-packages/sklearn/base.py"", line 1365, in wrapper
    return fit_method(estimator, *args, **kwargs)
           ^^^^^^^^^^^^^^^^^^^^^^^^^^^^^^^^^^^^^^
  File ""/usr/local/lib/python3.11/site-packages/sklearn/impute/_base.py"", line 452, in fit
    X = self._validate_input(X, in_fit=True)
        ^^^^^^^^^^^^^^^^^^^^^^^^^^^^^^^^^^^^
  File ""/usr/local/lib/python3.11/site-packages/sklearn/impute/_base.py"", line 377, in _validate_input
    raise new_ve from None
ValueError: Cannot use mean strategy with non-numeric data:
could not convert string to float: 'a'","def ml_err_10():
    """"""Imputer incompatible strategy""""""
    import pandas as pd
    from sklearn.impute import SimpleImputer
    df = pd.DataFrame({'col': ['a', 'b', 'c']})
    imputer = SimpleImputer(strategy='mean')
    imputer.fit_transform(df)




def _select_errors(range_pairs):
    selected = {}
    for name, func in AI_ERRORS.items():
        idx = _err_id(name)
        if any(start <= idx <= end for start, end in range_pairs):
            selected[name] = func
    return selected


",MLError
"2025-11-24T11:44:04.846504 [INFO] [ERROR] ml_err_101: ValueError
File ""/app/errors/ml/__init__.py"", line 86, in _run_error_category
    error_func()
  File ""/app/errors/ml/nextgen_errors.py"", line 13, in ml_err_101
    enc.transform(serve[[""plan""]]).toarray()
    ^^^^^^^^^^^^^^^^^^^^^^^^^^^^^^
  File ""/usr/local/lib/python3.11/site-packages/sklearn/utils/_set_output.py"", line 316, in wrapped
    data_to_wrap = f(self, X, *args, **kwargs)
                   ^^^^^^^^^^^^^^^^^^^^^^^^^^^
  File ""/usr/local/lib/python3.11/site-packages/sklearn/preprocessing/_encoders.py"", line 1043, in transform
    X_int, X_mask = self._transform(
                    ^^^^^^^^^^^^^^^^
  File ""/usr/local/lib/python3.11/site-packages/sklearn/preprocessing/_encoders.py"", line 218, in _transform
    raise ValueError(msg)
ValueError: Found unknown categories ['enterprise'] in column 0 during transform","def ml_err_101():
    """"""Schema evolution introduces unseen categorical level at inference.""""""
    import pandas as pd
    from sklearn.preprocessing import OneHotEncoder
    train = pd.DataFrame({""plan"": [""basic"", ""pro""]})
    serve = pd.DataFrame({""plan"": [""enterprise""]})
    enc = OneHotEncoder(handle_unknown=""error"").fit(train[[""plan""]])
    enc.transform(serve[[""plan""]]).toarray()




def _select_errors(range_pairs):
    selected = {}
    for name, func in AI_ERRORS.items():
        idx = _err_id(name)
        if any(start <= idx <= end for start, end in range_pairs):
            selected[name] = func
    return selected


",MLError
"2025-11-24T11:44:04.850149 [INFO] [ERROR] ml_err_102: KeyError
File ""/app/errors/ml/__init__.py"", line 86, in _run_error_category
    error_func()
  File ""/app/errors/ml/nextgen_errors.py"", line 21, in ml_err_102
    pd.merge(a, b, on=""user_id"")
  File ""/usr/local/lib/python3.11/site-packages/pandas/core/reshape/merge.py"", line 170, in merge
    op = _MergeOperation(
         ^^^^^^^^^^^^^^^^
  File ""/usr/local/lib/python3.11/site-packages/pandas/core/reshape/merge.py"", line 794, in __init__
    ) = self._get_merge_keys()
        ^^^^^^^^^^^^^^^^^^^^^^
  File ""/usr/local/lib/python3.11/site-packages/pandas/core/reshape/merge.py"", line 1298, in _get_merge_keys
    right_keys.append(right._get_label_or_level_values(rk))
                      ^^^^^^^^^^^^^^^^^^^^^^^^^^^^^^^^^^^^
  File ""/usr/local/lib/python3.11/site-packages/pandas/core/generic.py"", line 1914, in _get_label_or_level_values
    raise KeyError(key)
KeyError: 'user_id'","def ml_err_102():
    """"""Join between feature tables drops mandatory key column.""""""
    import pandas as pd
    a = pd.DataFrame({""user_id"": [1, 2], ""age"": [20, 30]})
    b = pd.DataFrame({""uid"": [1, 2], ""spend"": [100, 200]})
    pd.merge(a, b, on=""user_id"")




def _select_errors(range_pairs):
    selected = {}
    for name, func in AI_ERRORS.items():
        idx = _err_id(name)
        if any(start <= idx <= end for start, end in range_pairs):
            selected[name] = func
    return selected


",MLError
"2025-11-24T11:44:04.857646 [INFO] [ERROR] ml_err_104: TypeError
File ""/app/errors/ml/__init__.py"", line 86, in _run_error_category
    error_func()
  File ""/app/errors/ml/nextgen_errors.py"", line 43, in ml_err_104
    FeatureUnion([(""f1"", f1), (""f2"", f2)]).fit_transform([[1], [2]])
  File ""/usr/local/lib/python3.11/site-packages/sklearn/utils/_set_output.py"", line 316, in wrapped
    data_to_wrap = f(self, X, *args, **kwargs)
                   ^^^^^^^^^^^^^^^^^^^^^^^^^^^
  File ""/usr/local/lib/python3.11/site-packages/sklearn/pipeline.py"", line 1963, in fit_transform
    results = self._parallel_func(X, y, _fit_transform_one, routed_params)
              ^^^^^^^^^^^^^^^^^^^^^^^^^^^^^^^^^^^^^^^^^^^^^^^^^^^^^^^^^^^^
  File ""/usr/local/lib/python3.11/site-packages/sklearn/pipeline.py"", line 1981, in _parallel_func
    self._validate_transformers()
  File ""/usr/local/lib/python3.11/site-packages/sklearn/pipeline.py"", line 1763, in _validate_transformers
    raise TypeError(
TypeError: All estimators should implement fit and transform. '<function ml_err_104.<locals>.f1 at 0x7c8adcda8c20>' (type <class 'function'>) doesn't","def ml_err_104():
    """"""FeatureUnion returns arrays with inconsistent widths.""""""
    import numpy as np
    from sklearn.pipeline import FeatureUnion



def _select_errors(range_pairs):
    selected = {}
    for name, func in AI_ERRORS.items():
        idx = _err_id(name)
        if any(start <= idx <= end for start, end in range_pairs):
            selected[name] = func
    return selected


",MLError
"2025-11-24T11:44:04.868343 [INFO] [ERROR] ml_err_106: ValueError
File ""/app/errors/ml/__init__.py"", line 86, in _run_error_category
    error_func()
  File ""/app/errors/ml/nextgen_errors.py"", line 56, in ml_err_106
    pd.to_datetime([""2024-01-01T00:00:00Z"", ""2024-01-02 01:00:00""])
  File ""/usr/local/lib/python3.11/site-packages/pandas/core/tools/datetimes.py"", line 1104, in to_datetime
    result = convert_listlike(argc, format)
             ^^^^^^^^^^^^^^^^^^^^^^^^^^^^^^
  File ""/usr/local/lib/python3.11/site-packages/pandas/core/tools/datetimes.py"", line 435, in _convert_listlike_datetimes
    return _array_strptime_with_fallback(arg, name, utc, format, exact, errors)
           ^^^^^^^^^^^^^^^^^^^^^^^^^^^^^^^^^^^^^^^^^^^^^^^^^^^^^^^^^^^^^^^^^^^^
  File ""/usr/local/lib/python3.11/site-packages/pandas/core/tools/datetimes.py"", line 469, in _array_strptime_with_fallback
    result, tz_out = array_strptime(arg, fmt, exact=exact, errors=errors, utc=utc)
                     ^^^^^^^^^^^^^^^^^^^^^^^^^^^^^^^^^^^^^^^^^^^^^^^^^^^^^^^^^^^^^
  File ""pandas/_libs/tslibs/strptime.pyx"", line 501, in pandas._libs.tslibs.strptime.array_strptime
  File ""pandas/_libs/tslibs/strptime.pyx"", line 451, in pandas._libs.tslibs.strptime.array_strptime
  File ""pandas/_libs/tslibs/strptime.pyx"", line 583, in pandas._libs.tslibs.strptime._parse_with_format
ValueError: time data ""2024-01-02 01:00:00"" doesn't match format ""%Y-%m-%dT%H:%M:%S%z"", at position 1. You might want to try:
    - passing `format` if your strings have a consistent format;
    - passing `format='ISO8601'` if your strings are all ISO8601 but not necessarily in exactly the same format;
    - passing `format='mixed'`, and the format will be inferred for each element individually. You might want to use `dayfirst` alongside this.","def ml_err_106():
    """"""Datetime parser rejects mix of timezone-aware and naive strings.""""""
    import pandas as pd
    pd.to_datetime([""2024-01-01T00:00:00Z"", ""2024-01-02 01:00:00""])




def _select_errors(range_pairs):
    selected = {}
    for name, func in AI_ERRORS.items():
        idx = _err_id(name)
        if any(start <= idx <= end for start, end in range_pairs):
            selected[name] = func
    return selected


",MLError
"2025-11-24T11:44:04.878608 [INFO] [ERROR] ml_err_107: ValueError
File ""/usr/local/lib/python3.11/site-packages/pandas/core/indexes/base.py"", line 3812, in get_loc
    return self._engine.get_loc(casted_key)
           ^^^^^^^^^^^^^^^^^^^^^^^^^^^^^^^^
  File ""pandas/_libs/index.pyx"", line 167, in pandas._libs.index.IndexEngine.get_loc
  File ""pandas/_libs/index.pyx"", line 196, in pandas._libs.index.IndexEngine.get_loc
  File ""pandas/_libs/hashtable_class_helper.pxi"", line 7088, in pandas._libs.hashtable.PyObjectHashTable.get_item
  File ""pandas/_libs/hashtable_class_helper.pxi"", line 7096, in pandas._libs.hashtable.PyObjectHashTable.get_item
KeyError: 'missing_col'

The above exception was the direct cause of the following exception:


  File ""/usr/local/lib/python3.11/site-packages/sklearn/utils/_indexing.py"", line 443, in _get_column_indices
    col_idx = all_columns.get_loc(col)
              ^^^^^^^^^^^^^^^^^^^^^^^^
  File ""/usr/local/lib/python3.11/site-packages/pandas/core/indexes/base.py"", line 3819, in get_loc
    raise KeyError(key) from err
KeyError: 'missing_col'

The above exception was the direct cause of the following exception:


  File ""/app/errors/ml/__init__.py"", line 86, in _run_error_category
    error_func()
  File ""/app/errors/ml/nextgen_errors.py"", line 65, in ml_err_107
    .fit_transform(df)
     ^^^^^^^^^^^^^^^^^
  File ""/usr/local/lib/python3.11/site-packages/sklearn/utils/_set_output.py"", line 316, in wrapped
    data_to_wrap = f(self, X, *args, **kwargs)
                   ^^^^^^^^^^^^^^^^^^^^^^^^^^^
  File ""/usr/local/lib/python3.11/site-packages/sklearn/base.py"", line 1365, in wrapper
    return fit_method(estimator, *args, **kwargs)
           ^^^^^^^^^^^^^^^^^^^^^^^^^^^^^^^^^^^^^^
  File ""/usr/local/lib/python3.11/site-packages/sklearn/compose/_column_transformer.py"", line 988, in fit_transform
    self._validate_column_callables(X)
  File ""/usr/local/lib/python3.11/site-packages/sklearn/compose/_column_transformer.py"", line 541, in _validate_column_callables
    transformer_to_input_indices[name] = _get_column_indices(X, columns)
                                         ^^^^^^^^^^^^^^^^^^^^^^^^^^^^^^^
  File ""/usr/local/lib/python3.11/site-packages/sklearn/utils/_indexing.py"", line 451, in _get_column_indices
    raise ValueError(""A given column is not a column of the dataframe"") from e
ValueError: A given column is not a column of the dataframe","def ml_err_107():
    """"""ColumnTransformer references column dropped by previous step.""""""
    from sklearn.compose import ColumnTransformer
    import pandas as pd
    df = pd.DataFrame({""num"": [1, 2], ""cat"": [""a"", ""b""]})
    ColumnTransformer([(""nums"", ""passthrough"", [""num"", ""missing_col""])])\
        .fit_transform(df)




def _select_errors(range_pairs):
    selected = {}
    for name, func in AI_ERRORS.items():
        idx = _err_id(name)
        if any(start <= idx <= end for start, end in range_pairs):
            selected[name] = func
    return selected


",MLError
"2025-11-24T11:44:04.883534 [INFO] [ERROR] ml_err_109: ValueError
File ""/app/errors/ml/__init__.py"", line 86, in _run_error_category
    error_func()
  File ""/app/errors/ml/nextgen_errors.py"", line 80, in ml_err_109
    PCA(n_components=5).fit_transform(np.random.rand(3, 4))
  File ""/usr/local/lib/python3.11/site-packages/sklearn/utils/_set_output.py"", line 316, in wrapped
    data_to_wrap = f(self, X, *args, **kwargs)
                   ^^^^^^^^^^^^^^^^^^^^^^^^^^^
  File ""/usr/local/lib/python3.11/site-packages/sklearn/base.py"", line 1365, in wrapper
    return fit_method(estimator, *args, **kwargs)
           ^^^^^^^^^^^^^^^^^^^^^^^^^^^^^^^^^^^^^^
  File ""/usr/local/lib/python3.11/site-packages/sklearn/decomposition/_pca.py"", line 466, in fit_transform
    U, S, _, X, x_is_centered, xp = self._fit(X)
                                    ^^^^^^^^^^^^
  File ""/usr/local/lib/python3.11/site-packages/sklearn/decomposition/_pca.py"", line 540, in _fit
    return self._fit_full(X, n_components, xp, is_array_api_compliant)
           ^^^^^^^^^^^^^^^^^^^^^^^^^^^^^^^^^^^^^^^^^^^^^^^^^^^^^^^^^^^
  File ""/usr/local/lib/python3.11/site-packages/sklearn/decomposition/_pca.py"", line 554, in _fit_full
    raise ValueError(
ValueError: n_components=5 must be between 0 and min(n_samples, n_features)=3 with svd_solver='full'","def ml_err_109():
    """"""PCA requested with more components than available samples.""""""
    import numpy as np
    from sklearn.decomposition import PCA
    PCA(n_components=5).fit_transform(np.random.rand(3, 4))




def _select_errors(range_pairs):
    selected = {}
    for name, func in AI_ERRORS.items():
        idx = _err_id(name)
        if any(start <= idx <= end for start, end in range_pairs):
            selected[name] = func
    return selected


",MLError
"2025-11-24T11:44:04.885556 [INFO] [ERROR] ml_err_110: ValueError
File ""/app/errors/ml/__init__.py"", line 86, in _run_error_category
    error_func()
  File ""/app/errors/ml/nextgen_errors.py"", line 87, in ml_err_110
    MinMaxScaler(feature_range=(1, -1)).fit_transform(np.random.rand(5, 2))
  File ""/usr/local/lib/python3.11/site-packages/sklearn/utils/_set_output.py"", line 316, in wrapped
    data_to_wrap = f(self, X, *args, **kwargs)
                   ^^^^^^^^^^^^^^^^^^^^^^^^^^^
  File ""/usr/local/lib/python3.11/site-packages/sklearn/base.py"", line 894, in fit_transform
    return self.fit(X, **fit_params).transform(X)
           ^^^^^^^^^^^^^^^^^^^^^^^^^
  File ""/usr/local/lib/python3.11/site-packages/sklearn/preprocessing/_data.py"", line 454, in fit
    return self.partial_fit(X, y)
           ^^^^^^^^^^^^^^^^^^^^^^
  File ""/usr/local/lib/python3.11/site-packages/sklearn/base.py"", line 1365, in wrapper
    return fit_method(estimator, *args, **kwargs)
           ^^^^^^^^^^^^^^^^^^^^^^^^^^^^^^^^^^^^^^
  File ""/usr/local/lib/python3.11/site-packages/sklearn/preprocessing/_data.py"", line 480, in partial_fit
    raise ValueError(
ValueError: Minimum of desired feature range must be smaller than maximum. Got (1, -1).","def ml_err_110():
    """"""MinMaxScaler receives inverted feature_range.""""""
    import numpy as np
    from sklearn.preprocessing import MinMaxScaler
    MinMaxScaler(feature_range=(1, -1)).fit_transform(np.random.rand(5, 2))




def _select_errors(range_pairs):
    selected = {}
    for name, func in AI_ERRORS.items():
        idx = _err_id(name)
        if any(start <= idx <= end for start, end in range_pairs):
            selected[name] = func
    return selected


",MLError
"2025-11-24T11:44:04.888390 [INFO] [ERROR] ml_err_111: LinAlgError
File ""/app/errors/ml/__init__.py"", line 86, in _run_error_category
    error_func()
  File ""/app/errors/ml/nextgen_errors.py"", line 93, in ml_err_111
    np.linalg.inv(np.ones((3, 4)))
  File ""/usr/local/lib/python3.11/site-packages/numpy/linalg/_linalg.py"", line 663, in inv
    _assert_stacked_square(a)
  File ""/usr/local/lib/python3.11/site-packages/numpy/linalg/_linalg.py"", line 264, in _assert_stacked_square
    raise LinAlgError('Last 2 dimensions of the array must be square')
numpy.linalg.LinAlgError: Last 2 dimensions of the array must be square","def ml_err_111():
    """"""Graph adjacency matrix must be square.""""""
    import numpy as np
    np.linalg.inv(np.ones((3, 4)))




def _select_errors(range_pairs):
    selected = {}
    for name, func in AI_ERRORS.items():
        idx = _err_id(name)
        if any(start <= idx <= end for start, end in range_pairs):
            selected[name] = func
    return selected


",MLError
"2025-11-24T11:44:04.890198 [INFO] [ERROR] ml_err_112: RuntimeError
File ""/app/errors/ml/__init__.py"", line 86, in _run_error_category
    error_func()
  File ""/app/errors/ml/nextgen_errors.py"", line 101, in ml_err_112
    raise RuntimeError(""Feature snapshot timestamps not monotonic"")
RuntimeError: Feature snapshot timestamps not monotonic","def ml_err_112():
    """"""Feature store snapshot violates monotonic timestamp expectation.""""""
    import pandas as pd
    df = pd.DataFrame({""ts"": [2, 1], ""value"": [10, 20]})
    if not df[""ts""].is_monotonic_increasing:
        raise RuntimeError(""Feature snapshot timestamps not monotonic"")




def _select_errors(range_pairs):
    selected = {}
    for name, func in AI_ERRORS.items():
        idx = _err_id(name)
        if any(start <= idx <= end for start, end in range_pairs):
            selected[name] = func
    return selected


",MLError
"2025-11-24T11:44:04.899414 [INFO] [ERROR] ml_err_113: NotFittedError
File ""/app/errors/ml/__init__.py"", line 86, in _run_error_category
    error_func()
  File ""/app/errors/ml/nextgen_errors.py"", line 107, in ml_err_113
    CountVectorizer().transform([""hello world""])
  File ""/usr/local/lib/python3.11/site-packages/sklearn/feature_extraction/text.py"", line 1419, in transform
    self._check_vocabulary()
  File ""/usr/local/lib/python3.11/site-packages/sklearn/feature_extraction/text.py"", line 501, in _check_vocabulary
    raise NotFittedError(""Vocabulary not fitted or provided"")
sklearn.exceptions.NotFittedError: Vocabulary not fitted or provided","def ml_err_113():
    """"""Text vectorizer invoked before fitting vocabulary.""""""
    from sklearn.feature_extraction.text import CountVectorizer
    CountVectorizer().transform([""hello world""])




def _select_errors(range_pairs):
    selected = {}
    for name, func in AI_ERRORS.items():
        idx = _err_id(name)
        if any(start <= idx <= end for start, end in range_pairs):
            selected[name] = func
    return selected


",MLError
"2025-11-24T11:44:04.901753 [INFO] [ERROR] ml_err_114: JSONDecodeError
File ""/app/errors/ml/__init__.py"", line 86, in _run_error_category
    error_func()
  File ""/app/errors/ml/nextgen_errors.py"", line 113, in ml_err_114
    json.loads(""{"")
  File ""/usr/local/lib/python3.11/json/__init__.py"", line 346, in loads
    return _default_decoder.decode(s)
           ^^^^^^^^^^^^^^^^^^^^^^^^^^
  File ""/usr/local/lib/python3.11/json/decoder.py"", line 337, in decode
    obj, end = self.raw_decode(s, idx=_w(s, 0).end())
               ^^^^^^^^^^^^^^^^^^^^^^^^^^^^^^^^^^^^^^
  File ""/usr/local/lib/python3.11/json/decoder.py"", line 353, in raw_decode
    obj, end = self.scan_once(s, idx)
               ^^^^^^^^^^^^^^^^^^^^^^
json.decoder.JSONDecodeError: Expecting property name enclosed in double quotes: line 1 column 2 (char 1)","def ml_err_114():
    """"""JSON loader fails due to malformed document.""""""
    import json
    json.loads(""{"")




def _select_errors(range_pairs):
    selected = {}
    for name, func in AI_ERRORS.items():
        idx = _err_id(name)
        if any(start <= idx <= end for start, end in range_pairs):
            selected[name] = func
    return selected


",PythonError
"2025-11-24T11:44:04.909798 [INFO] [ERROR] ml_err_115: ValueError
File ""pandas/_libs/tslibs/offsets.pyx"", line 4776, in pandas._libs.tslibs.offsets._get_offset
KeyError: 'X'

During handling of the above exception, another exception occurred:


  File ""pandas/_libs/tslibs/offsets.pyx"", line 4946, in pandas._libs.tslibs.offsets.to_offset
  File ""pandas/_libs/tslibs/offsets.pyx"", line 4782, in pandas._libs.tslibs.offsets._get_offset
ValueError: Invalid frequency: X, failed to parse with error message: KeyError('X')

During handling of the above exception, another exception occurred:


  File ""/app/errors/ml/__init__.py"", line 86, in _run_error_category
    error_func()
  File ""/app/errors/ml/nextgen_errors.py"", line 120, in ml_err_115
    series.resample(""1X"").mean()
    ^^^^^^^^^^^^^^^^^^^^^
  File ""/usr/local/lib/python3.11/site-packages/pandas/core/generic.py"", line 9834, in resample
    return get_resampler(
           ^^^^^^^^^^^^^^
  File ""/usr/local/lib/python3.11/site-packages/pandas/core/resample.py"", line 2043, in get_resampler
    tg = TimeGrouper(obj, **kwds)  # type: ignore[arg-type]
         ^^^^^^^^^^^^^^^^^^^^^^^^
  File ""/usr/local/lib/python3.11/site-packages/pandas/core/resample.py"", line 2137, in __init__
    freq = to_offset(freq)
           ^^^^^^^^^^^^^^^
  File ""pandas/_libs/tslibs/offsets.pyx"", line 4791, in pandas._libs.tslibs.offsets.to_offset
  File ""pandas/_libs/tslibs/offsets.pyx"", line 4954, in pandas._libs.tslibs.offsets.to_offset
ValueError: Invalid frequency: 1X, failed to parse with error message: ValueError(""Invalid frequency: X, failed to parse with error message: KeyError('X')"")","def ml_err_115():
    """"""Time-series resampler uses unsupported frequency alias.""""""
    import pandas as pd
    series = pd.Series(range(10), index=pd.date_range(""2024-01-01"", periods=10, freq=""H""))
    series.resample(""1X"").mean()




def _select_errors(range_pairs):
    selected = {}
    for name, func in AI_ERRORS.items():
        idx = _err_id(name)
        if any(start <= idx <= end for start, end in range_pairs):
            selected[name] = func
    return selected


",MLError
"2025-11-24T11:44:04.919597 [INFO] [ERROR] ml_err_117: ValueError
File ""/app/errors/ml/__init__.py"", line 86, in _run_error_category
    error_func()
  File ""/app/errors/ml/nextgen_errors.py"", line 137, in ml_err_117
    raise ValueError(""Duplicate IDs detected after merge"")
ValueError: Duplicate IDs detected after merge","def ml_err_117():
    """"""Duplicate IDs detected after merge guard.""""""
    import pandas as pd
    left = pd.DataFrame({""id"": [1, 1], ""value"": [10, 20]})
    right = pd.DataFrame({""id"": [1], ""flag"": [True]})
    merged = left.merge(right, on=""id"")
    if merged[""id""].duplicated().any():
        raise ValueError(""Duplicate IDs detected after merge"")




def _select_errors(range_pairs):
    selected = {}
    for name, func in AI_ERRORS.items():
        idx = _err_id(name)
        if any(start <= idx <= end for start, end in range_pairs):
            selected[name] = func
    return selected


",MLError
"2025-11-24T11:44:04.921802 [INFO] [ERROR] ml_err_118: ValueError
File ""/app/errors/ml/__init__.py"", line 86, in _run_error_category
    error_func()
  File ""/app/errors/ml/nextgen_errors.py"", line 145, in ml_err_118
    enc.transform([[""critical""]])
  File ""/usr/local/lib/python3.11/site-packages/sklearn/utils/_set_output.py"", line 316, in wrapped
    data_to_wrap = f(self, X, *args, **kwargs)
                   ^^^^^^^^^^^^^^^^^^^^^^^^^^^
  File ""/usr/local/lib/python3.11/site-packages/sklearn/preprocessing/_encoders.py"", line 1597, in transform
    X_int, X_mask = self._transform(
                    ^^^^^^^^^^^^^^^^
  File ""/usr/local/lib/python3.11/site-packages/sklearn/preprocessing/_encoders.py"", line 218, in _transform
    raise ValueError(msg)
ValueError: Found unknown categories ['critical'] in column 0 during transform","def ml_err_118():
    """"""OrdinalEncoder receives category outside predefined order.""""""
    from sklearn.preprocessing import OrdinalEncoder
    enc = OrdinalEncoder(categories=[[""low"", ""medium"", ""high""]])
    enc.fit([[""low""], [""medium""]])
    enc.transform([[""critical""]])




def _select_errors(range_pairs):
    selected = {}
    for name, func in AI_ERRORS.items():
        idx = _err_id(name)
        if any(start <= idx <= end for start, end in range_pairs):
            selected[name] = func
    return selected


",MLError
"2025-11-24T11:44:04.923808 [INFO] [ERROR] ml_err_119: ValueError
File ""/app/errors/ml/__init__.py"", line 86, in _run_error_category
    error_func()
  File ""/app/errors/ml/nextgen_errors.py"", line 152, in ml_err_119
    PowerTransformer(method=""box-cox"").fit_transform(np.array([[0.0], [1.0]]))
  File ""/usr/local/lib/python3.11/site-packages/sklearn/utils/_set_output.py"", line 316, in wrapped
    data_to_wrap = f(self, X, *args, **kwargs)
                   ^^^^^^^^^^^^^^^^^^^^^^^^^^^
  File ""/usr/local/lib/python3.11/site-packages/sklearn/base.py"", line 1365, in wrapper
    return fit_method(estimator, *args, **kwargs)
           ^^^^^^^^^^^^^^^^^^^^^^^^^^^^^^^^^^^^^^
  File ""/usr/local/lib/python3.11/site-packages/sklearn/preprocessing/_data.py"", line 3337, in fit_transform
    return self._fit(X, y, force_transform=True)
           ^^^^^^^^^^^^^^^^^^^^^^^^^^^^^^^^^^^^^
  File ""/usr/local/lib/python3.11/site-packages/sklearn/preprocessing/_data.py"", line 3340, in _fit
    X = self._check_input(X, in_fit=True, check_positive=True)
        ^^^^^^^^^^^^^^^^^^^^^^^^^^^^^^^^^^^^^^^^^^^^^^^^^^^^^^
  File ""/usr/local/lib/python3.11/site-packages/sklearn/preprocessing/_data.py"", line 3581, in _check_input
    raise ValueError(
ValueError: The Box-Cox transformation can only be applied to strictly positive data","def ml_err_119():
    """"""PowerTransformer invoked on data containing zeros using box-cox.""""""
    import numpy as np
    from sklearn.preprocessing import PowerTransformer
    PowerTransformer(method=""box-cox"").fit_transform(np.array([[0.0], [1.0]]))




def _select_errors(range_pairs):
    selected = {}
    for name, func in AI_ERRORS.items():
        idx = _err_id(name)
        if any(start <= idx <= end for start, end in range_pairs):
            selected[name] = func
    return selected


",MLError
"2025-11-24T11:44:04.931422 [INFO] [ERROR] ml_err_12: ValueError
File ""/app/errors/ml/__init__.py"", line 86, in _run_error_category
    error_func()
  File ""/app/errors/ml/preprocessing_errors.py"", line 127, in ml_err_12
    cross_val_score(LinearRegression(), X, y, cv=10)
  File ""/usr/local/lib/python3.11/site-packages/sklearn/utils/_param_validation.py"", line 218, in wrapper
    return func(*args, **kwargs)
           ^^^^^^^^^^^^^^^^^^^^^
  File ""/usr/local/lib/python3.11/site-packages/sklearn/model_selection/_validation.py"", line 677, in cross_val_score
    cv_results = cross_validate(
                 ^^^^^^^^^^^^^^^
  File ""/usr/local/lib/python3.11/site-packages/sklearn/utils/_param_validation.py"", line 218, in wrapper
    return func(*args, **kwargs)
           ^^^^^^^^^^^^^^^^^^^^^
  File ""/usr/local/lib/python3.11/site-packages/sklearn/model_selection/_validation.py"", line 399, in cross_validate
    results = parallel(
              ^^^^^^^^^
  File ""/usr/local/lib/python3.11/site-packages/sklearn/utils/parallel.py"", line 82, in __call__
    return super().__call__(iterable_with_config_and_warning_filters)
           ^^^^^^^^^^^^^^^^^^^^^^^^^^^^^^^^^^^^^^^^^^^^^^^^^^^^^^^^^^
  File ""/usr/local/lib/python3.11/site-packages/joblib/parallel.py"", line 1986, in __call__
    return output if self.return_generator else list(output)
                                                ^^^^^^^^^^^^
  File ""/usr/local/lib/python3.11/site-packages/joblib/parallel.py"", line 1911, in _get_sequential_output
    for func, args, kwargs in iterable:
  File ""/usr/local/lib/python3.11/site-packages/sklearn/utils/parallel.py"", line 74, in <genexpr>
    iterable_with_config_and_warning_filters = (
                                               ^
  File ""/usr/local/lib/python3.11/site-packages/sklearn/model_selection/_validation.py"", line 399, in <genexpr>
    results = parallel(
                      ^
  File ""/usr/local/lib/python3.11/site-packages/sklearn/model_selection/_split.py"", line 404, in split
    raise ValueError(
ValueError: Cannot have number of splits n_splits=10 greater than the number of samples: n_samples=5.","def ml_err_12():
    """"""Cross-validation folds > samples""""""
    import numpy as np
    from sklearn.model_selection import cross_val_score
    from sklearn.linear_model import LinearRegression
    X = np.random.randn(5, 3)
    y = np.random.randn(5)
    cross_val_score(LinearRegression(), X, y, cv=10)




def _select_errors(range_pairs):
    selected = {}
    for name, func in AI_ERRORS.items():
        idx = _err_id(name)
        if any(start <= idx <= end for start, end in range_pairs):
            selected[name] = func
    return selected


",MLError
"2025-11-24T11:44:04.935492 [INFO] [ERROR] ml_err_120: IndexError
File ""/app/errors/ml/__init__.py"", line 86, in _run_error_category
    error_func()
  File ""/app/errors/ml/nextgen_errors.py"", line 159, in ml_err_120
    vec[0, 5]
    ~~~^^^^^^
  File ""/usr/local/lib/python3.11/site-packages/numpy/matrixlib/defmatrix.py"", line 201, in __getitem__
    out = N.ndarray.__getitem__(self, index)
          ^^^^^^^^^^^^^^^^^^^^^^^^^^^^^^^^^^
IndexError: index 5 is out of bounds for axis 1 with size 4","def ml_err_120():
    """"""Feature hashing dimension mismatch leads to index overflow.""""""
    from sklearn.feature_extraction import FeatureHasher
    vec = FeatureHasher(input_type=""string"", n_features=4).transform([{""feature"": 1}]).todense()
    vec[0, 5]

# ============================================================
# Training & Optimization (ml_err_121 - ml_err_140)
# ============================================================




def _select_errors(range_pairs):
    selected = {}
    for name, func in AI_ERRORS.items():
        idx = _err_id(name)
        if any(start <= idx <= end for start, end in range_pairs):
            selected[name] = func
    return selected


",MLError
"2025-11-24T11:44:04.938369 [INFO] [ERROR] ml_err_13: ValueError
File ""/app/errors/ml/__init__.py"", line 86, in _run_error_category
    error_func()
  File ""/app/errors/ml/preprocessing_errors.py"", line 136, in ml_err_13
    X_train, X_test, y_train, y_test = train_test_split(X, y)
                                       ^^^^^^^^^^^^^^^^^^^^^^
  File ""/usr/local/lib/python3.11/site-packages/sklearn/utils/_param_validation.py"", line 218, in wrapper
    return func(*args, **kwargs)
           ^^^^^^^^^^^^^^^^^^^^^
  File ""/usr/local/lib/python3.11/site-packages/sklearn/model_selection/_split.py"", line 2916, in train_test_split
    arrays = indexable(*arrays)
             ^^^^^^^^^^^^^^^^^^
  File ""/usr/local/lib/python3.11/site-packages/sklearn/utils/validation.py"", line 530, in indexable
    check_consistent_length(*result)
  File ""/usr/local/lib/python3.11/site-packages/sklearn/utils/validation.py"", line 473, in check_consistent_length
    raise ValueError(
ValueError: Found input variables with inconsistent numbers of samples: [100, 95]","def ml_err_13():
    """"""Train-test split length mismatch""""""
    import numpy as np
    from sklearn.model_selection import train_test_split
    X = np.random.randn(100, 5)
    y = np.random.randn(95)
    X_train, X_test, y_train, y_test = train_test_split(X, y)




def _select_errors(range_pairs):
    selected = {}
    for name, func in AI_ERRORS.items():
        idx = _err_id(name)
        if any(start <= idx <= end for start, end in range_pairs):
            selected[name] = func
    return selected


",MLError
"2025-11-24T11:44:04.962714 [INFO] [ERROR] ml_err_15: ValueError
File ""/app/errors/ml/__init__.py"", line 86, in _run_error_category
    error_func()
  File ""/app/errors/ml/preprocessing_errors.py"", line 161, in ml_err_15
    grid.fit(X, y)
  File ""/usr/local/lib/python3.11/site-packages/sklearn/base.py"", line 1365, in wrapper
    return fit_method(estimator, *args, **kwargs)
           ^^^^^^^^^^^^^^^^^^^^^^^^^^^^^^^^^^^^^^
  File ""/usr/local/lib/python3.11/site-packages/sklearn/model_selection/_search.py"", line 1051, in fit
    self._run_search(evaluate_candidates)
  File ""/usr/local/lib/python3.11/site-packages/sklearn/model_selection/_search.py"", line 1605, in _run_search
    evaluate_candidates(ParameterGrid(self.param_grid))
  File ""/usr/local/lib/python3.11/site-packages/sklearn/model_selection/_search.py"", line 1028, in evaluate_candidates
    _warn_or_raise_about_fit_failures(out, self.error_score)
  File ""/usr/local/lib/python3.11/site-packages/sklearn/model_selection/_validation.py"", line 505, in _warn_or_raise_about_fit_failures
    raise ValueError(all_fits_failed_message)
ValueError: 
All the 10 fits failed.
It is very likely that your model is misconfigured.
You can try to debug the error by setting error_score='raise'.

Below are more details about the failures:
--------------------------------------------------------------------------------
5 fits failed with the following error:

  File ""/usr/local/lib/python3.11/site-packages/sklearn/model_selection/_validation.py"", line 859, in _fit_and_score
    estimator.fit(X_train, y_train, **fit_params)
  File ""/usr/local/lib/python3.11/site-packages/sklearn/base.py"", line 1358, in wrapper
    estimator._validate_params()
  File ""/usr/local/lib/python3.11/site-packages/sklearn/base.py"", line 471, in _validate_params
    validate_parameter_constraints(
  File ""/usr/local/lib/python3.11/site-packages/sklearn/utils/_param_validation.py"", line 98, in validate_parameter_constraints
    raise InvalidParameterError(
sklearn.utils._param_validation.InvalidParameterError: The 'C' parameter of LogisticRegression must be a float in the range (0.0, inf]. Got 'invalid' instead.

--------------------------------------------------------------------------------
5 fits failed with the following error:

  File ""/usr/local/lib/python3.11/site-packages/sklearn/model_selection/_validation.py"", line 859, in _fit_and_score
    estimator.fit(X_train, y_train, **fit_params)
  File ""/usr/local/lib/python3.11/site-packages/sklearn/base.py"", line 1358, in wrapper
    estimator._validate_params()
  File ""/usr/local/lib/python3.11/site-packages/sklearn/base.py"", line 471, in _validate_params
    validate_parameter_constraints(
  File ""/usr/local/lib/python3.11/site-packages/sklearn/utils/_param_validation.py"", line 98, in validate_parameter_constraints
    raise InvalidParameterError(
sklearn.utils._param_validation.InvalidParameterError: The 'C' parameter of LogisticRegression must be a float in the range (0.0, inf]. Got -5 instead.","def ml_err_15():
    """"""GridSearchCV invalid params""""""
    import numpy as np
    from sklearn.model_selection import GridSearchCV
    from sklearn.linear_model import LogisticRegression
    X = np.random.randn(50, 5)
    y = np.random.randint(0, 2, 50)
    param_grid = {'C': ['invalid', -5]}
    clf = LogisticRegression()
    grid = GridSearchCV(clf, param_grid)
    grid.fit(X, y)




def _select_errors(range_pairs):
    selected = {}
    for name, func in AI_ERRORS.items():
        idx = _err_id(name)
        if any(start <= idx <= end for start, end in range_pairs):
            selected[name] = func
    return selected


",MLError
"2025-11-24T11:44:04.966153 [INFO] [ERROR] ml_err_16: ValueError
File ""/app/errors/ml/__init__.py"", line 86, in _run_error_category
    error_func()
  File ""/app/errors/ml/preprocessing_errors.py"", line 171, in ml_err_16
    for train_idx, test_idx in skf.split(X, y):
  File ""/usr/local/lib/python3.11/site-packages/sklearn/model_selection/_split.py"", line 411, in split
    for train, test in super().split(X, y, groups):
  File ""/usr/local/lib/python3.11/site-packages/sklearn/model_selection/_split.py"", line 142, in split
    for test_index in self._iter_test_masks(X, y, groups):
  File ""/usr/local/lib/python3.11/site-packages/sklearn/model_selection/_split.py"", line 844, in _iter_test_masks
    test_folds = self._make_test_folds(X, y)
                 ^^^^^^^^^^^^^^^^^^^^^^^^^^^
  File ""/usr/local/lib/python3.11/site-packages/sklearn/model_selection/_split.py"", line 806, in _make_test_folds
    raise ValueError(
ValueError: n_splits=10 cannot be greater than the number of members in each class.","def ml_err_16():
    """"""StratifiedKFold invalid class distribution""""""
    import numpy as np
    from sklearn.model_selection import StratifiedKFold
    X = np.random.randn(10, 5)
    y = np.array([0, 0, 0, 0, 0, 0, 0, 0, 0, 1])
    skf = StratifiedKFold(n_splits=10)
    for train_idx, test_idx in skf.split(X, y):
        pass




def _select_errors(range_pairs):
    selected = {}
    for name, func in AI_ERRORS.items():
        idx = _err_id(name)
        if any(start <= idx <= end for start, end in range_pairs):
            selected[name] = func
    return selected


",MLError
"2025-11-24T11:44:04.968737 [INFO] [ERROR] ml_err_18: InvalidParameterError
File ""/app/errors/ml/__init__.py"", line 86, in _run_error_category
    error_func()
  File ""/app/errors/ml/preprocessing_errors.py"", line 192, in ml_err_18
    bin.transform(X)
  File ""/usr/local/lib/python3.11/site-packages/sklearn/utils/_set_output.py"", line 316, in wrapped
    data_to_wrap = f(self, X, *args, **kwargs)
                   ^^^^^^^^^^^^^^^^^^^^^^^^^^^
  File ""/usr/local/lib/python3.11/site-packages/sklearn/preprocessing/_data.py"", line 2361, in transform
    return binarize(X, threshold=self.threshold, copy=False)
           ^^^^^^^^^^^^^^^^^^^^^^^^^^^^^^^^^^^^^^^^^^^^^^^^^
  File ""/usr/local/lib/python3.11/site-packages/sklearn/utils/_param_validation.py"", line 208, in wrapper
    validate_parameter_constraints(
  File ""/usr/local/lib/python3.11/site-packages/sklearn/utils/_param_validation.py"", line 98, in validate_parameter_constraints
    raise InvalidParameterError(
sklearn.utils._param_validation.InvalidParameterError: The 'threshold' parameter of binarize must be a float in the range (-inf, inf). Got 'invalid' instead.","def ml_err_18():
    """"""Binarizer invalid threshold""""""
    import numpy as np
    from sklearn.preprocessing import Binarizer
    X = np.random.randn(10, 5)
    bin = Binarizer(threshold=""invalid"")
    bin.transform(X)




def _select_errors(range_pairs):
    selected = {}
    for name, func in AI_ERRORS.items():
        idx = _err_id(name)
        if any(start <= idx <= end for start, end in range_pairs):
            selected[name] = func
    return selected


",MLError
"2025-11-24T11:44:04.973632 [INFO] [ERROR] ml_err_20: ValueError
File ""/app/errors/ml/__init__.py"", line 86, in _run_error_category
    error_func()
  File ""/app/errors/ml/preprocessing_errors.py"", line 210, in ml_err_20
    qt.fit_transform(X)
  File ""/usr/local/lib/python3.11/site-packages/sklearn/utils/_set_output.py"", line 316, in wrapped
    data_to_wrap = f(self, X, *args, **kwargs)
                   ^^^^^^^^^^^^^^^^^^^^^^^^^^^
  File ""/usr/local/lib/python3.11/site-packages/sklearn/base.py"", line 894, in fit_transform
    return self.fit(X, **fit_params).transform(X)
           ^^^^^^^^^^^^^^^^^^^^^^^^^
  File ""/usr/local/lib/python3.11/site-packages/sklearn/base.py"", line 1365, in wrapper
    return fit_method(estimator, *args, **kwargs)
           ^^^^^^^^^^^^^^^^^^^^^^^^^^^^^^^^^^^^^^
  File ""/usr/local/lib/python3.11/site-packages/sklearn/preprocessing/_data.py"", line 2836, in fit
    raise ValueError(
ValueError: The number of quantiles cannot be greater than the number of samples used. Got 1000 quantiles and 5 samples.","def ml_err_20():
    """"""Quantile Transformer extreme quantile""""""
    import numpy as np
    from sklearn.preprocessing import QuantileTransformer
    X = np.random.randn(10, 5)
    qt = QuantileTransformer(output_distribution='uniform', subsample=5)
    qt.fit_transform(X)




def _select_errors(range_pairs):
    selected = {}
    for name, func in AI_ERRORS.items():
        idx = _err_id(name)
        if any(start <= idx <= end for start, end in range_pairs):
            selected[name] = func
    return selected


",MLError
"2025-11-24T11:44:04.975797 [INFO] [ERROR] ml_err_21: InvalidParameterError
File ""/app/errors/ml/__init__.py"", line 86, in _run_error_category
    error_func()
  File ""/app/errors/ml/preprocessing_errors.py"", line 219, in ml_err_21
    norm.transform(X)
  File ""/usr/local/lib/python3.11/site-packages/sklearn/utils/_set_output.py"", line 316, in wrapped
    data_to_wrap = f(self, X, *args, **kwargs)
                   ^^^^^^^^^^^^^^^^^^^^^^^^^^^
  File ""/usr/local/lib/python3.11/site-packages/sklearn/preprocessing/_data.py"", line 2152, in transform
    return normalize(X, norm=self.norm, axis=1, copy=False)
           ^^^^^^^^^^^^^^^^^^^^^^^^^^^^^^^^^^^^^^^^^^^^^^^^
  File ""/usr/local/lib/python3.11/site-packages/sklearn/utils/_param_validation.py"", line 208, in wrapper
    validate_parameter_constraints(
  File ""/usr/local/lib/python3.11/site-packages/sklearn/utils/_param_validation.py"", line 98, in validate_parameter_constraints
    raise InvalidParameterError(
sklearn.utils._param_validation.InvalidParameterError: The 'norm' parameter of normalize must be a str among {'l2', 'l1', 'max'}. Got 'invalid' instead.","def ml_err_21():
    """"""Normalizer with invalid norm""""""
    import numpy as np
    from sklearn.preprocessing import Normalizer
    X = np.random.randn(10, 5)
    norm = Normalizer(norm='invalid')
    norm.transform(X)




def _select_errors(range_pairs):
    selected = {}
    for name, func in AI_ERRORS.items():
        idx = _err_id(name)
        if any(start <= idx <= end for start, end in range_pairs):
            selected[name] = func
    return selected


",MLError
"2025-11-24T11:44:04.977429 [INFO] [ERROR] ml_err_22: InvalidParameterError
File ""/app/errors/ml/__init__.py"", line 86, in _run_error_category
    error_func()
  File ""/app/errors/ml/preprocessing_errors.py"", line 228, in ml_err_22
    ft.fit_transform(X)
  File ""/usr/local/lib/python3.11/site-packages/sklearn/utils/_set_output.py"", line 316, in wrapped
    data_to_wrap = f(self, X, *args, **kwargs)
                   ^^^^^^^^^^^^^^^^^^^^^^^^^^^
  File ""/usr/local/lib/python3.11/site-packages/sklearn/base.py"", line 894, in fit_transform
    return self.fit(X, **fit_params).transform(X)
           ^^^^^^^^^^^^^^^^^^^^^^^^^
  File ""/usr/local/lib/python3.11/site-packages/sklearn/base.py"", line 1358, in wrapper
    estimator._validate_params()
  File ""/usr/local/lib/python3.11/site-packages/sklearn/base.py"", line 471, in _validate_params
    validate_parameter_constraints(
  File ""/usr/local/lib/python3.11/site-packages/sklearn/utils/_param_validation.py"", line 98, in validate_parameter_constraints
    raise InvalidParameterError(
sklearn.utils._param_validation.InvalidParameterError: The 'func' parameter of FunctionTransformer must be a callable or None. Got 'not_callable' instead.","def ml_err_22():
    """"""FunctionTransformer non-callable""""""
    import numpy as np
    from sklearn.preprocessing import FunctionTransformer
    X = np.random.randn(10, 5)
    ft = FunctionTransformer(func=""not_callable"")
    ft.fit_transform(X)




def _select_errors(range_pairs):
    selected = {}
    for name, func in AI_ERRORS.items():
        idx = _err_id(name)
        if any(start <= idx <= end for start, end in range_pairs):
            selected[name] = func
    return selected


",MLError
"2025-11-24T11:44:04.978724 [INFO] [ERROR] ml_err_23: InvalidParameterError
File ""/app/errors/ml/__init__.py"", line 86, in _run_error_category
    error_func()
  File ""/app/errors/ml/preprocessing_errors.py"", line 237, in ml_err_23
    pt.fit_transform(X)
  File ""/usr/local/lib/python3.11/site-packages/sklearn/utils/_set_output.py"", line 316, in wrapped
    data_to_wrap = f(self, X, *args, **kwargs)
                   ^^^^^^^^^^^^^^^^^^^^^^^^^^^
  File ""/usr/local/lib/python3.11/site-packages/sklearn/base.py"", line 1358, in wrapper
    estimator._validate_params()
  File ""/usr/local/lib/python3.11/site-packages/sklearn/base.py"", line 471, in _validate_params
    validate_parameter_constraints(
  File ""/usr/local/lib/python3.11/site-packages/sklearn/utils/_param_validation.py"", line 98, in validate_parameter_constraints
    raise InvalidParameterError(
sklearn.utils._param_validation.InvalidParameterError: The 'method' parameter of PowerTransformer must be a str among {'yeo-johnson', 'box-cox'}. Got 'invalid' instead.","def ml_err_23():
    """"""PowerTransformer invalid method""""""
    import numpy as np
    from sklearn.preprocessing import PowerTransformer
    X = np.random.randn(10, 5)
    pt = PowerTransformer(method='invalid')
    pt.fit_transform(X)




def _select_errors(range_pairs):
    selected = {}
    for name, func in AI_ERRORS.items():
        idx = _err_id(name)
        if any(start <= idx <= end for start, end in range_pairs):
            selected[name] = func
    return selected


",MLError
"2025-11-24T11:44:04.982257 [INFO] [ERROR] ml_err_26: ValueError
File ""/usr/local/lib/python3.11/site-packages/pandas/core/indexes/base.py"", line 3812, in get_loc
    return self._engine.get_loc(casted_key)
           ^^^^^^^^^^^^^^^^^^^^^^^^^^^^^^^^
  File ""pandas/_libs/index.pyx"", line 167, in pandas._libs.index.IndexEngine.get_loc
  File ""pandas/_libs/index.pyx"", line 196, in pandas._libs.index.IndexEngine.get_loc
  File ""pandas/_libs/hashtable_class_helper.pxi"", line 7088, in pandas._libs.hashtable.PyObjectHashTable.get_item
  File ""pandas/_libs/hashtable_class_helper.pxi"", line 7096, in pandas._libs.hashtable.PyObjectHashTable.get_item
KeyError: 'missing'

The above exception was the direct cause of the following exception:


  File ""/usr/local/lib/python3.11/site-packages/sklearn/utils/_indexing.py"", line 443, in _get_column_indices
    col_idx = all_columns.get_loc(col)
              ^^^^^^^^^^^^^^^^^^^^^^^^
  File ""/usr/local/lib/python3.11/site-packages/pandas/core/indexes/base.py"", line 3819, in get_loc
    raise KeyError(key) from err
KeyError: 'missing'

The above exception was the direct cause of the following exception:


  File ""/app/errors/ml/__init__.py"", line 86, in _run_error_category
    error_func()
  File ""/app/errors/ml/preprocessing_errors.py"", line 265, in ml_err_26
    ct.fit_transform(df)
  File ""/usr/local/lib/python3.11/site-packages/sklearn/utils/_set_output.py"", line 316, in wrapped
    data_to_wrap = f(self, X, *args, **kwargs)
                   ^^^^^^^^^^^^^^^^^^^^^^^^^^^
  File ""/usr/local/lib/python3.11/site-packages/sklearn/base.py"", line 1365, in wrapper
    return fit_method(estimator, *args, **kwargs)
           ^^^^^^^^^^^^^^^^^^^^^^^^^^^^^^^^^^^^^^
  File ""/usr/local/lib/python3.11/site-packages/sklearn/compose/_column_transformer.py"", line 988, in fit_transform
    self._validate_column_callables(X)
  File ""/usr/local/lib/python3.11/site-packages/sklearn/compose/_column_transformer.py"", line 541, in _validate_column_callables
    transformer_to_input_indices[name] = _get_column_indices(X, columns)
                                         ^^^^^^^^^^^^^^^^^^^^^^^^^^^^^^^
  File ""/usr/local/lib/python3.11/site-packages/sklearn/utils/_indexing.py"", line 451, in _get_column_indices
    raise ValueError(""A given column is not a column of the dataframe"") from e
ValueError: A given column is not a column of the dataframe","def ml_err_26():
    """"""ColumnTransformer column name mismatch""""""
    import pandas as pd
    from sklearn.compose import ColumnTransformer
    from sklearn.preprocessing import StandardScaler
    df = pd.DataFrame({'a': [1, 2], 'b': [3, 4]})
    ct = ColumnTransformer([('scaler', StandardScaler(), ['missing'])])
    ct.fit_transform(df)




def _select_errors(range_pairs):
    selected = {}
    for name, func in AI_ERRORS.items():
        idx = _err_id(name)
        if any(start <= idx <= end for start, end in range_pairs):
            selected[name] = func
    return selected


",MLError
"2025-11-24T11:44:04.994781 [INFO] [ERROR] ml_err_28: ValueError
File ""/app/errors/ml/__init__.py"", line 86, in _run_error_category
    error_func()
  File ""/app/errors/ml/preprocessing_errors.py"", line 284, in ml_err_28
    vt.fit_transform(X)
  File ""/usr/local/lib/python3.11/site-packages/sklearn/utils/_set_output.py"", line 316, in wrapped
    data_to_wrap = f(self, X, *args, **kwargs)
                   ^^^^^^^^^^^^^^^^^^^^^^^^^^^
  File ""/usr/local/lib/python3.11/site-packages/sklearn/base.py"", line 894, in fit_transform
    return self.fit(X, **fit_params).transform(X)
           ^^^^^^^^^^^^^^^^^^^^^^^^^
  File ""/usr/local/lib/python3.11/site-packages/sklearn/base.py"", line 1365, in wrapper
    return fit_method(estimator, *args, **kwargs)
           ^^^^^^^^^^^^^^^^^^^^^^^^^^^^^^^^^^^^^^
  File ""/usr/local/lib/python3.11/site-packages/sklearn/feature_selection/_variance_threshold.py"", line 128, in fit
    raise ValueError(msg.format(self.threshold))
ValueError: No feature in X meets the variance threshold 1000.00000","def ml_err_28():
    """"""VarianceThreshold threshold > max variance""""""
    import numpy as np
    from sklearn.feature_selection import VarianceThreshold
    X = np.random.randn(10, 5)
    vt = VarianceThreshold(threshold=1000)
    vt.fit_transform(X)




def _select_errors(range_pairs):
    selected = {}
    for name, func in AI_ERRORS.items():
        idx = _err_id(name)
        if any(start <= idx <= end for start, end in range_pairs):
            selected[name] = func
    return selected


",MLError
"2025-11-24T11:44:05.004568 [INFO] [ERROR] ml_err_30: ValueError
File ""/app/errors/ml/__init__.py"", line 86, in _run_error_category
    error_func()
  File ""/app/errors/ml/preprocessing_errors.py"", line 306, in ml_err_30
    sfs.fit(X, y)
  File ""/usr/local/lib/python3.11/site-packages/sklearn/base.py"", line 1365, in wrapper
    return fit_method(estimator, *args, **kwargs)
           ^^^^^^^^^^^^^^^^^^^^^^^^^^^^^^^^^^^^^^
  File ""/usr/local/lib/python3.11/site-packages/sklearn/feature_selection/_sequential.py"", line 250, in fit
    raise ValueError(""n_features_to_select must be < n_features."")
ValueError: n_features_to_select must be < n_features.","def ml_err_30():
    """"""Sequential feature selection invalid n_features""""""
    import numpy as np
    from sklearn.feature_selection import SequentialFeatureSelector
    from sklearn.linear_model import LogisticRegression
    X = np.random.randn(50, 5)
    y = np.random.randint(0, 2, 50)
    sfs = SequentialFeatureSelector(LogisticRegression(), n_features_to_select=100)
    sfs.fit(X, y)


# Registry
__all__ = [f'ml_err_{i:02d}' for i in range(1, 31)]


def _select_errors(range_pairs):
    selected = {}
    for name, func in AI_ERRORS.items():
        idx = _err_id(name)
        if any(start <= idx <= end for start, end in range_pairs):
            selected[name] = func
    return selected


",MLError
"2025-11-24T11:47:17.425871 [INFO] [ERROR] ml_err_122: ValueError
File ""/app/errors/ml/__init__.py"", line 86, in _run_error_category
    error_func()
  File ""/app/errors/ml/nextgen_errors.py"", line 185, in ml_err_122
    RandomizedSearchCV(LogisticRegression(), {""C"": uniform(loc=-1, scale=0)}).fit([[1], [2]], [0, 1])
  File ""/usr/local/lib/python3.11/site-packages/sklearn/base.py"", line 1365, in wrapper
    return fit_method(estimator, *args, **kwargs)
           ^^^^^^^^^^^^^^^^^^^^^^^^^^^^^^^^^^^^^^
  File ""/usr/local/lib/python3.11/site-packages/sklearn/model_selection/_search.py"", line 1051, in fit
    self._run_search(evaluate_candidates)
  File ""/usr/local/lib/python3.11/site-packages/sklearn/model_selection/_search.py"", line 1992, in _run_search
    evaluate_candidates(
  File ""/usr/local/lib/python3.11/site-packages/sklearn/model_selection/_search.py"", line 1009, in evaluate_candidates
    for (cand_idx, parameters), (split_idx, (train, test)) in product(
                                                              ^^^^^^^^
  File ""/usr/local/lib/python3.11/site-packages/sklearn/model_selection/_split.py"", line 404, in split
    raise ValueError(
ValueError: Cannot have number of splits n_splits=5 greater than the number of samples: n_samples=2.","def ml_err_122():
    """"""RandomizedSearchCV receives distribution with invalid support.""""""
    from sklearn.linear_model import LogisticRegression
    from sklearn.model_selection import RandomizedSearchCV
    from scipy.stats import uniform
    RandomizedSearchCV(LogisticRegression(), {""C"": uniform(loc=-1, scale=0)}).fit([[1], [2]], [0, 1])




def _select_errors(range_pairs):
    selected = {}
    for name, func in AI_ERRORS.items():
        idx = _err_id(name)
        if any(start <= idx <= end for start, end in range_pairs):
            selected[name] = func
    return selected


",MLError
"2025-11-24T11:47:17.472242 [INFO] [ERROR] ml_err_123: ValueError
File ""/app/errors/ml/__init__.py"", line 86, in _run_error_category
    error_func()
  File ""/app/errors/ml/nextgen_errors.py"", line 194, in ml_err_123
    GradientBoostingClassifier().fit(X, np.tile(y, 5), sample_weight=[1.0] * 3)
  File ""/usr/local/lib/python3.11/site-packages/sklearn/base.py"", line 1365, in wrapper
    return fit_method(estimator, *args, **kwargs)
           ^^^^^^^^^^^^^^^^^^^^^^^^^^^^^^^^^^^^^^
  File ""/usr/local/lib/python3.11/site-packages/sklearn/ensemble/_gb.py"", line 667, in fit
    sample_weight = _check_sample_weight(sample_weight, X)
                    ^^^^^^^^^^^^^^^^^^^^^^^^^^^^^^^^^^^^^^
  File ""/usr/local/lib/python3.11/site-packages/sklearn/utils/validation.py"", line 2197, in _check_sample_weight
    raise ValueError(
ValueError: sample_weight.shape == (3,), expected (10,)!","def ml_err_123():
    """"""GradientBoosting classifier fit with sample_weight mismatch.""""""
    from sklearn.ensemble import GradientBoostingClassifier
    import numpy as np
    X = np.random.rand(10, 3)
    y = np.array([0, 1])
    GradientBoostingClassifier().fit(X, np.tile(y, 5), sample_weight=[1.0] * 3)




def _select_errors(range_pairs):
    selected = {}
    for name, func in AI_ERRORS.items():
        idx = _err_id(name)
        if any(start <= idx <= end for start, end in range_pairs):
            selected[name] = func
    return selected


",MLError
"2025-11-24T11:47:17.474711 [INFO] [ERROR] ml_err_124: InvalidParameterError
File ""/app/errors/ml/__init__.py"", line 86, in _run_error_category
    error_func()
  File ""/app/errors/ml/nextgen_errors.py"", line 200, in ml_err_124
    RandomForestClassifier(min_samples_leaf=0).fit([[1, 2], [3, 4]], [0, 1])
  File ""/usr/local/lib/python3.11/site-packages/sklearn/base.py"", line 1358, in wrapper
    estimator._validate_params()
  File ""/usr/local/lib/python3.11/site-packages/sklearn/base.py"", line 471, in _validate_params
    validate_parameter_constraints(
  File ""/usr/local/lib/python3.11/site-packages/sklearn/utils/_param_validation.py"", line 98, in validate_parameter_constraints
    raise InvalidParameterError(
sklearn.utils._param_validation.InvalidParameterError: The 'min_samples_leaf' parameter of RandomForestClassifier must be an int in the range [1, inf) or a float in the range (0.0, 1.0). Got 0 instead.","def ml_err_124():
    """"""RandomForest configured with invalid min_samples_leaf.""""""
    from sklearn.ensemble import RandomForestClassifier
    RandomForestClassifier(min_samples_leaf=0).fit([[1, 2], [3, 4]], [0, 1])




def _select_errors(range_pairs):
    selected = {}
    for name, func in AI_ERRORS.items():
        idx = _err_id(name)
        if any(start <= idx <= end for start, end in range_pairs):
            selected[name] = func
    return selected


",MLError
"2025-11-24T11:47:17.476375 [INFO] [ERROR] ml_err_125: ModuleNotFoundError
File ""/app/errors/ml/__init__.py"", line 86, in _run_error_category
    error_func()
  File ""/app/errors/ml/nextgen_errors.py"", line 205, in ml_err_125
    import tensorflow as tf
ModuleNotFoundError: No module named 'tensorflow'","def ml_err_125():
    """"""TensorFlow compile invoked with unknown optimizer string.""""""
    import tensorflow as tf
    model = tf.keras.Sequential([tf.keras.layers.Dense(1, input_shape=(2,))])
    model.compile(optimizer=""unknown-optimizer"", loss=""mse"")
    model.fit([[1, 2], [3, 4]], [0, 1])




def _select_errors(range_pairs):
    selected = {}
    for name, func in AI_ERRORS.items():
        idx = _err_id(name)
        if any(start <= idx <= end for start, end in range_pairs):
            selected[name] = func
    return selected


",AIError
"2025-11-24T11:47:17.477814 [INFO] [ERROR] ml_err_126: ModuleNotFoundError
File ""/app/errors/ml/__init__.py"", line 86, in _run_error_category
    error_func()
  File ""/app/errors/ml/nextgen_errors.py"", line 213, in ml_err_126
    import torch
ModuleNotFoundError: No module named 'torch'","def ml_err_126():
    """"""CrossEntropyLoss fed one-hot targets instead of class indices.""""""
    import torch
    logits = torch.randn(4, 3, requires_grad=True)
    targets = torch.tensor([[1, 0, 0], [0, 1, 0], [0, 0, 1], [1, 0, 0]], dtype=torch.float32)
    torch.nn.CrossEntropyLoss()(logits, targets)




def _select_errors(range_pairs):
    selected = {}
    for name, func in AI_ERRORS.items():
        idx = _err_id(name)
        if any(start <= idx <= end for start, end in range_pairs):
            selected[name] = func
    return selected


",AIError
"2025-11-24T11:47:17.479213 [INFO] [ERROR] ml_err_127: ModuleNotFoundError
File ""/app/errors/ml/__init__.py"", line 86, in _run_error_category
    error_func()
  File ""/app/errors/ml/nextgen_errors.py"", line 221, in ml_err_127
    import tensorflow as tf
ModuleNotFoundError: No module named 'tensorflow'","def ml_err_127():
    """"""TensorFlow estimator invoked with mismatched feature columns.""""""
    import tensorflow as tf
    feature_columns = [tf.feature_column.numeric_column(""age"")]
    classifier = tf.estimator.LinearClassifier(feature_columns=feature_columns)



def _select_errors(range_pairs):
    selected = {}
    for name, func in AI_ERRORS.items():
        idx = _err_id(name)
        if any(start <= idx <= end for start, end in range_pairs):
            selected[name] = func
    return selected


",AIError
"2025-11-24T11:47:17.480588 [INFO] [ERROR] ml_err_128: AttributeError
File ""/app/errors/ml/__init__.py"", line 86, in _run_error_category
    error_func()
  File ""/app/errors/ml/nextgen_errors.py"", line 236, in ml_err_128
    Pipeline([(""scaler"", StandardScaler()), (""clf"", SGDClassifier())]).partial_fit([[1, 2]], [0])
    ^^^^^^^^^^^^^^^^^^^^^^^^^^^^^^^^^^^^^^^^^^^^^^^^^^^^^^^^^^^^^^^^^^^^^^^^^^^^^^
AttributeError: 'Pipeline' object has no attribute 'partial_fit'","def ml_err_128():
    """"""Pipeline partial_fit used on estimator lacking method.""""""
    from sklearn.pipeline import Pipeline
    from sklearn.preprocessing import StandardScaler
    from sklearn.linear_model import SGDClassifier
    Pipeline([(""scaler"", StandardScaler()), (""clf"", SGDClassifier())]).partial_fit([[1, 2]], [0])




def _select_errors(range_pairs):
    selected = {}
    for name, func in AI_ERRORS.items():
        idx = _err_id(name)
        if any(start <= idx <= end for start, end in range_pairs):
            selected[name] = func
    return selected


",MLError
"2025-11-24T11:47:17.482568 [INFO] [ERROR] ml_err_130: ValueError
File ""/app/errors/ml/__init__.py"", line 86, in _run_error_category
    error_func()
  File ""/app/errors/ml/nextgen_errors.py"", line 249, in ml_err_130
    raise ValueError(""Early stopping patience must be positive"")
ValueError: Early stopping patience must be positive","def ml_err_130():
    """"""Early stopping patience zero triggers validation failure.""""""
    patience = 0
    if patience <= 0:
        raise ValueError(""Early stopping patience must be positive"")




def _select_errors(range_pairs):
    selected = {}
    for name, func in AI_ERRORS.items():
        idx = _err_id(name)
        if any(start <= idx <= end for start, end in range_pairs):
            selected[name] = func
    return selected


",MLError
"2025-11-24T11:47:17.484052 [INFO] [ERROR] ml_err_131: ModuleNotFoundError
File ""/app/errors/ml/__init__.py"", line 86, in _run_error_category
    error_func()
  File ""/app/errors/ml/nextgen_errors.py"", line 254, in ml_err_131
    import tensorflow as tf
ModuleNotFoundError: No module named 'tensorflow'","def ml_err_131():
    """"""TensorFlow custom training loop forgets to watch gradient tape.""""""
    import tensorflow as tf
    x = tf.Variable(1.0)
    with tf.GradientTape() as tape:
        y = x * 2
    tape.gradient(y, x)




def _select_errors(range_pairs):
    selected = {}
    for name, func in AI_ERRORS.items():
        idx = _err_id(name)
        if any(start <= idx <= end for start, end in range_pairs):
            selected[name] = func
    return selected


",AIError
"2025-11-24T11:47:17.485399 [INFO] [ERROR] ml_err_132: ModuleNotFoundError
File ""/app/errors/ml/__init__.py"", line 86, in _run_error_category
    error_func()
  File ""/app/errors/ml/nextgen_errors.py"", line 263, in ml_err_132
    import torch
ModuleNotFoundError: No module named 'torch'","def ml_err_132():
    """"""Torch optimizer receives no parameters due to frozen model.""""""
    import torch
    model = torch.nn.Linear(4, 2)
    for param in model.parameters():
        param.requires_grad = False
    torch.optim.Adam(model.parameters()).step()




def _select_errors(range_pairs):
    selected = {}
    for name, func in AI_ERRORS.items():
        idx = _err_id(name)
        if any(start <= idx <= end for start, end in range_pairs):
            selected[name] = func
    return selected


",AIError
"2025-11-24T11:47:17.489080 [INFO] [ERROR] ml_err_133: TypeError
File ""/app/errors/ml/__init__.py"", line 86, in _run_error_category
    error_func()
  File ""/app/errors/ml/nextgen_errors.py"", line 274, in ml_err_133
    BaggingClassifier(base_estimator=SVC(probability=False, random_state=None)).fit([[1]], [0])
    ^^^^^^^^^^^^^^^^^^^^^^^^^^^^^^^^^^^^^^^^^^^^^^^^^^^^^^^^^^^^^^^^^^^^^^^^^^^
TypeError: BaggingClassifier.__init__() got an unexpected keyword argument 'base_estimator'","def ml_err_133():
    """"""Bagging classifier uses base estimator lacking random_state attribute.""""""
    from sklearn.ensemble import BaggingClassifier
    from sklearn.svm import SVC
    BaggingClassifier(base_estimator=SVC(probability=False, random_state=None)).fit([[1]], [0])




def _select_errors(range_pairs):
    selected = {}
    for name, func in AI_ERRORS.items():
        idx = _err_id(name)
        if any(start <= idx <= end for start, end in range_pairs):
            selected[name] = func
    return selected


",MLError
"2025-11-24T11:47:17.490644 [INFO] [ERROR] ml_err_134: ModuleNotFoundError
File ""/app/errors/ml/__init__.py"", line 86, in _run_error_category
    error_func()
  File ""/app/errors/ml/nextgen_errors.py"", line 279, in ml_err_134
    import tensorflow as tf
ModuleNotFoundError: No module named 'tensorflow'","def ml_err_134():
    """"""Keras fit called with mismatched sample weights length.""""""
    import tensorflow as tf
    model = tf.keras.Sequential([tf.keras.layers.Dense(1, input_shape=(2,))])
    model.compile(optimizer=""adam"", loss=""mse"")
    model.fit([[1, 2], [3, 4]], [0, 1], sample_weight=[1.0])




def _select_errors(range_pairs):
    selected = {}
    for name, func in AI_ERRORS.items():
        idx = _err_id(name)
        if any(start <= idx <= end for start, end in range_pairs):
            selected[name] = func
    return selected


",AIError
"2025-11-24T11:47:17.492054 [INFO] [ERROR] ml_err_135: ModuleNotFoundError
File ""/app/errors/ml/__init__.py"", line 86, in _run_error_category
    error_func()
  File ""/app/errors/ml/nextgen_errors.py"", line 287, in ml_err_135
    import torch.distributed as dist
ModuleNotFoundError: No module named 'torch'","def ml_err_135():
    """"""PyTorch distributed API queried before initialization.""""""
    import torch.distributed as dist
    dist.get_world_size()




def _select_errors(range_pairs):
    selected = {}
    for name, func in AI_ERRORS.items():
        idx = _err_id(name)
        if any(start <= idx <= end for start, end in range_pairs):
            selected[name] = func
    return selected


",AIError
"2025-11-24T11:47:17.493463 [INFO] [ERROR] ml_err_136: ModuleNotFoundError
File ""/app/errors/ml/__init__.py"", line 86, in _run_error_category
    error_func()
  File ""/app/errors/ml/nextgen_errors.py"", line 293, in ml_err_136
    import torch
ModuleNotFoundError: No module named 'torch'","def ml_err_136():
    """"""ONNX export fails when opset version unsupported.""""""
    import torch
    import torch.onnx as onnx
    onnx.export(torch.nn.Linear(2, 2), torch.randn(1, 2), ""model.onnx"", opset_version=1)




def _select_errors(range_pairs):
    selected = {}
    for name, func in AI_ERRORS.items():
        idx = _err_id(name)
        if any(start <= idx <= end for start, end in range_pairs):
            selected[name] = func
    return selected


",AIError
"2025-11-24T11:47:17.494756 [INFO] [ERROR] ml_err_137: ModuleNotFoundError
File ""/app/errors/ml/__init__.py"", line 86, in _run_error_category
    error_func()
  File ""/app/errors/ml/nextgen_errors.py"", line 300, in ml_err_137
    import tensorflow as tf
ModuleNotFoundError: No module named 'tensorflow'","def ml_err_137():
    """"""TensorFlow checkpoint restoration fails due to missing variable.""""""
    import tensorflow as tf
    var = tf.Variable(1.0, name=""weight"")
    tf.train.Checkpoint(weight=var).restore(""missing.ckpt"").assert_existing_objects_matched()




def _select_errors(range_pairs):
    selected = {}
    for name, func in AI_ERRORS.items():
        idx = _err_id(name)
        if any(start <= idx <= end for start, end in range_pairs):
            selected[name] = func
    return selected


",AIError
"2025-11-24T11:47:17.496064 [INFO] [ERROR] ml_err_138: TypeError
File ""/app/errors/ml/__init__.py"", line 86, in _run_error_category
    error_func()
  File ""/app/errors/ml/nextgen_errors.py"", line 308, in ml_err_138
    clone(lambda x: x)
  File ""/usr/local/lib/python3.11/site-packages/sklearn/base.py"", line 95, in clone
    return _clone_parametrized(estimator, safe=safe)
           ^^^^^^^^^^^^^^^^^^^^^^^^^^^^^^^^^^^^^^^^^
  File ""/usr/local/lib/python3.11/site-packages/sklearn/base.py"", line 117, in _clone_parametrized
    raise TypeError(
TypeError: Cannot clone object '<function ml_err_138.<locals>.<lambda> at 0x7c8ada5db6a0>' (type <class 'function'>): it does not seem to be a scikit-learn estimator as it does not implement a 'get_params' method.","def ml_err_138():
    """"""sklearn clone invoked on estimator with non-cloneable parameter.""""""
    from sklearn.base import clone
    clone(lambda x: x)




def _select_errors(range_pairs):
    selected = {}
    for name, func in AI_ERRORS.items():
        idx = _err_id(name)
        if any(start <= idx <= end for start, end in range_pairs):
            selected[name] = func
    return selected


",MLError
"2025-11-24T11:47:17.497490 [INFO] [ERROR] ml_err_139: ModuleNotFoundError
File ""/app/errors/ml/__init__.py"", line 86, in _run_error_category
    error_func()
  File ""/app/errors/ml/nextgen_errors.py"", line 313, in ml_err_139
    import torch
ModuleNotFoundError: No module named 'torch'","def ml_err_139():
    """"""Torch compile fails when backend is unsupported string.""""""
    import torch
    torch.compile(torch.nn.Linear(4, 2), backend=""nonexistent"")




def _select_errors(range_pairs):
    selected = {}
    for name, func in AI_ERRORS.items():
        idx = _err_id(name)
        if any(start <= idx <= end for start, end in range_pairs):
            selected[name] = func
    return selected


",AIError
"2025-11-24T11:47:17.498784 [INFO] [ERROR] ml_err_140: ModuleNotFoundError
File ""/app/errors/ml/__init__.py"", line 86, in _run_error_category
    error_func()
  File ""/app/errors/ml/nextgen_errors.py"", line 319, in ml_err_140
    import tensorflow as tf
ModuleNotFoundError: No module named 'tensorflow'","def ml_err_140():
    """"""TensorFlow logical device configuration rejects unknown device type.""""""
    import tensorflow as tf
    tf.config.set_visible_devices([], device_type=""QUANTUM"")

# ============================================================
# Metrics & Evaluation (ml_err_141 - ml_err_160)
# ============================================================




def _select_errors(range_pairs):
    selected = {}
    for name, func in AI_ERRORS.items():
        idx = _err_id(name)
        if any(start <= idx <= end for start, end in range_pairs):
            selected[name] = func
    return selected


",AIError
"2025-11-24T11:47:17.501802 [INFO] [ERROR] ml_err_31: ValueError
File ""/app/errors/ml/__init__.py"", line 86, in _run_error_category
    error_func()
  File ""/app/errors/ml/training_errors.py"", line 24, in ml_err_31
    LinearRegression().fit(X, y)
  File ""/usr/local/lib/python3.11/site-packages/sklearn/base.py"", line 1365, in wrapper
    return fit_method(estimator, *args, **kwargs)
           ^^^^^^^^^^^^^^^^^^^^^^^^^^^^^^^^^^^^^^
  File ""/usr/local/lib/python3.11/site-packages/sklearn/linear_model/_base.py"", line 618, in fit
    X, y = validate_data(
           ^^^^^^^^^^^^^^
  File ""/usr/local/lib/python3.11/site-packages/sklearn/utils/validation.py"", line 2971, in validate_data
    X, y = check_X_y(X, y, **check_params)
           ^^^^^^^^^^^^^^^^^^^^^^^^^^^^^^^
  File ""/usr/local/lib/python3.11/site-packages/sklearn/utils/validation.py"", line 1387, in check_X_y
    check_consistent_length(X, y)
  File ""/usr/local/lib/python3.11/site-packages/sklearn/utils/validation.py"", line 473, in check_consistent_length
    raise ValueError(
ValueError: Found input variables with inconsistent numbers of samples: [100, 95]","def ml_err_31():
    """"""Linear regression X y length mismatch""""""
    import numpy as np
    from sklearn.linear_model import LinearRegression
    X = np.random.randn(100, 5)
    y = np.random.randn(95)
    LinearRegression().fit(X, y)




def _select_errors(range_pairs):
    selected = {}
    for name, func in AI_ERRORS.items():
        idx = _err_id(name)
        if any(start <= idx <= end for start, end in range_pairs):
            selected[name] = func
    return selected


",MLError
"2025-11-24T11:47:17.504281 [INFO] [ERROR] ml_err_32: InvalidParameterError
File ""/app/errors/ml/__init__.py"", line 86, in _run_error_category
    error_func()
  File ""/app/errors/ml/training_errors.py"", line 32, in ml_err_32
    clf.fit([[1, 2]], [0])
  File ""/usr/local/lib/python3.11/site-packages/sklearn/base.py"", line 1358, in wrapper
    estimator._validate_params()
  File ""/usr/local/lib/python3.11/site-packages/sklearn/base.py"", line 471, in _validate_params
    validate_parameter_constraints(
  File ""/usr/local/lib/python3.11/site-packages/sklearn/utils/_param_validation.py"", line 98, in validate_parameter_constraints
    raise InvalidParameterError(
sklearn.utils._param_validation.InvalidParameterError: The 'solver' parameter of LogisticRegression must be a str among {'newton-cg', 'lbfgs', 'liblinear', 'saga', 'sag', 'newton-cholesky'}. Got 'invalid_solver' instead.","def ml_err_32():
    """"""Logistic regression invalid solver""""""
    from sklearn.linear_model import LogisticRegression
    # Throws error when fitting, not when constructing
    clf = LogisticRegression(solver='invalid_solver')
    clf.fit([[1, 2]], [0])




def _select_errors(range_pairs):
    selected = {}
    for name, func in AI_ERRORS.items():
        idx = _err_id(name)
        if any(start <= idx <= end for start, end in range_pairs):
            selected[name] = func
    return selected


",MLError
"2025-11-24T11:47:17.506177 [INFO] [ERROR] ml_err_33: InvalidParameterError
File ""/app/errors/ml/__init__.py"", line 86, in _run_error_category
    error_func()
  File ""/app/errors/ml/training_errors.py"", line 39, in ml_err_33
    clf.fit([[1, 2]], [0])
  File ""/usr/local/lib/python3.11/site-packages/sklearn/base.py"", line 1358, in wrapper
    estimator._validate_params()
  File ""/usr/local/lib/python3.11/site-packages/sklearn/base.py"", line 471, in _validate_params
    validate_parameter_constraints(
  File ""/usr/local/lib/python3.11/site-packages/sklearn/utils/_param_validation.py"", line 98, in validate_parameter_constraints
    raise InvalidParameterError(
sklearn.utils._param_validation.InvalidParameterError: The 'kernel' parameter of SVC must be a str among {'rbf', 'precomputed', 'sigmoid', 'poly', 'linear'} or a callable. Got 'invalid_kernel' instead.","def ml_err_33():
    """"""SVM invalid kernel""""""
    from sklearn.svm import SVC
    clf = SVC(kernel='invalid_kernel')
    clf.fit([[1, 2]], [0])




def _select_errors(range_pairs):
    selected = {}
    for name, func in AI_ERRORS.items():
        idx = _err_id(name)
        if any(start <= idx <= end for start, end in range_pairs):
            selected[name] = func
    return selected


",MLError
"2025-11-24T11:47:17.507641 [INFO] [ERROR] ml_err_34: InvalidParameterError
File ""/app/errors/ml/__init__.py"", line 86, in _run_error_category
    error_func()
  File ""/app/errors/ml/training_errors.py"", line 46, in ml_err_34
    clf.fit([[1, 2]], [0])
  File ""/usr/local/lib/python3.11/site-packages/sklearn/base.py"", line 1358, in wrapper
    estimator._validate_params()
  File ""/usr/local/lib/python3.11/site-packages/sklearn/base.py"", line 471, in _validate_params
    validate_parameter_constraints(
  File ""/usr/local/lib/python3.11/site-packages/sklearn/utils/_param_validation.py"", line 98, in validate_parameter_constraints
    raise InvalidParameterError(
sklearn.utils._param_validation.InvalidParameterError: The 'max_depth' parameter of DecisionTreeClassifier must be an int in the range [1, inf) or None. Got 'not_int' instead.","def ml_err_34():
    """"""Decision tree max_depth type error""""""
    from sklearn.tree import DecisionTreeClassifier
    clf = DecisionTreeClassifier(max_depth='not_int')
    clf.fit([[1, 2]], [0])




def _select_errors(range_pairs):
    selected = {}
    for name, func in AI_ERRORS.items():
        idx = _err_id(name)
        if any(start <= idx <= end for start, end in range_pairs):
            selected[name] = func
    return selected


",MLError
"2025-11-24T11:47:17.509145 [INFO] [ERROR] ml_err_35: InvalidParameterError
File ""/app/errors/ml/__init__.py"", line 86, in _run_error_category
    error_func()
  File ""/app/errors/ml/training_errors.py"", line 53, in ml_err_35
    clf.fit([[1, 2]], [0])
  File ""/usr/local/lib/python3.11/site-packages/sklearn/base.py"", line 1358, in wrapper
    estimator._validate_params()
  File ""/usr/local/lib/python3.11/site-packages/sklearn/base.py"", line 471, in _validate_params
    validate_parameter_constraints(
  File ""/usr/local/lib/python3.11/site-packages/sklearn/utils/_param_validation.py"", line 98, in validate_parameter_constraints
    raise InvalidParameterError(
sklearn.utils._param_validation.InvalidParameterError: The 'n_estimators' parameter of RandomForestClassifier must be an int in the range [1, inf). Got -5 instead.","def ml_err_35():
    """"""Random forest n_estimators negative""""""
    from sklearn.ensemble import RandomForestClassifier
    clf = RandomForestClassifier(n_estimators=-5)
    clf.fit([[1, 2]], [0])




def _select_errors(range_pairs):
    selected = {}
    for name, func in AI_ERRORS.items():
        idx = _err_id(name)
        if any(start <= idx <= end for start, end in range_pairs):
            selected[name] = func
    return selected


",MLError
"2025-11-24T11:47:17.510490 [INFO] [ERROR] ml_err_36: InvalidParameterError
File ""/app/errors/ml/__init__.py"", line 86, in _run_error_category
    error_func()
  File ""/app/errors/ml/training_errors.py"", line 60, in ml_err_36
    clf.fit([[1, 2]], [0])
  File ""/usr/local/lib/python3.11/site-packages/sklearn/base.py"", line 1358, in wrapper
    estimator._validate_params()
  File ""/usr/local/lib/python3.11/site-packages/sklearn/base.py"", line 471, in _validate_params
    validate_parameter_constraints(
  File ""/usr/local/lib/python3.11/site-packages/sklearn/utils/_param_validation.py"", line 98, in validate_parameter_constraints
    raise InvalidParameterError(
sklearn.utils._param_validation.InvalidParameterError: The 'loss' parameter of GradientBoostingClassifier must be a str among {'exponential', 'log_loss'}. Got 'invalid_loss' instead.","def ml_err_36():
    """"""Gradient boosting invalid loss""""""
    from sklearn.ensemble import GradientBoostingClassifier
    clf = GradientBoostingClassifier(loss='invalid_loss')
    clf.fit([[1, 2]], [0])




def _select_errors(range_pairs):
    selected = {}
    for name, func in AI_ERRORS.items():
        idx = _err_id(name)
        if any(start <= idx <= end for start, end in range_pairs):
            selected[name] = func
    return selected


",MLError
"2025-11-24T11:47:17.550969 [INFO] [ERROR] ml_err_38: InvalidParameterError
File ""/app/errors/ml/__init__.py"", line 86, in _run_error_category
    error_func()
  File ""/app/errors/ml/training_errors.py"", line 78, in ml_err_38
    KMeans(n_clusters=0).fit(X)
  File ""/usr/local/lib/python3.11/site-packages/sklearn/base.py"", line 1358, in wrapper
    estimator._validate_params()
  File ""/usr/local/lib/python3.11/site-packages/sklearn/base.py"", line 471, in _validate_params
    validate_parameter_constraints(
  File ""/usr/local/lib/python3.11/site-packages/sklearn/utils/_param_validation.py"", line 98, in validate_parameter_constraints
    raise InvalidParameterError(
sklearn.utils._param_validation.InvalidParameterError: The 'n_clusters' parameter of KMeans must be an int in the range [1, inf). Got 0 instead.","def ml_err_38():
    """"""Clustering invalid n_clusters""""""
    import numpy as np
    from sklearn.cluster import KMeans
    X = np.random.randn(20, 5)
    KMeans(n_clusters=0).fit(X)




def _select_errors(range_pairs):
    selected = {}
    for name, func in AI_ERRORS.items():
        idx = _err_id(name)
        if any(start <= idx <= end for start, end in range_pairs):
            selected[name] = func
    return selected


",MLError
"2025-11-24T11:47:17.556699 [INFO] [ERROR] ml_err_39: InvalidParameterError
File ""/app/errors/ml/__init__.py"", line 86, in _run_error_category
    error_func()
  File ""/app/errors/ml/training_errors.py"", line 86, in ml_err_39
    GaussianMixture(n_components=-5).fit(X)
  File ""/usr/local/lib/python3.11/site-packages/sklearn/mixture/_base.py"", line 182, in fit
    self.fit_predict(X, y)
  File ""/usr/local/lib/python3.11/site-packages/sklearn/base.py"", line 1358, in wrapper
    estimator._validate_params()
  File ""/usr/local/lib/python3.11/site-packages/sklearn/base.py"", line 471, in _validate_params
    validate_parameter_constraints(
  File ""/usr/local/lib/python3.11/site-packages/sklearn/utils/_param_validation.py"", line 98, in validate_parameter_constraints
    raise InvalidParameterError(
sklearn.utils._param_validation.InvalidParameterError: The 'n_components' parameter of GaussianMixture must be an int in the range [1, inf). Got -5 instead.","def ml_err_39():
    """"""GMM invalid n_components""""""
    import numpy as np
    from sklearn.mixture import GaussianMixture
    X = np.random.randn(20, 5)
    GaussianMixture(n_components=-5).fit(X)




def _select_errors(range_pairs):
    selected = {}
    for name, func in AI_ERRORS.items():
        idx = _err_id(name)
        if any(start <= idx <= end for start, end in range_pairs):
            selected[name] = func
    return selected


",MLError
"2025-11-24T11:47:17.557951 [INFO] [ERROR] ml_err_40: InvalidParameterError
File ""/app/errors/ml/__init__.py"", line 86, in _run_error_category
    error_func()
  File ""/app/errors/ml/training_errors.py"", line 94, in ml_err_40
    IsolationForest(contamination=1.5).fit(X)
  File ""/usr/local/lib/python3.11/site-packages/sklearn/base.py"", line 1358, in wrapper
    estimator._validate_params()
  File ""/usr/local/lib/python3.11/site-packages/sklearn/base.py"", line 471, in _validate_params
    validate_parameter_constraints(
  File ""/usr/local/lib/python3.11/site-packages/sklearn/utils/_param_validation.py"", line 98, in validate_parameter_constraints
    raise InvalidParameterError(
sklearn.utils._param_validation.InvalidParameterError: The 'contamination' parameter of IsolationForest must be a str among {'auto'} or a float in the range (0.0, 0.5]. Got 1.5 instead.","def ml_err_40():
    """"""IsolationForest invalid contamination""""""
    import numpy as np
    from sklearn.ensemble import IsolationForest
    X = np.random.randn(20, 5)
    IsolationForest(contamination=1.5).fit(X)




def _select_errors(range_pairs):
    selected = {}
    for name, func in AI_ERRORS.items():
        idx = _err_id(name)
        if any(start <= idx <= end for start, end in range_pairs):
            selected[name] = func
    return selected


",MLError
"2025-11-24T11:47:17.560464 [INFO] [ERROR] ml_err_41: InvalidParameterError
File ""/app/errors/ml/__init__.py"", line 86, in _run_error_category
    error_func()
  File ""/app/errors/ml/training_errors.py"", line 101, in ml_err_41
    clf.fit([[1, 2], [2, 3]])
  File ""/usr/local/lib/python3.11/site-packages/sklearn/svm/_classes.py"", line 1734, in fit
    super().fit(X, np.ones(_num_samples(X)), sample_weight=sample_weight)
  File ""/usr/local/lib/python3.11/site-packages/sklearn/base.py"", line 1358, in wrapper
    estimator._validate_params()
  File ""/usr/local/lib/python3.11/site-packages/sklearn/base.py"", line 471, in _validate_params
    validate_parameter_constraints(
  File ""/usr/local/lib/python3.11/site-packages/sklearn/utils/_param_validation.py"", line 98, in validate_parameter_constraints
    raise InvalidParameterError(
sklearn.utils._param_validation.InvalidParameterError: The 'nu' parameter of OneClassSVM must be a float in the range (0.0, 1.0]. Got 1.5 instead.","def ml_err_41():
    """"""OneClassSVM invalid nu""""""
    from sklearn.svm import OneClassSVM
    clf = OneClassSVM(nu=1.5)
    clf.fit([[1, 2], [2, 3]])




def _select_errors(range_pairs):
    selected = {}
    for name, func in AI_ERRORS.items():
        idx = _err_id(name)
        if any(start <= idx <= end for start, end in range_pairs):
            selected[name] = func
    return selected


",MLError
"2025-11-24T11:47:17.561824 [INFO] [ERROR] ml_err_42: InvalidParameterError
File ""/app/errors/ml/__init__.py"", line 86, in _run_error_category
    error_func()
  File ""/app/errors/ml/training_errors.py"", line 108, in ml_err_42
    model.fit([[1, 2]], [1])
  File ""/usr/local/lib/python3.11/site-packages/sklearn/base.py"", line 1358, in wrapper
    estimator._validate_params()
  File ""/usr/local/lib/python3.11/site-packages/sklearn/base.py"", line 471, in _validate_params
    validate_parameter_constraints(
  File ""/usr/local/lib/python3.11/site-packages/sklearn/utils/_param_validation.py"", line 98, in validate_parameter_constraints
    raise InvalidParameterError(
sklearn.utils._param_validation.InvalidParameterError: The 'alpha' parameter of Ridge must be a float in the range [0.0, inf) or an instance of 'numpy.ndarray'. Got -1.0 instead.","def ml_err_42():
    """"""Ridge regression alpha negative""""""
    from sklearn.linear_model import Ridge
    model = Ridge(alpha=-1.0)
    model.fit([[1, 2]], [1])




def _select_errors(range_pairs):
    selected = {}
    for name, func in AI_ERRORS.items():
        idx = _err_id(name)
        if any(start <= idx <= end for start, end in range_pairs):
            selected[name] = func
    return selected


",MLError
"2025-11-24T11:47:17.563266 [INFO] [ERROR] ml_err_43: InvalidParameterError
File ""/app/errors/ml/__init__.py"", line 86, in _run_error_category
    error_func()
  File ""/app/errors/ml/training_errors.py"", line 115, in ml_err_43
    model.fit([[1, 2]], [1])
  File ""/usr/local/lib/python3.11/site-packages/sklearn/base.py"", line 1358, in wrapper
    estimator._validate_params()
  File ""/usr/local/lib/python3.11/site-packages/sklearn/base.py"", line 471, in _validate_params
    validate_parameter_constraints(
  File ""/usr/local/lib/python3.11/site-packages/sklearn/utils/_param_validation.py"", line 98, in validate_parameter_constraints
    raise InvalidParameterError(
sklearn.utils._param_validation.InvalidParameterError: The 'max_iter' parameter of Lasso must be an int in the range [1, inf) or None. Got 'not_int' instead.","def ml_err_43():
    """"""Lasso invalid max_iter""""""
    from sklearn.linear_model import Lasso
    model = Lasso(max_iter='not_int')
    model.fit([[1, 2]], [1])




def _select_errors(range_pairs):
    selected = {}
    for name, func in AI_ERRORS.items():
        idx = _err_id(name)
        if any(start <= idx <= end for start, end in range_pairs):
            selected[name] = func
    return selected


",MLError
"2025-11-24T11:47:17.564589 [INFO] [ERROR] ml_err_44: InvalidParameterError
File ""/app/errors/ml/__init__.py"", line 86, in _run_error_category
    error_func()
  File ""/app/errors/ml/training_errors.py"", line 122, in ml_err_44
    model.fit([[1, 2]], [1])
  File ""/usr/local/lib/python3.11/site-packages/sklearn/base.py"", line 1358, in wrapper
    estimator._validate_params()
  File ""/usr/local/lib/python3.11/site-packages/sklearn/base.py"", line 471, in _validate_params
    validate_parameter_constraints(
  File ""/usr/local/lib/python3.11/site-packages/sklearn/utils/_param_validation.py"", line 98, in validate_parameter_constraints
    raise InvalidParameterError(
sklearn.utils._param_validation.InvalidParameterError: The 'l1_ratio' parameter of ElasticNet must be a float in the range [0.0, 1.0]. Got 1.5 instead.","def ml_err_44():
    """"""ElasticNet invalid l1_ratio""""""
    from sklearn.linear_model import ElasticNet
    model = ElasticNet(l1_ratio=1.5)
    model.fit([[1, 2]], [1])




def _select_errors(range_pairs):
    selected = {}
    for name, func in AI_ERRORS.items():
        idx = _err_id(name)
        if any(start <= idx <= end for start, end in range_pairs):
            selected[name] = func
    return selected


",MLError
"2025-11-24T11:47:17.565968 [INFO] [ERROR] ml_err_45: TypeError
File ""/app/errors/ml/__init__.py"", line 86, in _run_error_category
    error_func()
  File ""/app/errors/ml/training_errors.py"", line 128, in ml_err_45
    model = BaggingClassifier(base_estimator=None)
            ^^^^^^^^^^^^^^^^^^^^^^^^^^^^^^^^^^^^^^
TypeError: BaggingClassifier.__init__() got an unexpected keyword argument 'base_estimator'","def ml_err_45():
    """"""BaggingClassifier base_estimator None""""""
    from sklearn.ensemble import BaggingClassifier
    model = BaggingClassifier(base_estimator=None)
    model.fit([[1, 2]], [0])




def _select_errors(range_pairs):
    selected = {}
    for name, func in AI_ERRORS.items():
        idx = _err_id(name)
        if any(start <= idx <= end for start, end in range_pairs):
            selected[name] = func
    return selected


",MLError
"2025-11-24T11:47:17.567309 [INFO] [ERROR] ml_err_46: InvalidParameterError
File ""/app/errors/ml/__init__.py"", line 86, in _run_error_category
    error_func()
  File ""/app/errors/ml/training_errors.py"", line 136, in ml_err_46
    clf.fit([[1, 2]], [0])
  File ""/usr/local/lib/python3.11/site-packages/sklearn/base.py"", line 1358, in wrapper
    estimator._validate_params()
  File ""/usr/local/lib/python3.11/site-packages/sklearn/base.py"", line 471, in _validate_params
    validate_parameter_constraints(
  File ""/usr/local/lib/python3.11/site-packages/sklearn/utils/_param_validation.py"", line 98, in validate_parameter_constraints
    raise InvalidParameterError(
sklearn.utils._param_validation.InvalidParameterError: The 'algorithm' parameter of AdaBoostClassifier must be a str among {'SAMME'}. Got 'invalid' instead.","def ml_err_46():
    """"""AdaBoost invalid algorithm""""""
    from sklearn.ensemble import AdaBoostClassifier
    clf = AdaBoostClassifier(algorithm='invalid')
    clf.fit([[1, 2]], [0])




def _select_errors(range_pairs):
    selected = {}
    for name, func in AI_ERRORS.items():
        idx = _err_id(name)
        if any(start <= idx <= end for start, end in range_pairs):
            selected[name] = func
    return selected


",MLError
"2025-11-24T11:47:17.570629 [INFO] [ERROR] ml_err_47: ValueError
File ""/app/errors/ml/__init__.py"", line 86, in _run_error_category
    error_func()
  File ""/app/errors/ml/training_errors.py"", line 143, in ml_err_47
    vc.fit([[1, 2]], [0])
  File ""/usr/local/lib/python3.11/site-packages/sklearn/base.py"", line 1365, in wrapper
    return fit_method(estimator, *args, **kwargs)
           ^^^^^^^^^^^^^^^^^^^^^^^^^^^^^^^^^^^^^^
  File ""/usr/local/lib/python3.11/site-packages/sklearn/ensemble/_voting.py"", line 405, in fit
    return super().fit(X, transformed_y, **fit_params)
           ^^^^^^^^^^^^^^^^^^^^^^^^^^^^^^^^^^^^^^^^^^^
  File ""/usr/local/lib/python3.11/site-packages/sklearn/ensemble/_voting.py"", line 80, in fit
    names, clfs = self._validate_estimators()
                  ^^^^^^^^^^^^^^^^^^^^^^^^^^^
  File ""/usr/local/lib/python3.11/site-packages/sklearn/ensemble/_base.py"", line 218, in _validate_estimators
    raise ValueError(
ValueError: Invalid 'estimators' attribute, 'estimators' should be a non-empty list of (string, estimator) tuples.","def ml_err_47():
    """"""VotingClassifier empty estimators""""""
    from sklearn.ensemble import VotingClassifier
    vc = VotingClassifier(estimators=[])
    vc.fit([[1, 2]], [0])




def _select_errors(range_pairs):
    selected = {}
    for name, func in AI_ERRORS.items():
        idx = _err_id(name)
        if any(start <= idx <= end for start, end in range_pairs):
            selected[name] = func
    return selected


",MLError
"2025-11-24T11:47:17.586127 [INFO] [ERROR] ml_err_48: TypeError
File ""/app/errors/ml/__init__.py"", line 86, in _run_error_category
    error_func()
  File ""/app/errors/ml/training_errors.py"", line 156, in ml_err_48
    ).fit(X, y)
      ^^^^^^^^^
  File ""/usr/local/lib/python3.11/site-packages/sklearn/ensemble/_stacking.py"", line 706, in fit
    return super().fit(X, y_encoded, **fit_params)
           ^^^^^^^^^^^^^^^^^^^^^^^^^^^^^^^^^^^^^^^
  File ""/usr/local/lib/python3.11/site-packages/sklearn/base.py"", line 1365, in wrapper
    return fit_method(estimator, *args, **kwargs)
           ^^^^^^^^^^^^^^^^^^^^^^^^^^^^^^^^^^^^^^
  File ""/usr/local/lib/python3.11/site-packages/sklearn/ensemble/_stacking.py"", line 211, in fit
    self.estimators_ = Parallel(n_jobs=self.n_jobs)(
                       ^^^^^^^^^^^^^^^^^^^^^^^^^^^^^
  File ""/usr/local/lib/python3.11/site-packages/sklearn/utils/parallel.py"", line 82, in __call__
    return super().__call__(iterable_with_config_and_warning_filters)
           ^^^^^^^^^^^^^^^^^^^^^^^^^^^^^^^^^^^^^^^^^^^^^^^^^^^^^^^^^^
  File ""/usr/local/lib/python3.11/site-packages/joblib/parallel.py"", line 1986, in __call__
    return output if self.return_generator else list(output)
                                                ^^^^^^^^^^^^
  File ""/usr/local/lib/python3.11/site-packages/joblib/parallel.py"", line 1911, in _get_sequential_output
    for func, args, kwargs in iterable:
  File ""/usr/local/lib/python3.11/site-packages/sklearn/utils/parallel.py"", line 74, in <genexpr>
    iterable_with_config_and_warning_filters = (
                                               ^
  File ""/usr/local/lib/python3.11/site-packages/sklearn/ensemble/_stacking.py"", line 213, in <genexpr>
    clone(est), X, y, routed_params[name][""fit""]
    ^^^^^^^^^^
  File ""/usr/local/lib/python3.11/site-packages/sklearn/base.py"", line 95, in clone
    return _clone_parametrized(estimator, safe=safe)
           ^^^^^^^^^^^^^^^^^^^^^^^^^^^^^^^^^^^^^^^^^
  File ""/usr/local/lib/python3.11/site-packages/sklearn/base.py"", line 117, in _clone_parametrized
    raise TypeError(
TypeError: Cannot clone object 'None' (type <class 'NoneType'>): it does not seem to be a scikit-learn estimator as it does not implement a 'get_params' method.","def ml_err_48():
    """"""StackingClassifier invalid estimator""""""
    import numpy as np
    from sklearn.ensemble import StackingClassifier
    from sklearn.linear_model import LogisticRegression
    X = np.random.randn(20, 5)
    y = np.random.randint(0, 2, 20)
    StackingClassifier(
        estimators=[(""lr"", LogisticRegression()), (""bad"", None)],
        final_estimator=LogisticRegression()
    ).fit(X, y)




def _select_errors(range_pairs):
    selected = {}
    for name, func in AI_ERRORS.items():
        idx = _err_id(name)
        if any(start <= idx <= end for start, end in range_pairs):
            selected[name] = func
    return selected


",MLError
"2025-11-24T11:47:17.597318 [INFO] [ERROR] ml_err_49: ValueError
File ""/app/errors/ml/__init__.py"", line 86, in _run_error_category
    error_func()
  File ""/app/errors/ml/training_errors.py"", line 166, in ml_err_49
    MultiOutputClassifier(LogisticRegression()).fit(X, y)
  File ""/usr/local/lib/python3.11/site-packages/sklearn/multioutput.py"", line 547, in fit
    super().fit(X, Y, sample_weight=sample_weight, **fit_params)
  File ""/usr/local/lib/python3.11/site-packages/sklearn/base.py"", line 1365, in wrapper
    return fit_method(estimator, *args, **kwargs)
           ^^^^^^^^^^^^^^^^^^^^^^^^^^^^^^^^^^^^^^
  File ""/usr/local/lib/python3.11/site-packages/sklearn/multioutput.py"", line 252, in fit
    raise ValueError(
ValueError: y must have at least two dimensions for multi-output regression but has only one.","def ml_err_49():
    """"""MultiOutput invalid target""""""
    import numpy as np
    from sklearn.multioutput import MultiOutputClassifier
    from sklearn.linear_model import LogisticRegression
    X = np.random.randn(20, 5)
    y = np.random.randint(0, 2, 20)
    MultiOutputClassifier(LogisticRegression()).fit(X, y)




def _select_errors(range_pairs):
    selected = {}
    for name, func in AI_ERRORS.items():
        idx = _err_id(name)
        if any(start <= idx <= end for start, end in range_pairs):
            selected[name] = func
    return selected


",MLError
"2025-11-24T11:47:17.600939 [INFO] [ERROR] ml_err_50: InvalidParameterError
File ""/app/errors/ml/__init__.py"", line 86, in _run_error_category
    error_func()
  File ""/app/errors/ml/training_errors.py"", line 173, in ml_err_50
    nn.fit([[1, 2], [3, 4]])
  File ""/usr/local/lib/python3.11/site-packages/sklearn/base.py"", line 1358, in wrapper
    estimator._validate_params()
  File ""/usr/local/lib/python3.11/site-packages/sklearn/base.py"", line 471, in _validate_params
    validate_parameter_constraints(
  File ""/usr/local/lib/python3.11/site-packages/sklearn/utils/_param_validation.py"", line 98, in validate_parameter_constraints
    raise InvalidParameterError(
sklearn.utils._param_validation.InvalidParameterError: The 'metric' parameter of NearestNeighbors must be a str among {'dice', 'rogerstanimoto', 'braycurtis', 'hamming', 'canberra', 'russellrao', 'haversine', 'manhattan', 'seuclidean', 'jaccard', 'pyfunc', 'p', 'chebyshev', 'l1', 'cosine', 'precomputed', 'mahalanobis', 'sokalmichener', 'cityblock', 'l2', 'nan_euclidean', 'sqeuclidean', 'euclidean', 'sokalsneath', 'correlation', 'infinity', 'yule', 'minkowski'}, a callable or an instance of 'sklearn.metrics._dist_metrics.DistanceMetric'. Got 'invalid_metric' instead.","def ml_err_50():
    """"""NearestNeighbors invalid metric""""""
    from sklearn.neighbors import NearestNeighbors
    nn = NearestNeighbors(metric='invalid_metric')
    nn.fit([[1, 2], [3, 4]])




def _select_errors(range_pairs):
    selected = {}
    for name, func in AI_ERRORS.items():
        idx = _err_id(name)
        if any(start <= idx <= end for start, end in range_pairs):
            selected[name] = func
    return selected


",MLError
"2025-11-24T11:47:17.606210 [INFO] [ERROR] ml_err_51: ValueError
File ""/app/errors/ml/__init__.py"", line 86, in _run_error_category
    error_func()
  File ""/app/errors/ml/training_errors.py"", line 181, in ml_err_51
    ir.fit(np.random.randn(50), np.random.randn(50), sample_weight=np.random.randn(40))
  File ""/usr/local/lib/python3.11/site-packages/sklearn/base.py"", line 1365, in wrapper
    return fit_method(estimator, *args, **kwargs)
           ^^^^^^^^^^^^^^^^^^^^^^^^^^^^^^^^^^^^^^
  File ""/usr/local/lib/python3.11/site-packages/sklearn/isotonic.py"", line 397, in fit
    check_consistent_length(X, y, sample_weight)
  File ""/usr/local/lib/python3.11/site-packages/sklearn/utils/validation.py"", line 473, in check_consistent_length
    raise ValueError(
ValueError: Found input variables with inconsistent numbers of samples: [50, 50, 40]","def ml_err_51():
    """"""Isotonic regression sample_weight mismatch""""""
    import numpy as np
    from sklearn.isotonic import IsotonicRegression
    ir = IsotonicRegression()
    ir.fit(np.random.randn(50), np.random.randn(50), sample_weight=np.random.randn(40))




def _select_errors(range_pairs):
    selected = {}
    for name, func in AI_ERRORS.items():
        idx = _err_id(name)
        if any(start <= idx <= end for start, end in range_pairs):
            selected[name] = func
    return selected


",MLError
"2025-11-24T11:47:17.608296 [INFO] [ERROR] ml_err_52: InvalidParameterError
File ""/app/errors/ml/__init__.py"", line 86, in _run_error_category
    error_func()
  File ""/app/errors/ml/training_errors.py"", line 188, in ml_err_52
    clf.fit([[1, 2]], [0])
  File ""/usr/local/lib/python3.11/site-packages/sklearn/base.py"", line 1358, in wrapper
    estimator._validate_params()
  File ""/usr/local/lib/python3.11/site-packages/sklearn/base.py"", line 471, in _validate_params
    validate_parameter_constraints(
  File ""/usr/local/lib/python3.11/site-packages/sklearn/utils/_param_validation.py"", line 98, in validate_parameter_constraints
    raise InvalidParameterError(
sklearn.utils._param_validation.InvalidParameterError: The 'loss' parameter of PassiveAggressiveClassifier must be a str among {'hinge', 'squared_hinge'}. Got 'invalid' instead.","def ml_err_52():
    """"""PassiveAggressiveClassifier invalid loss""""""
    from sklearn.linear_model import PassiveAggressiveClassifier
    clf = PassiveAggressiveClassifier(loss='invalid')
    clf.fit([[1, 2]], [0])




def _select_errors(range_pairs):
    selected = {}
    for name, func in AI_ERRORS.items():
        idx = _err_id(name)
        if any(start <= idx <= end for start, end in range_pairs):
            selected[name] = func
    return selected


",MLError
"2025-11-24T11:47:17.609963 [INFO] [ERROR] ml_err_53: InvalidParameterError
File ""/app/errors/ml/__init__.py"", line 86, in _run_error_category
    error_func()
  File ""/app/errors/ml/training_errors.py"", line 195, in ml_err_53
    clf.fit([[1, 2]], [0])
  File ""/usr/local/lib/python3.11/site-packages/sklearn/base.py"", line 1358, in wrapper
    estimator._validate_params()
  File ""/usr/local/lib/python3.11/site-packages/sklearn/base.py"", line 471, in _validate_params
    validate_parameter_constraints(
  File ""/usr/local/lib/python3.11/site-packages/sklearn/utils/_param_validation.py"", line 98, in validate_parameter_constraints
    raise InvalidParameterError(
sklearn.utils._param_validation.InvalidParameterError: The 'penalty' parameter of SGDClassifier must be a str among {'l2', 'l1', 'elasticnet'} or None. Got 'invalid_penalty' instead.","def ml_err_53():
    """"""SGDClassifier invalid penalty""""""
    from sklearn.linear_model import SGDClassifier
    clf = SGDClassifier(penalty='invalid_penalty')
    clf.fit([[1, 2]], [0])




def _select_errors(range_pairs):
    selected = {}
    for name, func in AI_ERRORS.items():
        idx = _err_id(name)
        if any(start <= idx <= end for start, end in range_pairs):
            selected[name] = func
    return selected


",MLError
"2025-11-24T11:47:17.615821 [INFO] [ERROR] ml_err_54: InvalidParameterError
File ""/app/errors/ml/__init__.py"", line 86, in _run_error_category
    error_func()
  File ""/app/errors/ml/training_errors.py"", line 202, in ml_err_54
    clf.fit([[1, 2]], [0])
  File ""/usr/local/lib/python3.11/site-packages/sklearn/base.py"", line 1358, in wrapper
    estimator._validate_params()
  File ""/usr/local/lib/python3.11/site-packages/sklearn/base.py"", line 471, in _validate_params
    validate_parameter_constraints(
  File ""/usr/local/lib/python3.11/site-packages/sklearn/utils/_param_validation.py"", line 98, in validate_parameter_constraints
    raise InvalidParameterError(
sklearn.utils._param_validation.InvalidParameterError: The 'hidden_layer_sizes' parameter of MLPClassifier must be an array-like or an int in the range [1, inf). Got 'invalid' instead.","def ml_err_54():
    """"""MLPClassifier invalid hidden_layer_sizes""""""
    from sklearn.neural_network import MLPClassifier
    clf = MLPClassifier(hidden_layer_sizes='invalid')
    clf.fit([[1, 2]], [0])




def _select_errors(range_pairs):
    selected = {}
    for name, func in AI_ERRORS.items():
        idx = _err_id(name)
        if any(start <= idx <= end for start, end in range_pairs):
            selected[name] = func
    return selected


",MLError
"2025-11-24T11:47:17.617775 [INFO] [ERROR] ml_err_55: InvalidParameterError
File ""/app/errors/ml/__init__.py"", line 86, in _run_error_category
    error_func()
  File ""/app/errors/ml/training_errors.py"", line 209, in ml_err_55
    clf.fit([[1, 2]], [0])
  File ""/usr/local/lib/python3.11/site-packages/sklearn/base.py"", line 1358, in wrapper
    estimator._validate_params()
  File ""/usr/local/lib/python3.11/site-packages/sklearn/base.py"", line 471, in _validate_params
    validate_parameter_constraints(
  File ""/usr/local/lib/python3.11/site-packages/sklearn/utils/_param_validation.py"", line 98, in validate_parameter_constraints
    raise InvalidParameterError(
sklearn.utils._param_validation.InvalidParameterError: The 'n_estimators' parameter of ExtraTreesClassifier must be an int in the range [1, inf). Got 'not_int' instead.","def ml_err_55():
    """"""ExtraTrees invalid n_estimators""""""
    from sklearn.ensemble import ExtraTreesClassifier
    clf = ExtraTreesClassifier(n_estimators='not_int')
    clf.fit([[1, 2]], [0])




def _select_errors(range_pairs):
    selected = {}
    for name, func in AI_ERRORS.items():
        idx = _err_id(name)
        if any(start <= idx <= end for start, end in range_pairs):
            selected[name] = func
    return selected


",MLError
"2025-11-24T11:47:17.620932 [INFO] [ERROR] ml_err_56: InvalidParameterError
File ""/app/errors/ml/__init__.py"", line 86, in _run_error_category
    error_func()
  File ""/app/errors/ml/training_errors.py"", line 218, in ml_err_56
    HistGradientBoostingClassifier(max_depth=0).fit(X, y)
  File ""/usr/local/lib/python3.11/site-packages/sklearn/base.py"", line 1358, in wrapper
    estimator._validate_params()
  File ""/usr/local/lib/python3.11/site-packages/sklearn/base.py"", line 471, in _validate_params
    validate_parameter_constraints(
  File ""/usr/local/lib/python3.11/site-packages/sklearn/utils/_param_validation.py"", line 98, in validate_parameter_constraints
    raise InvalidParameterError(
sklearn.utils._param_validation.InvalidParameterError: The 'max_depth' parameter of HistGradientBoostingClassifier must be an int in the range [1, inf) or None. Got 0 instead.","def ml_err_56():
    """"""HistGradientBoostingClassifier invalid depth""""""
    import numpy as np
    from sklearn.ensemble import HistGradientBoostingClassifier
    X = np.random.randn(50, 5)
    y = np.random.randint(0, 2, 50)
    HistGradientBoostingClassifier(max_depth=0).fit(X, y)




def _select_errors(range_pairs):
    selected = {}
    for name, func in AI_ERRORS.items():
        idx = _err_id(name)
        if any(start <= idx <= end for start, end in range_pairs):
            selected[name] = func
    return selected


",MLError
"2025-11-24T11:47:17.623343 [INFO] [ERROR] ml_err_57: InvalidParameterError
File ""/app/errors/ml/__init__.py"", line 86, in _run_error_category
    error_func()
  File ""/app/errors/ml/training_errors.py"", line 225, in ml_err_57
    clf.fit([[1, 2]], [0])
  File ""/usr/local/lib/python3.11/site-packages/sklearn/base.py"", line 1358, in wrapper
    estimator._validate_params()
  File ""/usr/local/lib/python3.11/site-packages/sklearn/base.py"", line 471, in _validate_params
    validate_parameter_constraints(
  File ""/usr/local/lib/python3.11/site-packages/sklearn/utils/_param_validation.py"", line 98, in validate_parameter_constraints
    raise InvalidParameterError(
sklearn.utils._param_validation.InvalidParameterError: The 'reg_param' parameter of QuadraticDiscriminantAnalysis must be a float in the range [0.0, 1.0]. Got -1 instead.","def ml_err_57():
    """"""QDA invalid reg_param""""""
    from sklearn.discriminant_analysis import QuadraticDiscriminantAnalysis
    clf = QuadraticDiscriminantAnalysis(reg_param=-1)
    clf.fit([[1, 2]], [0])




def _select_errors(range_pairs):
    selected = {}
    for name, func in AI_ERRORS.items():
        idx = _err_id(name)
        if any(start <= idx <= end for start, end in range_pairs):
            selected[name] = func
    return selected


",MLError
"2025-11-24T11:47:17.627239 [INFO] [ERROR] ml_err_58: InvalidParameterError
File ""/app/errors/ml/__init__.py"", line 86, in _run_error_category
    error_func()
  File ""/app/errors/ml/training_errors.py"", line 232, in ml_err_58
    clf.fit([[1, 2], [1, 3]], [0, 1])
  File ""/usr/local/lib/python3.11/site-packages/sklearn/base.py"", line 1358, in wrapper
    estimator._validate_params()
  File ""/usr/local/lib/python3.11/site-packages/sklearn/base.py"", line 471, in _validate_params
    validate_parameter_constraints(
  File ""/usr/local/lib/python3.11/site-packages/sklearn/utils/_param_validation.py"", line 98, in validate_parameter_constraints
    raise InvalidParameterError(
sklearn.utils._param_validation.InvalidParameterError: The 'alpha' parameter of MultinomialNB must be a float in the range [0.0, inf) or an array-like. Got -1 instead.","def ml_err_58():
    """"""MultinomialNB negative alpha""""""
    from sklearn.naive_bayes import MultinomialNB
    clf = MultinomialNB(alpha=-1)
    clf.fit([[1, 2], [1, 3]], [0, 1])




def _select_errors(range_pairs):
    selected = {}
    for name, func in AI_ERRORS.items():
        idx = _err_id(name)
        if any(start <= idx <= end for start, end in range_pairs):
            selected[name] = func
    return selected


",MLError
"2025-11-24T11:47:17.628793 [INFO] [ERROR] ml_err_59: InvalidParameterError
File ""/app/errors/ml/__init__.py"", line 86, in _run_error_category
    error_func()
  File ""/app/errors/ml/training_errors.py"", line 239, in ml_err_59
    clf.fit([[1, 2], [3, 4]], [1, 0])
  File ""/usr/local/lib/python3.11/site-packages/sklearn/base.py"", line 1358, in wrapper
    estimator._validate_params()
  File ""/usr/local/lib/python3.11/site-packages/sklearn/base.py"", line 471, in _validate_params
    validate_parameter_constraints(
  File ""/usr/local/lib/python3.11/site-packages/sklearn/utils/_param_validation.py"", line 98, in validate_parameter_constraints
    raise InvalidParameterError(
sklearn.utils._param_validation.InvalidParameterError: The 'epsilon' parameter of HuberRegressor must be a float in the range [1.0, inf). Got 'not_float' instead.","def ml_err_59():
    """"""HuberRegressor invalid epsilon""""""
    from sklearn.linear_model import HuberRegressor
    clf = HuberRegressor(epsilon='not_float')
    clf.fit([[1, 2], [3, 4]], [1, 0])




def _select_errors(range_pairs):
    selected = {}
    for name, func in AI_ERRORS.items():
        idx = _err_id(name)
        if any(start <= idx <= end for start, end in range_pairs):
            selected[name] = func
    return selected


",MLError
"2025-11-24T11:47:17.630453 [INFO] [ERROR] ml_err_60: InvalidParameterError
File ""/app/errors/ml/__init__.py"", line 86, in _run_error_category
    error_func()
  File ""/app/errors/ml/training_errors.py"", line 246, in ml_err_60
    model.fit([[1, 2], [3, 4]], [1, 0])
  File ""/usr/local/lib/python3.11/site-packages/sklearn/base.py"", line 1358, in wrapper
    estimator._validate_params()
  File ""/usr/local/lib/python3.11/site-packages/sklearn/base.py"", line 471, in _validate_params
    validate_parameter_constraints(
  File ""/usr/local/lib/python3.11/site-packages/sklearn/utils/_param_validation.py"", line 98, in validate_parameter_constraints
    raise InvalidParameterError(
sklearn.utils._param_validation.InvalidParameterError: The 'max_subpopulation' parameter of TheilSenRegressor must be a float in the range [1.0, inf). Got -1 instead.","def ml_err_60():
    """"""TheilSen max_subpopulation negative""""""
    from sklearn.linear_model import TheilSenRegressor
    model = TheilSenRegressor(max_subpopulation=-1)
    model.fit([[1, 2], [3, 4]], [1, 0])


__all__ = [f""ml_err_{i:02d}"" for i in range(31, 61)]


def _select_errors(range_pairs):
    selected = {}
    for name, func in AI_ERRORS.items():
        idx = _err_id(name)
        if any(start <= idx <= end for start, end in range_pairs):
            selected[name] = func
    return selected


",MLError
"2025-11-24T11:47:20.324875 [INFO] [ERROR] ml_err_143: ValueError
File ""/app/errors/ml/__init__.py"", line 86, in _run_error_category
    error_func()
  File ""/app/errors/ml/nextgen_errors.py"", line 342, in ml_err_143
    confusion_matrix([0, 1, 2], [0, 2])
  File ""/usr/local/lib/python3.11/site-packages/sklearn/utils/_param_validation.py"", line 218, in wrapper
    return func(*args, **kwargs)
           ^^^^^^^^^^^^^^^^^^^^^
  File ""/usr/local/lib/python3.11/site-packages/sklearn/metrics/_classification.py"", line 467, in confusion_matrix
    y_type, y_true, y_pred = _check_targets(y_true, y_pred)
                             ^^^^^^^^^^^^^^^^^^^^^^^^^^^^^^
  File ""/usr/local/lib/python3.11/site-packages/sklearn/metrics/_classification.py"", line 97, in _check_targets
    check_consistent_length(y_true, y_pred)
  File ""/usr/local/lib/python3.11/site-packages/sklearn/utils/validation.py"", line 473, in check_consistent_length
    raise ValueError(
ValueError: Found input variables with inconsistent numbers of samples: [3, 2]","def ml_err_143():
    """"""Confusion matrix fails due to label mismatch.""""""
    from sklearn.metrics import confusion_matrix
    confusion_matrix([0, 1, 2], [0, 2])




def _select_errors(range_pairs):
    selected = {}
    for name, func in AI_ERRORS.items():
        idx = _err_id(name)
        if any(start <= idx <= end for start, end in range_pairs):
            selected[name] = func
    return selected


",MLError
"2025-11-24T11:47:20.332737 [INFO] [ERROR] ml_err_144: ValueError
File ""/app/errors/ml/__init__.py"", line 86, in _run_error_category
    error_func()
  File ""/app/errors/ml/nextgen_errors.py"", line 352, in ml_err_144
    cross_val_score(LogisticRegression(), X[:4], y[:4], cv=5)
  File ""/usr/local/lib/python3.11/site-packages/sklearn/utils/_param_validation.py"", line 218, in wrapper
    return func(*args, **kwargs)
           ^^^^^^^^^^^^^^^^^^^^^
  File ""/usr/local/lib/python3.11/site-packages/sklearn/model_selection/_validation.py"", line 677, in cross_val_score
    cv_results = cross_validate(
                 ^^^^^^^^^^^^^^^
  File ""/usr/local/lib/python3.11/site-packages/sklearn/utils/_param_validation.py"", line 218, in wrapper
    return func(*args, **kwargs)
           ^^^^^^^^^^^^^^^^^^^^^
  File ""/usr/local/lib/python3.11/site-packages/sklearn/model_selection/_validation.py"", line 399, in cross_validate
    results = parallel(
              ^^^^^^^^^
  File ""/usr/local/lib/python3.11/site-packages/sklearn/utils/parallel.py"", line 82, in __call__
    return super().__call__(iterable_with_config_and_warning_filters)
           ^^^^^^^^^^^^^^^^^^^^^^^^^^^^^^^^^^^^^^^^^^^^^^^^^^^^^^^^^^
  File ""/usr/local/lib/python3.11/site-packages/joblib/parallel.py"", line 1986, in __call__
    return output if self.return_generator else list(output)
                                                ^^^^^^^^^^^^
  File ""/usr/local/lib/python3.11/site-packages/joblib/parallel.py"", line 1911, in _get_sequential_output
    for func, args, kwargs in iterable:
  File ""/usr/local/lib/python3.11/site-packages/sklearn/utils/parallel.py"", line 74, in <genexpr>
    iterable_with_config_and_warning_filters = (
                                               ^
  File ""/usr/local/lib/python3.11/site-packages/sklearn/model_selection/_validation.py"", line 399, in <genexpr>
    results = parallel(
                      ^
  File ""/usr/local/lib/python3.11/site-packages/sklearn/model_selection/_split.py"", line 404, in split
    raise ValueError(
ValueError: Cannot have number of splits n_splits=5 greater than the number of samples: n_samples=4.","def ml_err_144():
    """"""Cross_val_score invoked with cv greater than number of samples.""""""
    from sklearn.datasets import load_iris
    from sklearn.model_selection import cross_val_score
    from sklearn.linear_model import LogisticRegression
    X, y = load_iris(return_X_y=True)
    y = (y == 0).astype(int)
    cross_val_score(LogisticRegression(), X[:4], y[:4], cv=5)




def _select_errors(range_pairs):
    selected = {}
    for name, func in AI_ERRORS.items():
        idx = _err_id(name)
        if any(start <= idx <= end for start, end in range_pairs):
            selected[name] = func
    return selected


",MLError
"2025-11-24T11:47:20.362552 [INFO] [ERROR] ml_err_145: ValueError
File ""/app/errors/ml/__init__.py"", line 86, in _run_error_category
    error_func()
  File ""/app/errors/ml/nextgen_errors.py"", line 358, in ml_err_145
    brier_score_loss([0, 1], [1.2, -0.1])
  File ""/usr/local/lib/python3.11/site-packages/sklearn/utils/_param_validation.py"", line 218, in wrapper
    return func(*args, **kwargs)
           ^^^^^^^^^^^^^^^^^^^^^
  File ""/usr/local/lib/python3.11/site-packages/sklearn/metrics/_classification.py"", line 3609, in brier_score_loss
    transformed_labels, y_proba = _validate_binary_probabilistic_prediction(
                                  ^^^^^^^^^^^^^^^^^^^^^^^^^^^^^^^^^^^^^^^^^^
  File ""/usr/local/lib/python3.11/site-packages/sklearn/metrics/_classification.py"", line 3452, in _validate_binary_probabilistic_prediction
    raise ValueError(f""y_prob contains values greater than 1: {y_prob.max()}"")
ValueError: y_prob contains values greater than 1: 1.2","def ml_err_145():
    """"""Brier score receives probabilities outside [0,1].""""""
    from sklearn.metrics import brier_score_loss
    brier_score_loss([0, 1], [1.2, -0.1])




def _select_errors(range_pairs):
    selected = {}
    for name, func in AI_ERRORS.items():
        idx = _err_id(name)
        if any(start <= idx <= end for start, end in range_pairs):
            selected[name] = func
    return selected


",MLError
"2025-11-24T11:47:20.373058 [INFO] [ERROR] ml_err_148: ValueError
File ""/app/errors/ml/__init__.py"", line 86, in _run_error_category
    error_func()
  File ""/app/errors/ml/nextgen_errors.py"", line 378, in ml_err_148
    silhouette_score(X, [0, 0, 0, 0, 0])
  File ""/usr/local/lib/python3.11/site-packages/sklearn/utils/_param_validation.py"", line 218, in wrapper
    return func(*args, **kwargs)
           ^^^^^^^^^^^^^^^^^^^^^
  File ""/usr/local/lib/python3.11/site-packages/sklearn/metrics/cluster/_unsupervised.py"", line 138, in silhouette_score
    return float(np.mean(silhouette_samples(X, labels, metric=metric, **kwds)))
                         ^^^^^^^^^^^^^^^^^^^^^^^^^^^^^^^^^^^^^^^^^^^^^^^^^^^^
  File ""/usr/local/lib/python3.11/site-packages/sklearn/utils/_param_validation.py"", line 191, in wrapper
    return func(*args, **kwargs)
           ^^^^^^^^^^^^^^^^^^^^^
  File ""/usr/local/lib/python3.11/site-packages/sklearn/metrics/cluster/_unsupervised.py"", line 296, in silhouette_samples
    check_number_of_labels(len(le.classes_), n_samples)
  File ""/usr/local/lib/python3.11/site-packages/sklearn/metrics/cluster/_unsupervised.py"", line 35, in check_number_of_labels
    raise ValueError(
ValueError: Number of labels is 1. Valid values are 2 to n_samples - 1 (inclusive)","def ml_err_148():
    """"""silhouette_score requires at least 2 clusters.""""""
    from sklearn.metrics import silhouette_score
    from sklearn.datasets import make_blobs
    X, _ = make_blobs(n_samples=5, centers=1, random_state=42)
    silhouette_score(X, [0, 0, 0, 0, 0])




def _select_errors(range_pairs):
    selected = {}
    for name, func in AI_ERRORS.items():
        idx = _err_id(name)
        if any(start <= idx <= end for start, end in range_pairs):
            selected[name] = func
    return selected


",MLError
"2025-11-24T11:47:20.377662 [INFO] [ERROR] ml_err_149: ValueError
File ""/app/errors/ml/__init__.py"", line 86, in _run_error_category
    error_func()
  File ""/app/errors/ml/nextgen_errors.py"", line 384, in ml_err_149
    matthews_corrcoef([0, 1], [0, float(""nan"")])
  File ""/usr/local/lib/python3.11/site-packages/sklearn/utils/_param_validation.py"", line 218, in wrapper
    return func(*args, **kwargs)
           ^^^^^^^^^^^^^^^^^^^^^
  File ""/usr/local/lib/python3.11/site-packages/sklearn/metrics/_classification.py"", line 1174, in matthews_corrcoef
    y_type, y_true, y_pred = _check_targets(y_true, y_pred)
                             ^^^^^^^^^^^^^^^^^^^^^^^^^^^^^^
  File ""/usr/local/lib/python3.11/site-packages/sklearn/metrics/_classification.py"", line 99, in _check_targets
    type_pred = type_of_target(y_pred, input_name=""y_pred"")
                ^^^^^^^^^^^^^^^^^^^^^^^^^^^^^^^^^^^^^^^^^^^
  File ""/usr/local/lib/python3.11/site-packages/sklearn/utils/multiclass.py"", line 410, in type_of_target
    _assert_all_finite(data, input_name=input_name)
  File ""/usr/local/lib/python3.11/site-packages/sklearn/utils/validation.py"", line 120, in _assert_all_finite
    _assert_all_finite_element_wise(
  File ""/usr/local/lib/python3.11/site-packages/sklearn/utils/validation.py"", line 169, in _assert_all_finite_element_wise
    raise ValueError(msg_err)
ValueError: Input y_pred contains NaN.","def ml_err_149():
    """"""Matthews correlation fails with NaN predictions.""""""
    from sklearn.metrics import matthews_corrcoef
    matthews_corrcoef([0, 1], [0, float(""nan"")])




def _select_errors(range_pairs):
    selected = {}
    for name, func in AI_ERRORS.items():
        idx = _err_id(name)
        if any(start <= idx <= end for start, end in range_pairs):
            selected[name] = func
    return selected


",MLError
"2025-11-24T11:47:20.476077 [INFO] [ERROR] ml_err_151: RuntimeError
File ""/app/errors/ml/__init__.py"", line 86, in _run_error_category
    error_func()
  File ""/app/errors/ml/nextgen_errors.py"", line 404, in ml_err_151
    permutation_importance(model, X, y, scoring=scorer)
  File ""/usr/local/lib/python3.11/site-packages/sklearn/utils/_param_validation.py"", line 218, in wrapper
    return func(*args, **kwargs)
           ^^^^^^^^^^^^^^^^^^^^^
  File ""/usr/local/lib/python3.11/site-packages/sklearn/inspection/_permutation_importance.py"", line 286, in permutation_importance
    baseline_score = _weights_scorer(scorer, estimator, X, y, sample_weight)
                     ^^^^^^^^^^^^^^^^^^^^^^^^^^^^^^^^^^^^^^^^^^^^^^^^^^^^^^^
  File ""/usr/local/lib/python3.11/site-packages/sklearn/inspection/_permutation_importance.py"", line 28, in _weights_scorer
    return scorer(estimator, X, y)
           ^^^^^^^^^^^^^^^^^^^^^^^
  File ""/app/errors/ml/nextgen_errors.py"", line 402, in scorer
    raise RuntimeError(""Custom scorer failed"")
RuntimeError: Custom scorer failed","    def scorer(estimator, X, y):
        raise RuntimeError(""Custom scorer failed"")

    permutation_importance(model, X, y, scoring=scorer)




def ml_err_151():
    """"""Permutation importance fails when scoring function raises.""""""
    from sklearn.inspection import permutation_importance
    from sklearn.datasets import load_iris
    from sklearn.ensemble import RandomForestClassifier
    X, y = load_iris(return_X_y=True)
    model = RandomForestClassifier().fit(X, y)



def _select_errors(range_pairs):
    selected = {}
    for name, func in AI_ERRORS.items():
        idx = _err_id(name)
        if any(start <= idx <= end for start, end in range_pairs):
            selected[name] = func
    return selected


",MLError
"2025-11-24T11:47:20.480575 [INFO] [ERROR] ml_err_152: ValueError
File ""/app/errors/ml/__init__.py"", line 86, in _run_error_category
    error_func()
  File ""/app/errors/ml/nextgen_errors.py"", line 410, in ml_err_152
    classification_report([0, 1], [0, 1], target_names=[""negative""])
  File ""/usr/local/lib/python3.11/site-packages/sklearn/utils/_param_validation.py"", line 218, in wrapper
    return func(*args, **kwargs)
           ^^^^^^^^^^^^^^^^^^^^^
  File ""/usr/local/lib/python3.11/site-packages/sklearn/metrics/_classification.py"", line 2970, in classification_report
    raise ValueError(
ValueError: Number of classes, 2, does not match size of target_names, 1. Try specifying the labels parameter","def ml_err_152():
    """"""Classification report fails when labels and target names length differ.""""""
    from sklearn.metrics import classification_report
    classification_report([0, 1], [0, 1], target_names=[""negative""])




def _select_errors(range_pairs):
    selected = {}
    for name, func in AI_ERRORS.items():
        idx = _err_id(name)
        if any(start <= idx <= end for start, end in range_pairs):
            selected[name] = func
    return selected


",MLError
"2025-11-24T11:47:20.485924 [INFO] [ERROR] ml_err_153: ValueError
File ""/app/errors/ml/__init__.py"", line 86, in _run_error_category
    error_func()
  File ""/app/errors/ml/nextgen_errors.py"", line 416, in ml_err_153
    calibration_curve([0, 1], [[0.2, 0.8], [0.1, 0.9]])
  File ""/usr/local/lib/python3.11/site-packages/sklearn/utils/_param_validation.py"", line 218, in wrapper
    return func(*args, **kwargs)
           ^^^^^^^^^^^^^^^^^^^^^
  File ""/usr/local/lib/python3.11/site-packages/sklearn/calibration.py"", line 1035, in calibration_curve
    y_prob = column_or_1d(y_prob)
             ^^^^^^^^^^^^^^^^^^^^
  File ""/usr/local/lib/python3.11/site-packages/sklearn/utils/validation.py"", line 1483, in column_or_1d
    raise ValueError(
ValueError: y should be a 1d array, got an array of shape (2, 2) instead.","def ml_err_153():
    """"""Calibration curve fails because y_prob has wrong shape.""""""
    from sklearn.calibration import calibration_curve
    calibration_curve([0, 1], [[0.2, 0.8], [0.1, 0.9]])




def _select_errors(range_pairs):
    selected = {}
    for name, func in AI_ERRORS.items():
        idx = _err_id(name)
        if any(start <= idx <= end for start, end in range_pairs):
            selected[name] = func
    return selected


",MLError
"2025-11-24T11:47:20.489586 [INFO] [ERROR] ml_err_155: InvalidParameterError
File ""/app/errors/ml/__init__.py"", line 86, in _run_error_category
    error_func()
  File ""/app/errors/ml/nextgen_errors.py"", line 428, in ml_err_155
    fbeta_score([0, 1], [0, 1], beta=-1)
  File ""/usr/local/lib/python3.11/site-packages/sklearn/utils/_param_validation.py"", line 208, in wrapper
    validate_parameter_constraints(
  File ""/usr/local/lib/python3.11/site-packages/sklearn/utils/_param_validation.py"", line 98, in validate_parameter_constraints
    raise InvalidParameterError(
sklearn.utils._param_validation.InvalidParameterError: The 'beta' parameter of fbeta_score must be a float in the range [0.0, inf]. Got -1 instead.","def ml_err_155():
    """"""F-beta score invoked with invalid beta parameter.""""""
    from sklearn.metrics import fbeta_score
    fbeta_score([0, 1], [0, 1], beta=-1)




def _select_errors(range_pairs):
    selected = {}
    for name, func in AI_ERRORS.items():
        idx = _err_id(name)
        if any(start <= idx <= end for start, end in range_pairs):
            selected[name] = func
    return selected


",MLError
"2025-11-24T11:47:20.492143 [INFO] [ERROR] ml_err_157: ValueError
File ""/app/errors/ml/__init__.py"", line 86, in _run_error_category
    error_func()
  File ""/app/errors/ml/nextgen_errors.py"", line 440, in ml_err_157
    mean_squared_log_error([-1, 2], [0.5, 0.5])
  File ""/usr/local/lib/python3.11/site-packages/sklearn/utils/_param_validation.py"", line 218, in wrapper
    return func(*args, **kwargs)
           ^^^^^^^^^^^^^^^^^^^^^
  File ""/usr/local/lib/python3.11/site-packages/sklearn/metrics/_regression.py"", line 762, in mean_squared_log_error
    raise ValueError(
ValueError: Mean Squared Logarithmic Error cannot be used when targets contain values less than or equal to -1.","def ml_err_157():
    """"""Mean squared log error undefined for negative values.""""""
    from sklearn.metrics import mean_squared_log_error
    mean_squared_log_error([-1, 2], [0.5, 0.5])




def _select_errors(range_pairs):
    selected = {}
    for name, func in AI_ERRORS.items():
        idx = _err_id(name)
        if any(start <= idx <= end for start, end in range_pairs):
            selected[name] = func
    return selected


",MLError
"2025-11-24T11:47:20.495847 [INFO] [ERROR] ml_err_159: ValueError
File ""/app/errors/ml/__init__.py"", line 86, in _run_error_category
    error_func()
  File ""/app/errors/ml/nextgen_errors.py"", line 452, in ml_err_159
    auc([1, 0, 2], [0, 1, 0])
  File ""/usr/local/lib/python3.11/site-packages/sklearn/utils/_param_validation.py"", line 218, in wrapper
    return func(*args, **kwargs)
           ^^^^^^^^^^^^^^^^^^^^^
  File ""/usr/local/lib/python3.11/site-packages/sklearn/metrics/_ranking.py"", line 97, in auc
    raise ValueError(""x is neither increasing nor decreasing : {}."".format(x))
ValueError: x is neither increasing nor decreasing : [1 0 2].","def ml_err_159():
    """"""Area-under-curve requires increasing x coordinates.""""""
    from sklearn.metrics import auc
    auc([1, 0, 2], [0, 1, 0])




def _select_errors(range_pairs):
    selected = {}
    for name, func in AI_ERRORS.items():
        idx = _err_id(name)
        if any(start <= idx <= end for start, end in range_pairs):
            selected[name] = func
    return selected


",MLError
"2025-11-24T11:47:20.497556 [INFO] [ERROR] ml_err_160: ValueError
File ""/app/errors/ml/__init__.py"", line 86, in _run_error_category
    error_func()
  File ""/app/errors/ml/nextgen_errors.py"", line 460, in ml_err_160
    raise ValueError(""Score aggregator weights mismatch"")
ValueError: Score aggregator weights mismatch","def ml_err_160():
    """"""Custom score aggregator mismatches weight vector length.""""""
    scores = [0.8, 0.7]
    weights = [0.5]
    if len(scores) != len(weights):
        raise ValueError(""Score aggregator weights mismatch"")

# ============================================================
# Advanced & Production Scenarios (ml_err_161 - ml_err_180)
# ============================================================




def _select_errors(range_pairs):
    selected = {}
    for name, func in AI_ERRORS.items():
        idx = _err_id(name)
        if any(start <= idx <= end for start, end in range_pairs):
            selected[name] = func
    return selected


",MLError
"2025-11-24T11:47:20.501298 [INFO] [ERROR] ml_err_61: ValueError
File ""/app/errors/ml/__init__.py"", line 86, in _run_error_category
    error_func()
  File ""/app/errors/ml/metrics_errors.py"", line 23, in ml_err_61
    score = accuracy_score(y_true, y_pred)
            ^^^^^^^^^^^^^^^^^^^^^^^^^^^^^^
  File ""/usr/local/lib/python3.11/site-packages/sklearn/utils/_param_validation.py"", line 218, in wrapper
    return func(*args, **kwargs)
           ^^^^^^^^^^^^^^^^^^^^^
  File ""/usr/local/lib/python3.11/site-packages/sklearn/metrics/_classification.py"", line 359, in accuracy_score
    y_type, y_true, y_pred = _check_targets(y_true, y_pred)
                             ^^^^^^^^^^^^^^^^^^^^^^^^^^^^^^
  File ""/usr/local/lib/python3.11/site-packages/sklearn/metrics/_classification.py"", line 97, in _check_targets
    check_consistent_length(y_true, y_pred)
  File ""/usr/local/lib/python3.11/site-packages/sklearn/utils/validation.py"", line 473, in check_consistent_length
    raise ValueError(
ValueError: Found input variables with inconsistent numbers of samples: [4, 3]","def ml_err_61():
    """"""Accuracy score length mismatch""""""
    from sklearn.metrics import accuracy_score
    y_true = [0, 1, 2, 3]
    y_pred = [0, 1, 2]
    score = accuracy_score(y_true, y_pred)




def _select_errors(range_pairs):
    selected = {}
    for name, func in AI_ERRORS.items():
        idx = _err_id(name)
        if any(start <= idx <= end for start, end in range_pairs):
            selected[name] = func
    return selected


",MLError
"2025-11-24T11:47:20.503052 [INFO] [ERROR] ml_err_62: InvalidParameterError
File ""/app/errors/ml/__init__.py"", line 86, in _run_error_category
    error_func()
  File ""/app/errors/ml/metrics_errors.py"", line 31, in ml_err_62
    score = precision_score(y_true, y_pred, average='invalid')
            ^^^^^^^^^^^^^^^^^^^^^^^^^^^^^^^^^^^^^^^^^^^^^^^^^^
  File ""/usr/local/lib/python3.11/site-packages/sklearn/utils/_param_validation.py"", line 208, in wrapper
    validate_parameter_constraints(
  File ""/usr/local/lib/python3.11/site-packages/sklearn/utils/_param_validation.py"", line 98, in validate_parameter_constraints
    raise InvalidParameterError(
sklearn.utils._param_validation.InvalidParameterError: The 'average' parameter of precision_score must be a str among {'samples', 'weighted', 'micro', 'binary', 'macro'} or None. Got 'invalid' instead.","def ml_err_62():
    """"""Precision score invalid average""""""
    from sklearn.metrics import precision_score
    y_true = [0, 1, 1, 0]
    y_pred = [0, 1, 0, 1]
    score = precision_score(y_true, y_pred, average='invalid')




def _select_errors(range_pairs):
    selected = {}
    for name, func in AI_ERRORS.items():
        idx = _err_id(name)
        if any(start <= idx <= end for start, end in range_pairs):
            selected[name] = func
    return selected


",MLError
"2025-11-24T11:47:20.508412 [INFO] [ERROR] ml_err_65: InvalidParameterError
File ""/app/errors/ml/__init__.py"", line 86, in _run_error_category
    error_func()
  File ""/app/errors/ml/metrics_errors.py"", line 57, in ml_err_65
    roc_auc_score(y_true, y_score)
  File ""/usr/local/lib/python3.11/site-packages/sklearn/utils/_param_validation.py"", line 208, in wrapper
    validate_parameter_constraints(
  File ""/usr/local/lib/python3.11/site-packages/sklearn/utils/_param_validation.py"", line 98, in validate_parameter_constraints
    raise InvalidParameterError(
sklearn.utils._param_validation.InvalidParameterError: The 'y_score' parameter of roc_auc_score must be an array-like. Got 'invalid' instead.","def ml_err_65():
    """"""ROC AUC invalid y_score""""""
    from sklearn.metrics import roc_auc_score
    y_true = [0, 1, 1, 0]
    y_score = ""invalid""
    roc_auc_score(y_true, y_score)




def _select_errors(range_pairs):
    selected = {}
    for name, func in AI_ERRORS.items():
        idx = _err_id(name)
        if any(start <= idx <= end for start, end in range_pairs):
            selected[name] = func
    return selected


",MLError
"2025-11-24T11:47:20.510394 [INFO] [ERROR] ml_err_66: ValueError
File ""/app/errors/ml/__init__.py"", line 86, in _run_error_category
    error_func()
  File ""/app/errors/ml/metrics_errors.py"", line 65, in ml_err_66
    cm = confusion_matrix(y_true, y_pred)
         ^^^^^^^^^^^^^^^^^^^^^^^^^^^^^^^^
  File ""/usr/local/lib/python3.11/site-packages/sklearn/utils/_param_validation.py"", line 218, in wrapper
    return func(*args, **kwargs)
           ^^^^^^^^^^^^^^^^^^^^^
  File ""/usr/local/lib/python3.11/site-packages/sklearn/metrics/_classification.py"", line 467, in confusion_matrix
    y_type, y_true, y_pred = _check_targets(y_true, y_pred)
                             ^^^^^^^^^^^^^^^^^^^^^^^^^^^^^^
  File ""/usr/local/lib/python3.11/site-packages/sklearn/metrics/_classification.py"", line 97, in _check_targets
    check_consistent_length(y_true, y_pred)
  File ""/usr/local/lib/python3.11/site-packages/sklearn/utils/validation.py"", line 473, in check_consistent_length
    raise ValueError(
ValueError: Found input variables with inconsistent numbers of samples: [3, 2]","def ml_err_66():
    """"""Confusion matrix invalid format""""""
    from sklearn.metrics import confusion_matrix
    y_true = [0, 1, 2]
    y_pred = [0, 1]
    cm = confusion_matrix(y_true, y_pred)




def _select_errors(range_pairs):
    selected = {}
    for name, func in AI_ERRORS.items():
        idx = _err_id(name)
        if any(start <= idx <= end for start, end in range_pairs):
            selected[name] = func
    return selected


",MLError
"2025-11-24T11:47:20.512861 [INFO] [ERROR] ml_err_67: InvalidParameterError
File ""/app/errors/ml/__init__.py"", line 86, in _run_error_category
    error_func()
  File ""/app/errors/ml/metrics_errors.py"", line 73, in ml_err_67
    mse = mean_squared_error(y_true, y_pred, multioutput='invalid')
          ^^^^^^^^^^^^^^^^^^^^^^^^^^^^^^^^^^^^^^^^^^^^^^^^^^^^^^^^^
  File ""/usr/local/lib/python3.11/site-packages/sklearn/utils/_param_validation.py"", line 208, in wrapper
    validate_parameter_constraints(
  File ""/usr/local/lib/python3.11/site-packages/sklearn/utils/_param_validation.py"", line 98, in validate_parameter_constraints
    raise InvalidParameterError(
sklearn.utils._param_validation.InvalidParameterError: The 'multioutput' parameter of mean_squared_error must be a str among {'raw_values', 'uniform_average'} or an array-like. Got 'invalid' instead.","def ml_err_67():
    """"""Mean squared error invalid multioutput""""""
    from sklearn.metrics import mean_squared_error
    y_true = [[1, 2], [3, 4]]
    y_pred = [[1, 2], [3, 4]]
    mse = mean_squared_error(y_true, y_pred, multioutput='invalid')




def _select_errors(range_pairs):
    selected = {}
    for name, func in AI_ERRORS.items():
        idx = _err_id(name)
        if any(start <= idx <= end for start, end in range_pairs):
            selected[name] = func
    return selected


",MLError
"2025-11-24T11:47:20.515009 [INFO] [ERROR] ml_err_68: ValueError
File ""/app/errors/ml/__init__.py"", line 86, in _run_error_category
    error_func()
  File ""/app/errors/ml/metrics_errors.py"", line 81, in ml_err_68
    loss = log_loss(y_true, y_pred)
           ^^^^^^^^^^^^^^^^^^^^^^^^
  File ""/usr/local/lib/python3.11/site-packages/sklearn/utils/_param_validation.py"", line 218, in wrapper
    return func(*args, **kwargs)
           ^^^^^^^^^^^^^^^^^^^^^
  File ""/usr/local/lib/python3.11/site-packages/sklearn/metrics/_classification.py"", line 3240, in log_loss
    transformed_labels, y_pred = _validate_multiclass_probabilistic_prediction(
                                 ^^^^^^^^^^^^^^^^^^^^^^^^^^^^^^^^^^^^^^^^^^^^^^
  File ""/usr/local/lib/python3.11/site-packages/sklearn/metrics/_classification.py"", line 198, in _validate_multiclass_probabilistic_prediction
    raise ValueError(f""y_prob contains values greater than 1: {y_prob.max()}"")
ValueError: y_prob contains values greater than 1: 1.5","def ml_err_68():
    """"""Log loss invalid y_pred""""""
    from sklearn.metrics import log_loss
    y_true = [0, 1, 1, 0]
    y_pred = [0.5, 1.5]
    loss = log_loss(y_true, y_pred)




def _select_errors(range_pairs):
    selected = {}
    for name, func in AI_ERRORS.items():
        idx = _err_id(name)
        if any(start <= idx <= end for start, end in range_pairs):
            selected[name] = func
    return selected


",MLError
"2025-11-24T11:47:20.525720 [INFO] [ERROR] ml_err_70: ValueError
File ""/app/errors/ml/__init__.py"", line 86, in _run_error_category
    error_func()
  File ""/app/errors/ml/metrics_errors.py"", line 101, in ml_err_70
    score = calinski_harabasz_score(X, labels)
            ^^^^^^^^^^^^^^^^^^^^^^^^^^^^^^^^^^
  File ""/usr/local/lib/python3.11/site-packages/sklearn/utils/_param_validation.py"", line 218, in wrapper
    return func(*args, **kwargs)
           ^^^^^^^^^^^^^^^^^^^^^
  File ""/usr/local/lib/python3.11/site-packages/sklearn/metrics/cluster/_unsupervised.py"", line 372, in calinski_harabasz_score
    check_number_of_labels(n_labels, n_samples)
  File ""/usr/local/lib/python3.11/site-packages/sklearn/metrics/cluster/_unsupervised.py"", line 35, in check_number_of_labels
    raise ValueError(
ValueError: Number of labels is 1. Valid values are 2 to n_samples - 1 (inclusive)","def ml_err_70():
    """"""Calinski Harabasz score single cluster""""""
    import numpy as np
    from sklearn.metrics import calinski_harabasz_score
    X = np.random.randn(10, 5)
    labels = np.zeros(10)
    score = calinski_harabasz_score(X, labels)




def _select_errors(range_pairs):
    selected = {}
    for name, func in AI_ERRORS.items():
        idx = _err_id(name)
        if any(start <= idx <= end for start, end in range_pairs):
            selected[name] = func
    return selected


",MLError
"2025-11-24T11:47:20.528499 [INFO] [ERROR] ml_err_71: ValueError
File ""/app/errors/ml/__init__.py"", line 86, in _run_error_category
    error_func()
  File ""/app/errors/ml/metrics_errors.py"", line 110, in ml_err_71
    score = davies_bouldin_score(X, labels)
            ^^^^^^^^^^^^^^^^^^^^^^^^^^^^^^^
  File ""/usr/local/lib/python3.11/site-packages/sklearn/utils/_param_validation.py"", line 218, in wrapper
    return func(*args, **kwargs)
           ^^^^^^^^^^^^^^^^^^^^^
  File ""/usr/local/lib/python3.11/site-packages/sklearn/metrics/cluster/_unsupervised.py"", line 445, in davies_bouldin_score
    check_number_of_labels(n_labels, n_samples)
  File ""/usr/local/lib/python3.11/site-packages/sklearn/metrics/cluster/_unsupervised.py"", line 35, in check_number_of_labels
    raise ValueError(
ValueError: Number of labels is 1. Valid values are 2 to n_samples - 1 (inclusive)","def ml_err_71():
    """"""Davies Bouldin score invalid""""""
    import numpy as np
    from sklearn.metrics import davies_bouldin_score
    X = np.random.randn(10, 5)
    labels = np.zeros(10)
    score = davies_bouldin_score(X, labels)




def _select_errors(range_pairs):
    selected = {}
    for name, func in AI_ERRORS.items():
        idx = _err_id(name)
        if any(start <= idx <= end for start, end in range_pairs):
            selected[name] = func
    return selected


",MLError
"2025-11-24T11:47:20.532333 [INFO] [ERROR] ml_err_72: ValueError
File ""/app/errors/ml/__init__.py"", line 86, in _run_error_category
    error_func()
  File ""/app/errors/ml/metrics_errors.py"", line 118, in ml_err_72
    mcc = matthews_corrcoef(y_true, y_pred)
          ^^^^^^^^^^^^^^^^^^^^^^^^^^^^^^^^^
  File ""/usr/local/lib/python3.11/site-packages/sklearn/utils/_param_validation.py"", line 218, in wrapper
    return func(*args, **kwargs)
           ^^^^^^^^^^^^^^^^^^^^^
  File ""/usr/local/lib/python3.11/site-packages/sklearn/metrics/_classification.py"", line 1174, in matthews_corrcoef
    y_type, y_true, y_pred = _check_targets(y_true, y_pred)
                             ^^^^^^^^^^^^^^^^^^^^^^^^^^^^^^
  File ""/usr/local/lib/python3.11/site-packages/sklearn/metrics/_classification.py"", line 97, in _check_targets
    check_consistent_length(y_true, y_pred)
  File ""/usr/local/lib/python3.11/site-packages/sklearn/utils/validation.py"", line 473, in check_consistent_length
    raise ValueError(
ValueError: Found input variables with inconsistent numbers of samples: [5, 4]","def ml_err_72():
    """"""Matthews correlation coefficient mismatch""""""
    from sklearn.metrics import matthews_corrcoef
    y_true = [0, 1, 1, 0, 1]
    y_pred = [0, 1, 1, 0]
    mcc = matthews_corrcoef(y_true, y_pred)




def _select_errors(range_pairs):
    selected = {}
    for name, func in AI_ERRORS.items():
        idx = _err_id(name)
        if any(start <= idx <= end for start, end in range_pairs):
            selected[name] = func
    return selected


",MLError
"2025-11-24T11:47:20.537519 [INFO] [ERROR] ml_err_73: InvalidParameterError
File ""/app/errors/ml/__init__.py"", line 86, in _run_error_category
    error_func()
  File ""/app/errors/ml/metrics_errors.py"", line 126, in ml_err_73
    loss = hamming_loss(y_true, y_pred)
           ^^^^^^^^^^^^^^^^^^^^^^^^^^^^
  File ""/usr/local/lib/python3.11/site-packages/sklearn/utils/_param_validation.py"", line 208, in wrapper
    validate_parameter_constraints(
  File ""/usr/local/lib/python3.11/site-packages/sklearn/utils/_param_validation.py"", line 98, in validate_parameter_constraints
    raise InvalidParameterError(
sklearn.utils._param_validation.InvalidParameterError: The 'y_true' parameter of hamming_loss must be an array-like or a sparse matrix. Got 'invalid' instead.","def ml_err_73():
    """"""Hamming loss invalid input""""""
    from sklearn.metrics import hamming_loss
    y_true = ""invalid""
    y_pred = [0, 1, 1, 0]
    loss = hamming_loss(y_true, y_pred)




def _select_errors(range_pairs):
    selected = {}
    for name, func in AI_ERRORS.items():
        idx = _err_id(name)
        if any(start <= idx <= end for start, end in range_pairs):
            selected[name] = func
    return selected


",MLError
"2025-11-24T11:47:20.539609 [INFO] [ERROR] ml_err_74: InvalidParameterError
File ""/app/errors/ml/__init__.py"", line 86, in _run_error_category
    error_func()
  File ""/app/errors/ml/metrics_errors.py"", line 134, in ml_err_74
    score = jaccard_score(y_true, y_pred, average='invalid')
            ^^^^^^^^^^^^^^^^^^^^^^^^^^^^^^^^^^^^^^^^^^^^^^^^
  File ""/usr/local/lib/python3.11/site-packages/sklearn/utils/_param_validation.py"", line 208, in wrapper
    validate_parameter_constraints(
  File ""/usr/local/lib/python3.11/site-packages/sklearn/utils/_param_validation.py"", line 98, in validate_parameter_constraints
    raise InvalidParameterError(
sklearn.utils._param_validation.InvalidParameterError: The 'average' parameter of jaccard_score must be a str among {'samples', 'weighted', 'micro', 'binary', 'macro'} or None. Got 'invalid' instead.","def ml_err_74():
    """"""Jaccard score invalid average""""""
    from sklearn.metrics import jaccard_score
    y_true = [0, 1, 1, 0]
    y_pred = [0, 1, 0, 1]
    score = jaccard_score(y_true, y_pred, average='invalid')




def _select_errors(range_pairs):
    selected = {}
    for name, func in AI_ERRORS.items():
        idx = _err_id(name)
        if any(start <= idx <= end for start, end in range_pairs):
            selected[name] = func
    return selected


",MLError
"2025-11-24T11:47:20.542605 [INFO] [ERROR] ml_err_76: InvalidParameterError
File ""/app/errors/ml/__init__.py"", line 86, in _run_error_category
    error_func()
  File ""/app/errors/ml/metrics_errors.py"", line 150, in ml_err_76
    dist = pairwise_distances(X, metric='invalid_metric')
           ^^^^^^^^^^^^^^^^^^^^^^^^^^^^^^^^^^^^^^^^^^^^^^
  File ""/usr/local/lib/python3.11/site-packages/sklearn/utils/_param_validation.py"", line 208, in wrapper
    validate_parameter_constraints(
  File ""/usr/local/lib/python3.11/site-packages/sklearn/utils/_param_validation.py"", line 98, in validate_parameter_constraints
    raise InvalidParameterError(
sklearn.utils._param_validation.InvalidParameterError: The 'metric' parameter of pairwise_distances must be a str among {'dice', 'chebyshev', 'l1', 'rogerstanimoto', 'cosine', 'braycurtis', 'hamming', 'matching', 'precomputed', 'mahalanobis', 'sokalmichener', 'cityblock', 'l2', 'nan_euclidean', 'sqeuclidean', 'canberra', 'euclidean', 'russellrao', 'haversine', 'correlation', 'sokalsneath', 'yule', 'wminkowski', 'manhattan', 'seuclidean', 'jaccard', 'minkowski'} or a callable. Got 'invalid_metric' instead.","def ml_err_76():
    """"""Pairwise distances invalid metric""""""
    import numpy as np
    from sklearn.metrics.pairwise import pairwise_distances
    X = np.random.randn(10, 5)
    dist = pairwise_distances(X, metric='invalid_metric')




def _select_errors(range_pairs):
    selected = {}
    for name, func in AI_ERRORS.items():
        idx = _err_id(name)
        if any(start <= idx <= end for start, end in range_pairs):
            selected[name] = func
    return selected


",MLError
"2025-11-24T11:47:20.549651 [INFO] [ERROR] ml_err_77: ValueError
File ""/app/errors/ml/__init__.py"", line 86, in _run_error_category
    error_func()
  File ""/app/errors/ml/metrics_errors.py"", line 159, in ml_err_77
    dist = cosine_distances(X, Y)
           ^^^^^^^^^^^^^^^^^^^^^^
  File ""/usr/local/lib/python3.11/site-packages/sklearn/utils/_param_validation.py"", line 218, in wrapper
    return func(*args, **kwargs)
           ^^^^^^^^^^^^^^^^^^^^^
  File ""/usr/local/lib/python3.11/site-packages/sklearn/metrics/pairwise.py"", line 1167, in cosine_distances
    S = cosine_similarity(X, Y)
        ^^^^^^^^^^^^^^^^^^^^^^^
  File ""/usr/local/lib/python3.11/site-packages/sklearn/utils/_param_validation.py"", line 191, in wrapper
    return func(*args, **kwargs)
           ^^^^^^^^^^^^^^^^^^^^^
  File ""/usr/local/lib/python3.11/site-packages/sklearn/metrics/pairwise.py"", line 1728, in cosine_similarity
    X, Y = check_pairwise_arrays(X, Y)
           ^^^^^^^^^^^^^^^^^^^^^^^^^^^
  File ""/usr/local/lib/python3.11/site-packages/sklearn/metrics/pairwise.py"", line 229, in check_pairwise_arrays
    raise ValueError(
ValueError: Incompatible dimension for X and Y matrices: X.shape[1] == 5 while Y.shape[1] == 3","def ml_err_77():
    """"""Cosine distances incompatible shapes""""""
    import numpy as np
    from sklearn.metrics.pairwise import cosine_distances
    X = np.random.randn(10, 5)
    Y = np.random.randn(5, 3)
    dist = cosine_distances(X, Y)




def _select_errors(range_pairs):
    selected = {}
    for name, func in AI_ERRORS.items():
        idx = _err_id(name)
        if any(start <= idx <= end for start, end in range_pairs):
            selected[name] = func
    return selected


",MLError
"2025-11-24T11:47:20.565544 [INFO] [ERROR] ml_err_78: ValueError
File ""/app/errors/ml/__init__.py"", line 86, in _run_error_category
    error_func()
  File ""/app/errors/ml/metrics_errors.py"", line 168, in ml_err_78
    dist = euclidean_distances(X, Y)
           ^^^^^^^^^^^^^^^^^^^^^^^^^
  File ""/usr/local/lib/python3.11/site-packages/sklearn/utils/_param_validation.py"", line 218, in wrapper
    return func(*args, **kwargs)
           ^^^^^^^^^^^^^^^^^^^^^
  File ""/usr/local/lib/python3.11/site-packages/sklearn/metrics/pairwise.py"", line 360, in euclidean_distances
    X, Y = check_pairwise_arrays(X, Y)
           ^^^^^^^^^^^^^^^^^^^^^^^^^^^
  File ""/usr/local/lib/python3.11/site-packages/sklearn/metrics/pairwise.py"", line 229, in check_pairwise_arrays
    raise ValueError(
ValueError: Incompatible dimension for X and Y matrices: X.shape[1] == 5 while Y.shape[1] == 3","def ml_err_78():
    """"""Euclidean distances dimension mismatch""""""
    import numpy as np
    from sklearn.metrics.pairwise import euclidean_distances
    X = np.random.randn(10, 5)
    Y = np.random.randn(5, 3)
    dist = euclidean_distances(X, Y)




def _select_errors(range_pairs):
    selected = {}
    for name, func in AI_ERRORS.items():
        idx = _err_id(name)
        if any(start <= idx <= end for start, end in range_pairs):
            selected[name] = func
    return selected


",MLError
"2025-11-24T11:47:20.581256 [INFO] [ERROR] ml_err_79: ValueError
File ""/app/errors/ml/__init__.py"", line 86, in _run_error_category
    error_func()
  File ""/app/errors/ml/metrics_errors.py"", line 177, in ml_err_79
    dist = manhattan_distances(X, Y)
           ^^^^^^^^^^^^^^^^^^^^^^^^^
  File ""/usr/local/lib/python3.11/site-packages/sklearn/utils/_param_validation.py"", line 218, in wrapper
    return func(*args, **kwargs)
           ^^^^^^^^^^^^^^^^^^^^^
  File ""/usr/local/lib/python3.11/site-packages/sklearn/metrics/pairwise.py"", line 1108, in manhattan_distances
    X, Y = check_pairwise_arrays(X, Y)
           ^^^^^^^^^^^^^^^^^^^^^^^^^^^
  File ""/usr/local/lib/python3.11/site-packages/sklearn/metrics/pairwise.py"", line 209, in check_pairwise_arrays
    Y = check_array(
        ^^^^^^^^^^^^
  File ""/usr/local/lib/python3.11/site-packages/sklearn/utils/validation.py"", line 1091, in check_array
    raise ValueError(msg)
ValueError: Expected 2D array, got 1D array instead:
array=[ 0.56291696  0.49937494  1.00795433  0.9953474   0.8191953   0.27196943
 -0.22368981  0.40870186].
Reshape your data either using array.reshape(-1, 1) if your data has a single feature or array.reshape(1, -1) if it contains a single sample.","def ml_err_79():
    """"""Manhattan distances shape incompatible""""""
    import numpy as np
    from sklearn.metrics.pairwise import manhattan_distances
    X = np.random.randn(10, 5)
    Y = np.random.randn(8)
    dist = manhattan_distances(X, Y)




def _select_errors(range_pairs):
    selected = {}
    for name, func in AI_ERRORS.items():
        idx = _err_id(name)
        if any(start <= idx <= end for start, end in range_pairs):
            selected[name] = func
    return selected


",MLError
"2025-11-24T11:47:20.587003 [INFO] [ERROR] ml_err_80: ValueError
File ""/app/errors/ml/__init__.py"", line 86, in _run_error_category
    error_func()
  File ""/app/errors/ml/metrics_errors.py"", line 185, in ml_err_80
    report = classification_report(y_true, y_pred)
             ^^^^^^^^^^^^^^^^^^^^^^^^^^^^^^^^^^^^^
  File ""/usr/local/lib/python3.11/site-packages/sklearn/utils/_param_validation.py"", line 218, in wrapper
    return func(*args, **kwargs)
           ^^^^^^^^^^^^^^^^^^^^^
  File ""/usr/local/lib/python3.11/site-packages/sklearn/metrics/_classification.py"", line 3001, in classification_report
    name_width = max(len(cn) for cn in target_names)
                 ^^^^^^^^^^^^^^^^^^^^^^^^^^^^^^^^^^^
ValueError: max() arg is an empty sequence","def ml_err_80():
    """"""Classification report empty predictions""""""
    from sklearn.metrics import classification_report
    y_true = []
    y_pred = []
    report = classification_report(y_true, y_pred)




def _select_errors(range_pairs):
    selected = {}
    for name, func in AI_ERRORS.items():
        idx = _err_id(name)
        if any(start <= idx <= end for start, end in range_pairs):
            selected[name] = func
    return selected


",MLError
"2025-11-24T11:47:20.589710 [INFO] [ERROR] ml_err_81: ValueError
File ""/app/errors/ml/__init__.py"", line 86, in _run_error_category
    error_func()
  File ""/app/errors/ml/metrics_errors.py"", line 193, in ml_err_81
    a = auc(x, y)
        ^^^^^^^^^
  File ""/usr/local/lib/python3.11/site-packages/sklearn/utils/_param_validation.py"", line 218, in wrapper
    return func(*args, **kwargs)
           ^^^^^^^^^^^^^^^^^^^^^
  File ""/usr/local/lib/python3.11/site-packages/sklearn/metrics/_ranking.py"", line 81, in auc
    check_consistent_length(x, y)
  File ""/usr/local/lib/python3.11/site-packages/sklearn/utils/validation.py"", line 473, in check_consistent_length
    raise ValueError(
ValueError: Found input variables with inconsistent numbers of samples: [3, 2]","def ml_err_81():
    """"""AUC invalid format""""""
    from sklearn.metrics import auc
    x = [1, 2, 3]
    y = [4, 5]
    a = auc(x, y)




def _select_errors(range_pairs):
    selected = {}
    for name, func in AI_ERRORS.items():
        idx = _err_id(name)
        if any(start <= idx <= end for start, end in range_pairs):
            selected[name] = func
    return selected


",MLError
"2025-11-24T11:47:20.591401 [INFO] [ERROR] ml_err_82: InvalidParameterError
File ""/app/errors/ml/__init__.py"", line 86, in _run_error_category
    error_func()
  File ""/app/errors/ml/metrics_errors.py"", line 201, in ml_err_82
    precision_recall_curve(y_true, y_score)
  File ""/usr/local/lib/python3.11/site-packages/sklearn/utils/_param_validation.py"", line 208, in wrapper
    validate_parameter_constraints(
  File ""/usr/local/lib/python3.11/site-packages/sklearn/utils/_param_validation.py"", line 98, in validate_parameter_constraints
    raise InvalidParameterError(
sklearn.utils._param_validation.InvalidParameterError: The 'y_score' parameter of precision_recall_curve must be an array-like. Got 'invalid' instead.","def ml_err_82():
    """"""Precision recall curve invalid y_score""""""
    from sklearn.metrics import precision_recall_curve
    y_true = [0, 1, 1, 0]
    y_score = ""invalid""
    precision_recall_curve(y_true, y_score)




def _select_errors(range_pairs):
    selected = {}
    for name, func in AI_ERRORS.items():
        idx = _err_id(name)
        if any(start <= idx <= end for start, end in range_pairs):
            selected[name] = func
    return selected


",MLError
"2025-11-24T11:47:20.596867 [INFO] [ERROR] ml_err_83: ImportError
File ""/usr/local/lib/python3.11/site-packages/sklearn/utils/_optional_dependencies.py"", line 17, in check_matplotlib_support
    import matplotlib  # noqa: F401
    ^^^^^^^^^^^^^^^^^
ModuleNotFoundError: No module named 'matplotlib'

The above exception was the direct cause of the following exception:


  File ""/app/errors/ml/__init__.py"", line 86, in _run_error_category
    error_func()
  File ""/app/errors/ml/metrics_errors.py"", line 209, in ml_err_83
    display = RocCurveDisplay.from_predictions(y_true, y_pred)
              ^^^^^^^^^^^^^^^^^^^^^^^^^^^^^^^^^^^^^^^^^^^^^^^^
  File ""/usr/local/lib/python3.11/site-packages/sklearn/metrics/_plot/roc_curve.py"", line 598, in from_predictions
    pos_label_validated, name = cls._validate_from_predictions_params(
                                ^^^^^^^^^^^^^^^^^^^^^^^^^^^^^^^^^^^^^^
  File ""/usr/local/lib/python3.11/site-packages/sklearn/utils/_plotting.py"", line 57, in _validate_from_predictions_params
    check_matplotlib_support(f""{cls.__name__}.from_predictions"")
  File ""/usr/local/lib/python3.11/site-packages/sklearn/utils/_optional_dependencies.py"", line 19, in check_matplotlib_support
    raise ImportError(
ImportError: RocCurveDisplay.from_predictions requires matplotlib. You can install matplotlib with `pip install matplotlib`","def ml_err_83():
    """"""RocCurveDisplay plot_roc_auc invalid""""""
    from sklearn.metrics import RocCurveDisplay
    y_true = [0, 1, 1, 0]
    y_pred = ""invalid""
    display = RocCurveDisplay.from_predictions(y_true, y_pred)




def _select_errors(range_pairs):
    selected = {}
    for name, func in AI_ERRORS.items():
        idx = _err_id(name)
        if any(start <= idx <= end for start, end in range_pairs):
            selected[name] = func
    return selected


",MLError
"2025-11-24T11:47:20.599972 [INFO] [ERROR] ml_err_84: ImportError
File ""/usr/local/lib/python3.11/site-packages/sklearn/utils/_optional_dependencies.py"", line 17, in check_matplotlib_support
    import matplotlib  # noqa: F401
    ^^^^^^^^^^^^^^^^^
ModuleNotFoundError: No module named 'matplotlib'

The above exception was the direct cause of the following exception:


  File ""/app/errors/ml/__init__.py"", line 86, in _run_error_category
    error_func()
  File ""/app/errors/ml/metrics_errors.py"", line 217, in ml_err_84
    cm = ConfusionMatrixDisplay.from_predictions(y_true, y_pred)
         ^^^^^^^^^^^^^^^^^^^^^^^^^^^^^^^^^^^^^^^^^^^^^^^^^^^^^^^
  File ""/usr/local/lib/python3.11/site-packages/sklearn/metrics/_plot/confusion_matrix.py"", line 472, in from_predictions
    check_matplotlib_support(f""{cls.__name__}.from_predictions"")
  File ""/usr/local/lib/python3.11/site-packages/sklearn/utils/_optional_dependencies.py"", line 19, in check_matplotlib_support
    raise ImportError(
ImportError: ConfusionMatrixDisplay.from_predictions requires matplotlib. You can install matplotlib with `pip install matplotlib`","def ml_err_84():
    """"""ConfusionMatrixDisplay invalid""""""
    from sklearn.metrics import ConfusionMatrixDisplay
    y_true = [0, 1]
    y_pred = [0, 1, 2]
    cm = ConfusionMatrixDisplay.from_predictions(y_true, y_pred)




def _select_errors(range_pairs):
    selected = {}
    for name, func in AI_ERRORS.items():
        idx = _err_id(name)
        if any(start <= idx <= end for start, end in range_pairs):
            selected[name] = func
    return selected


",MLError
"2025-11-24T11:47:20.604301 [INFO] [ERROR] ml_err_85: ValueError
File ""/app/errors/ml/__init__.py"", line 86, in _run_error_category
    error_func()
  File ""/app/errors/ml/metrics_errors.py"", line 225, in ml_err_85
    mi = mutual_info_score(labels_true, labels_pred)
         ^^^^^^^^^^^^^^^^^^^^^^^^^^^^^^^^^^^^^^^^^^^
  File ""/usr/local/lib/python3.11/site-packages/sklearn/utils/_param_validation.py"", line 218, in wrapper
    return func(*args, **kwargs)
           ^^^^^^^^^^^^^^^^^^^^^
  File ""/usr/local/lib/python3.11/site-packages/sklearn/metrics/cluster/_supervised.py"", line 886, in mutual_info_score
    labels_true, labels_pred = check_clusterings(labels_true, labels_pred)
                               ^^^^^^^^^^^^^^^^^^^^^^^^^^^^^^^^^^^^^^^^^^^
  File ""/usr/local/lib/python3.11/site-packages/sklearn/metrics/cluster/_supervised.py"", line 65, in check_clusterings
    check_consistent_length(labels_true, labels_pred)
  File ""/usr/local/lib/python3.11/site-packages/sklearn/utils/validation.py"", line 473, in check_consistent_length
    raise ValueError(
ValueError: Found input variables with inconsistent numbers of samples: [4, 2]","def ml_err_85():
    """"""Mutual information invalid""""""
    from sklearn.metrics import mutual_info_score
    labels_true = [0, 0, 1, 1]
    labels_pred = [0, 1]
    mi = mutual_info_score(labels_true, labels_pred)


# Registry
__all__ = [f'ml_err_{i:02d}' for i in range(61, 86)]


def _select_errors(range_pairs):
    selected = {}
    for name, func in AI_ERRORS.items():
        idx = _err_id(name)
        if any(start <= idx <= end for start, end in range_pairs):
            selected[name] = func
    return selected


",MLError
"2025-11-24T11:47:23.237813 [INFO] [ERROR] ml_err_100: ValueError
File ""/app/errors/ml/__init__.py"", line 86, in _run_error_category
    error_func()
  File ""/app/errors/ml/advanced_errors.py"", line 207, in ml_err_100
    Y = np.hstack([y1, y2])      # dimension mismatch
        ^^^^^^^^^^^^^^^^^^^
  File ""/usr/local/lib/python3.11/site-packages/numpy/_core/shape_base.py"", line 367, in hstack
    return _nx.concatenate(arrs, 1, dtype=dtype, casting=casting)
           ^^^^^^^^^^^^^^^^^^^^^^^^^^^^^^^^^^^^^^^^^^^^^^^^^^^^^^
ValueError: all the input array dimensions except for the concatenation axis must match exactly, but along dimension 0, the array at index 0 has size 50 and the array at index 1 has size 49","def ml_err_100():
    """"""Multi-task learning: inconsistent target dimensions""""""
    import numpy as np
    from sklearn.multioutput import MultiOutputRegressor
    from sklearn.linear_model import LinearRegression
    
    X = np.random.randn(50, 5)
    y1 = np.random.randn(50, 1)
    y2 = np.random.randn(49, 1)  # wrong size
    Y = np.hstack([y1, y2])      # dimension mismatch

    MultiOutputRegressor(LinearRegression()).fit(X, Y)


__all__ = [f""ml_err_{i:02d}"" for i in range(86, 101)]


def _select_errors(range_pairs):
    selected = {}
    for name, func in AI_ERRORS.items():
        idx = _err_id(name)
        if any(start <= idx <= end for start, end in range_pairs):
            selected[name] = func
    return selected


",MLError
"2025-11-24T11:47:23.246443 [INFO] [ERROR] ml_err_161: RuntimeError
File ""/app/errors/ml/__init__.py"", line 86, in _run_error_category
    error_func()
  File ""/app/errors/ml/nextgen_errors.py"", line 472, in ml_err_161
    raise RuntimeError(""Artifact hash mismatch detected"")
RuntimeError: Artifact hash mismatch detected","def ml_err_161():
    """"""Model registry rejects artifact due to hash mismatch.""""""
    expected = ""abc123""
    observed = ""def456""
    if expected != observed:
        raise RuntimeError(""Artifact hash mismatch detected"")




def _select_errors(range_pairs):
    selected = {}
    for name, func in AI_ERRORS.items():
        idx = _err_id(name)
        if any(start <= idx <= end for start, end in range_pairs):
            selected[name] = func
    return selected


",MLError
"2025-11-24T11:47:23.249534 [INFO] [ERROR] ml_err_162: ValueError
File ""/app/errors/ml/__init__.py"", line 86, in _run_error_category
    error_func()
  File ""/app/errors/ml/nextgen_errors.py"", line 480, in ml_err_162
    raise ValueError(""Reference window empty for drift computation"")
ValueError: Reference window empty for drift computation","def ml_err_162():
    """"""Feature drift job fails when reference window empty.""""""
    import pandas as pd
    reference = pd.Series([], dtype=float)
    if reference.empty:
        raise ValueError(""Reference window empty for drift computation"")




def _select_errors(range_pairs):
    selected = {}
    for name, func in AI_ERRORS.items():
        idx = _err_id(name)
        if any(start <= idx <= end for start, end in range_pairs):
            selected[name] = func
    return selected


",MLError
"2025-11-24T11:47:23.255349 [INFO] [ERROR] ml_err_163: RuntimeError
File ""/app/errors/ml/__init__.py"", line 86, in _run_error_category
    error_func()
  File ""/app/errors/ml/nextgen_errors.py"", line 487, in ml_err_163
    raise RuntimeError(""Shadow deployment produced no predictions"")
RuntimeError: Shadow deployment produced no predictions","def ml_err_163():
    """"""Canary deploy rejects because shadow predictions missing.""""""
    shadow = None
    if shadow is None:
        raise RuntimeError(""Shadow deployment produced no predictions"")




def _select_errors(range_pairs):
    selected = {}
    for name, func in AI_ERRORS.items():
        idx = _err_id(name)
        if any(start <= idx <= end for start, end in range_pairs):
            selected[name] = func
    return selected


",MLError
"2025-11-24T11:47:23.258626 [INFO] [ERROR] ml_err_164: RuntimeError
File ""/app/errors/ml/__init__.py"", line 86, in _run_error_category
    error_func()
  File ""/app/errors/ml/nextgen_errors.py"", line 495, in ml_err_164
    raise RuntimeError(""Consumer lag exceeds retention window"")
RuntimeError: Consumer lag exceeds retention window","def ml_err_164():
    """"""Streaming consumer lags behind offset retention period.""""""
    retention_ms = 60000
    lag_ms = 120000
    if lag_ms > retention_ms:
        raise RuntimeError(""Consumer lag exceeds retention window"")




def _select_errors(range_pairs):
    selected = {}
    for name, func in AI_ERRORS.items():
        idx = _err_id(name)
        if any(start <= idx <= end for start, end in range_pairs):
            selected[name] = func
    return selected


",MLError
"2025-11-24T11:47:23.264855 [INFO] [ERROR] ml_err_165: ValueError
File ""/app/errors/ml/__init__.py"", line 86, in _run_error_category
    error_func()
  File ""/app/errors/ml/nextgen_errors.py"", line 502, in ml_err_165
    raise ValueError(""Ensemble router requires non-empty weights"")
ValueError: Ensemble router requires non-empty weights","def ml_err_165():
    """"""Ensemble router assigned zero weights but still invoked.""""""
    weights = []
    if not weights:
        raise ValueError(""Ensemble router requires non-empty weights"")




def _select_errors(range_pairs):
    selected = {}
    for name, func in AI_ERRORS.items():
        idx = _err_id(name)
        if any(start <= idx <= end for start, end in range_pairs):
            selected[name] = func
    return selected


",MLError
"2025-11-24T11:47:23.288915 [INFO] [ERROR] ml_err_166: PermissionError
File ""/app/errors/ml/__init__.py"", line 86, in _run_error_category
    error_func()
  File ""/app/errors/ml/nextgen_errors.py"", line 509, in ml_err_166
    raise PermissionError(""Model lacks governance approval token"")
PermissionError: Model lacks governance approval token","def ml_err_166():
    """"""Model governance check fails due to missing approval token.""""""
    approval_token = None
    if approval_token is None:
        raise PermissionError(""Model lacks governance approval token"")




def _select_errors(range_pairs):
    selected = {}
    for name, func in AI_ERRORS.items():
        idx = _err_id(name)
        if any(start <= idx <= end for start, end in range_pairs):
            selected[name] = func
    return selected


",MLError
"2025-11-24T11:47:23.331070 [INFO] [ERROR] ml_err_168: KeyError
File ""/app/errors/ml/__init__.py"", line 86, in _run_error_category
    error_func()
  File ""/app/errors/ml/nextgen_errors.py"", line 523, in ml_err_168
    raise KeyError(""Tenant encryption key missing"")
KeyError: 'Tenant encryption key missing'","def ml_err_168():
    """"""Multi-tenant serving enforces tenant-specific encryption key.""""""
    tenant_keys = {""tenant-a"": ""k1""}
    tenant = ""tenant-b""
    if tenant not in tenant_keys:
        raise KeyError(""Tenant encryption key missing"")




def _select_errors(range_pairs):
    selected = {}
    for name, func in AI_ERRORS.items():
        idx = _err_id(name)
        if any(start <= idx <= end for start, end in range_pairs):
            selected[name] = func
    return selected


",PythonError
"2025-11-24T11:47:23.335381 [INFO] [ERROR] ml_err_169: RuntimeError
File ""/app/errors/ml/__init__.py"", line 86, in _run_error_category
    error_func()
  File ""/app/errors/ml/nextgen_errors.py"", line 530, in ml_err_169
    raise RuntimeError(""Buckets not balanced for experiment"")
RuntimeError: Buckets not balanced for experiment","def ml_err_169():
    """"""A/B experiment aggregator receives inconsistent bucket sizes.""""""
    buckets = {""A"": 100, ""B"": 80}
    if len(set(buckets.values())) != 1:
        raise RuntimeError(""Buckets not balanced for experiment"")




def _select_errors(range_pairs):
    selected = {}
    for name, func in AI_ERRORS.items():
        idx = _err_id(name)
        if any(start <= idx <= end for start, end in range_pairs):
            selected[name] = func
    return selected


",MLError
"2025-11-24T11:47:23.338579 [INFO] [ERROR] ml_err_170: PermissionError
File ""/app/errors/ml/__init__.py"", line 86, in _run_error_category
    error_func()
  File ""/app/errors/ml/nextgen_errors.py"", line 538, in ml_err_170
    raise PermissionError(""Cannot overwrite published backfill partition"")
PermissionError: Cannot overwrite published backfill partition","def ml_err_170():
    """"""Offline backfill attempts to rewrite already published partition.""""""
    partition_state = {""2024-01-01"": ""published""}
    target = ""2024-01-01""
    if partition_state.get(target) == ""published"":
        raise PermissionError(""Cannot overwrite published backfill partition"")




def _select_errors(range_pairs):
    selected = {}
    for name, func in AI_ERRORS.items():
        idx = _err_id(name)
        if any(start <= idx <= end for start, end in range_pairs):
            selected[name] = func
    return selected


",MLError
"2025-11-24T11:47:23.341255 [INFO] [ERROR] ml_err_171: RuntimeError
File ""/app/errors/ml/__init__.py"", line 86, in _run_error_category
    error_func()
  File ""/app/errors/ml/nextgen_errors.py"", line 546, in ml_err_171
    raise RuntimeError(""Model export blocked for unapproved region"")
RuntimeError: Model export blocked for unapproved region","def ml_err_171():
    """"""Policy guardrail prevents exporting model to unapproved region.""""""
    region = ""us-west-2""
    allowed = {""eu-central-1""}
    if region not in allowed:
        raise RuntimeError(""Model export blocked for unapproved region"")




def _select_errors(range_pairs):
    selected = {}
    for name, func in AI_ERRORS.items():
        idx = _err_id(name)
        if any(start <= idx <= end for start, end in range_pairs):
            selected[name] = func
    return selected


",MLError
"2025-11-24T11:47:23.344698 [INFO] [ERROR] ml_err_172: TimeoutError
File ""/app/errors/ml/__init__.py"", line 86, in _run_error_category
    error_func()
  File ""/app/errors/ml/nextgen_errors.py"", line 553, in ml_err_172
    raise TimeoutError(""Feature service latency exceeded SLO"")
TimeoutError: Feature service latency exceeded SLO","def ml_err_172():
    """"""Real-time feature service responds slower than SLO threshold.""""""
    latency_ms = 450
    if latency_ms > 200:
        raise TimeoutError(""Feature service latency exceeded SLO"")




def _select_errors(range_pairs):
    selected = {}
    for name, func in AI_ERRORS.items():
        idx = _err_id(name)
        if any(start <= idx <= end for start, end in range_pairs):
            selected[name] = func
    return selected


",MLError
"2025-11-24T11:47:23.354810 [INFO] [ERROR] ml_err_173: TypeError
File ""/app/errors/ml/__init__.py"", line 86, in _run_error_category
    error_func()
  File ""/app/errors/ml/nextgen_errors.py"", line 559, in ml_err_173
    json.dumps({""callback"": lambda x: x})
  File ""/usr/local/lib/python3.11/json/__init__.py"", line 231, in dumps
    return _default_encoder.encode(obj)
           ^^^^^^^^^^^^^^^^^^^^^^^^^^^^
  File ""/usr/local/lib/python3.11/json/encoder.py"", line 200, in encode
    chunks = self.iterencode(o, _one_shot=True)
             ^^^^^^^^^^^^^^^^^^^^^^^^^^^^^^^^^^
  File ""/usr/local/lib/python3.11/json/encoder.py"", line 258, in iterencode
    return _iterencode(o, 0)
           ^^^^^^^^^^^^^^^^^
  File ""/usr/local/lib/python3.11/json/encoder.py"", line 180, in default
    raise TypeError(f'Object of type {o.__class__.__name__} '
TypeError: Object of type function is not JSON serializable","def ml_err_173():
    """"""Metadata writer fails due to serialization of unsupported type.""""""
    import json
    json.dumps({""callback"": lambda x: x})




def _select_errors(range_pairs):
    selected = {}
    for name, func in AI_ERRORS.items():
        idx = _err_id(name)
        if any(start <= idx <= end for start, end in range_pairs):
            selected[name] = func
    return selected


",PythonError
"2025-11-24T11:47:23.357743 [INFO] [ERROR] ml_err_174: KeyError
File ""/app/errors/ml/__init__.py"", line 86, in _run_error_category
    error_func()
  File ""/app/errors/ml/nextgen_errors.py"", line 566, in ml_err_174
    raise KeyError(""Retrain config missing for drift trigger"")
KeyError: 'Retrain config missing for drift trigger'","def ml_err_174():
    """"""Drift retraining trigger fires but pipeline config missing.""""""
    pipeline_config = {}
    if ""retrain"" not in pipeline_config:
        raise KeyError(""Retrain config missing for drift trigger"")




def _select_errors(range_pairs):
    selected = {}
    for name, func in AI_ERRORS.items():
        idx = _err_id(name)
        if any(start <= idx <= end for start, end in range_pairs):
            selected[name] = func
    return selected


",MLError
"2025-11-24T11:47:23.360508 [INFO] [ERROR] ml_err_175: RuntimeError
File ""/app/errors/ml/__init__.py"", line 86, in _run_error_category
    error_func()
  File ""/app/errors/ml/nextgen_errors.py"", line 579, in ml_err_175
    dfs(""A"", set())
  File ""/app/errors/ml/nextgen_errors.py"", line 577, in dfs
    dfs(child, stack)
  File ""/app/errors/ml/nextgen_errors.py"", line 577, in dfs
    dfs(child, stack)
  File ""/app/errors/ml/nextgen_errors.py"", line 574, in dfs
    raise RuntimeError(""Cycle detected in lineage graph"")
RuntimeError: Cycle detected in lineage graph","    def dfs(node, stack):
        if node in stack:
            raise RuntimeError(""Cycle detected in lineage graph"")
        stack.add(node)
        for child in dag.get(node, []):
            dfs(child, stack)
        stack.remove(node)
    dfs(""A"", set())




    def dfs(node, stack):
        if node in stack:
            raise RuntimeError(""Cycle detected in lineage graph"")
        stack.add(node)
        for child in dag.get(node, []):
            dfs(child, stack)
        stack.remove(node)
    dfs(""A"", set())




    def dfs(node, stack):
        if node in stack:
            raise RuntimeError(""Cycle detected in lineage graph"")
        stack.add(node)
        for child in dag.get(node, []):
            dfs(child, stack)
        stack.remove(node)
    dfs(""A"", set())




def ml_err_175():
    """"""Data lineage tracker detects cycle in DAG definition.""""""
    dag = {""A"": [""B""], ""B"": [""A""]}


def _select_errors(range_pairs):
    selected = {}
    for name, func in AI_ERRORS.items():
        idx = _err_id(name)
        if any(start <= idx <= end for start, end in range_pairs):
            selected[name] = func
    return selected


",MLError
"2025-11-24T11:47:23.362777 [INFO] [ERROR] ml_err_176: OSError
File ""/app/errors/ml/__init__.py"", line 86, in _run_error_category
    error_func()
  File ""/app/errors/ml/nextgen_errors.py"", line 584, in ml_err_176
    raise IOError(""Failed to upload model card to storage backend"")
OSError: Failed to upload model card to storage backend","def ml_err_176():
    """"""Model card publisher fails to upload artifact to storage.""""""
    raise IOError(""Failed to upload model card to storage backend"")




def _select_errors(range_pairs):
    selected = {}
    for name, func in AI_ERRORS.items():
        idx = _err_id(name)
        if any(start <= idx <= end for start, end in range_pairs):
            selected[name] = func
    return selected


",MLError
"2025-11-24T11:47:23.364860 [INFO] [ERROR] ml_err_177: RuntimeError
File ""/app/errors/ml/__init__.py"", line 86, in _run_error_category
    error_func()
  File ""/app/errors/ml/nextgen_errors.py"", line 592, in ml_err_177
    raise RuntimeError(""Watermark ordering violated for streaming join"")
RuntimeError: Watermark ordering violated for streaming join","def ml_err_177():
    """"""Streaming feature join uses incompatible watermark semantics.""""""
    upstream_watermark = 100
    downstream_watermark = 50
    if downstream_watermark < upstream_watermark:
        raise RuntimeError(""Watermark ordering violated for streaming join"")




def _select_errors(range_pairs):
    selected = {}
    for name, func in AI_ERRORS.items():
        idx = _err_id(name)
        if any(start <= idx <= end for start, end in range_pairs):
            selected[name] = func
    return selected


",MLError
"2025-11-24T11:47:23.384453 [INFO] [ERROR] ml_err_178: RuntimeError
File ""/app/errors/ml/__init__.py"", line 86, in _run_error_category
    error_func()
  File ""/app/errors/ml/nextgen_errors.py"", line 600, in ml_err_178
    raise RuntimeError(""Inference quota exhausted"")
RuntimeError: Inference quota exhausted","def ml_err_178():
    """"""Inference budget manager rejects request due to quota exhaustion.""""""
    quota = 1000
    used = 1200
    if used > quota:
        raise RuntimeError(""Inference quota exhausted"")




def _select_errors(range_pairs):
    selected = {}
    for name, func in AI_ERRORS.items():
        idx = _err_id(name)
        if any(start <= idx <= end for start, end in range_pairs):
            selected[name] = func
    return selected


",MLError
"2025-11-24T11:47:23.390980 [INFO] [ERROR] ml_err_179: RuntimeError
File ""/app/errors/ml/__init__.py"", line 86, in _run_error_category
    error_func()
  File ""/app/errors/ml/nextgen_errors.py"", line 607, in ml_err_179
    raise RuntimeError(""Sensitive field present in audit payload"")
RuntimeError: Sensitive field present in audit payload","def ml_err_179():
    """"""Audit logger cannot redact sensitive field before persistence.""""""
    payload = {""ssn"": ""123-45-6789""}
    if ""ssn"" in payload:
        raise RuntimeError(""Sensitive field present in audit payload"")




def _select_errors(range_pairs):
    selected = {}
    for name, func in AI_ERRORS.items():
        idx = _err_id(name)
        if any(start <= idx <= end for start, end in range_pairs):
            selected[name] = func
    return selected


",PythonError
"2025-11-24T11:47:23.394362 [INFO] [ERROR] ml_err_180: RuntimeError
File ""/app/errors/ml/__init__.py"", line 86, in _run_error_category
    error_func()
  File ""/app/errors/ml/nextgen_errors.py"", line 615, in ml_err_180
    raise RuntimeError(""Feature flag mismatch between blue and green"")
RuntimeError: Feature flag mismatch between blue and green","def ml_err_180():
    """"""Blue/green deployment diff detects incompatible feature flags.""""""
    blue_flags = {""use_new_encoder"": True}
    green_flags = {""use_new_encoder"": False}
    if blue_flags != green_flags:
        raise RuntimeError(""Feature flag mismatch between blue and green"")


__all__ = [f""ml_err_{i:03d}"" for i in range(101, 181)]


def _select_errors(range_pairs):
    selected = {}
    for name, func in AI_ERRORS.items():
        idx = _err_id(name)
        if any(start <= idx <= end for start, end in range_pairs):
            selected[name] = func
    return selected


",PythonError
"2025-11-24T11:47:23.397661 [INFO] [ERROR] ml_err_86: ValueError
File ""/app/errors/ml/__init__.py"", line 86, in _run_error_category
    error_func()
  File ""/app/errors/ml/advanced_errors.py"", line 35, in ml_err_86
    pipe.predict(X_test)
  File ""/usr/local/lib/python3.11/site-packages/sklearn/pipeline.py"", line 788, in predict
    Xt = transform.transform(Xt)
         ^^^^^^^^^^^^^^^^^^^^^^^
  File ""/usr/local/lib/python3.11/site-packages/sklearn/utils/_set_output.py"", line 316, in wrapped
    data_to_wrap = f(self, X, *args, **kwargs)
                   ^^^^^^^^^^^^^^^^^^^^^^^^^^^
  File ""/usr/local/lib/python3.11/site-packages/sklearn/preprocessing/_data.py"", line 1075, in transform
    X = validate_data(
        ^^^^^^^^^^^^^^
  File ""/usr/local/lib/python3.11/site-packages/sklearn/utils/validation.py"", line 2975, in validate_data
    _check_n_features(_estimator, X, reset=reset)
  File ""/usr/local/lib/python3.11/site-packages/sklearn/utils/validation.py"", line 2839, in _check_n_features
    raise ValueError(
ValueError: X has 3 features, but StandardScaler is expecting 5 features as input.","def ml_err_86():
    """"""Pipeline with invalid test shape (predict error)""""""
    from sklearn.pipeline import Pipeline
    from sklearn.preprocessing import StandardScaler
    from sklearn.linear_model import LinearRegression
    import numpy as np
    
    pipe = Pipeline([
        ('scaler', StandardScaler()),
        ('model', LinearRegression())
    ])
    X = np.random.randn(50, 5)
    y = np.random.randn(50)
    pipe.fit(X, y)

    # Wrong feature dimension → natural sklearn ValueError
    X_test = np.random.randn(10, 3)
    pipe.predict(X_test)




def _select_errors(range_pairs):
    selected = {}
    for name, func in AI_ERRORS.items():
        idx = _err_id(name)
        if any(start <= idx <= end for start, end in range_pairs):
            selected[name] = func
    return selected


",MLError
"2025-11-24T11:47:23.450198 [INFO] [ERROR] ml_err_89: InvalidParameterError
File ""/app/errors/ml/__init__.py"", line 86, in _run_error_category
    error_func()
  File ""/app/errors/ml/advanced_errors.py"", line 76, in ml_err_89
    permutation_importance(model, X, y, scoring='invalid_scorer')
  File ""/usr/local/lib/python3.11/site-packages/sklearn/utils/_param_validation.py"", line 208, in wrapper
    validate_parameter_constraints(
  File ""/usr/local/lib/python3.11/site-packages/sklearn/utils/_param_validation.py"", line 98, in validate_parameter_constraints
    raise InvalidParameterError(
sklearn.utils._param_validation.InvalidParameterError: The 'scoring' parameter of permutation_importance must be a str among {'normalized_mutual_info_score', 'average_precision', 'completeness_score', 'matthews_corrcoef', 'recall_samples', 'neg_root_mean_squared_error', 'jaccard_macro', 'neg_mean_poisson_deviance', 'precision', 'homogeneity_score', 'explained_variance', 'precision_macro', 'precision_micro', 'positive_likelihood_ratio', 'jaccard_weighted', 'roc_auc', 'mutual_info_score', 'accuracy', 'jaccard_samples', 'neg_root_mean_squared_log_error', 'neg_median_absolute_error', 'rand_score', 'adjusted_rand_score', 'neg_mean_squared_log_error', 'neg_mean_absolute_error', 'top_k_accuracy', 'jaccard', 'neg_log_loss', 'recall_macro', 'precision_weighted', 'roc_auc_ovo', 'roc_auc_ovr', 'f1_macro', 'f1_samples', 'fowlkes_mallows_score', 'f1_micro', 'neg_brier_score', 'neg_mean_absolute_percentage_error', 'neg_mean_squared_error', 'f1', 'roc_auc_ovo_weighted', 'jaccard_micro', 'balanced_accuracy', 'neg_max_error', 'recall', 'v_measure_score', 'f1_weighted', 'precision_samples', 'roc_auc_ovr_weighted', 'r2', 'adjusted_mutual_info_score', 'recall_weighted', 'recall_micro', 'neg_mean_gamma_deviance', 'd2_absolute_error_score', 'neg_negative_likelihood_ratio'}, a callable, an instance of 'list', an instance of 'tuple', an instance of 'dict' or None. Got 'invalid_scorer' instead.","def ml_err_89():
    """"""Permutation importance invalid scorer""""""
    import numpy as np
    from sklearn.inspection import permutation_importance
    from sklearn.linear_model import LogisticRegression
    
    X = np.random.randn(50, 5)
    y = np.random.randint(0, 2, 50)

    model = LogisticRegression().fit(X, y)

    permutation_importance(model, X, y, scoring='invalid_scorer')




def _select_errors(range_pairs):
    selected = {}
    for name, func in AI_ERRORS.items():
        idx = _err_id(name)
        if any(start <= idx <= end for start, end in range_pairs):
            selected[name] = func
    return selected


",MLError
"2025-11-24T11:47:23.458162 [INFO] [ERROR] ml_err_90: ValueError
File ""/usr/local/lib/python3.11/site-packages/sklearn/utils/_indexing.py"", line 394, in _get_column_indices_for_bool_or_int
    idx = _safe_indexing(np.arange(n_columns), key)
          ^^^^^^^^^^^^^^^^^^^^^^^^^^^^^^^^^^^^^^^^^
  File ""/usr/local/lib/python3.11/site-packages/sklearn/utils/_indexing.py"", line 349, in _safe_indexing
    return _array_indexing(X, indices, indices_dtype, axis=axis)
           ^^^^^^^^^^^^^^^^^^^^^^^^^^^^^^^^^^^^^^^^^^^^^^^^^^^^^
  File ""/usr/local/lib/python3.11/site-packages/sklearn/utils/_indexing.py"", line 40, in _array_indexing
    return array[key, ...] if axis == 0 else array[:, key]
           ~~~~~^^^^^^^^^^
IndexError: index 100 is out of bounds for axis 0 with size 5

The above exception was the direct cause of the following exception:


  File ""/app/errors/ml/__init__.py"", line 86, in _run_error_category
    error_func()
  File ""/app/errors/ml/advanced_errors.py"", line 91, in ml_err_90
    partial_dependence(model, X, [100])
  File ""/usr/local/lib/python3.11/site-packages/sklearn/utils/_param_validation.py"", line 218, in wrapper
    return func(*args, **kwargs)
           ^^^^^^^^^^^^^^^^^^^^^
  File ""/usr/local/lib/python3.11/site-packages/sklearn/inspection/_partial_dependence.py"", line 666, in partial_dependence
    _get_column_indices(X, features), dtype=np.intp, order=""C""
    ^^^^^^^^^^^^^^^^^^^^^^^^^^^^^^^^
  File ""/usr/local/lib/python3.11/site-packages/sklearn/utils/_indexing.py"", line 417, in _get_column_indices
    return _get_column_indices_for_bool_or_int(key, n_columns)
           ^^^^^^^^^^^^^^^^^^^^^^^^^^^^^^^^^^^^^^^^^^^^^^^^^^^
  File ""/usr/local/lib/python3.11/site-packages/sklearn/utils/_indexing.py"", line 396, in _get_column_indices_for_bool_or_int
    raise ValueError(
ValueError: all features must be in [0, 4] or [-5, 0]","def ml_err_90():
    """"""Partial dependence invalid feature index""""""
    import numpy as np
    from sklearn.inspection import partial_dependence
    from sklearn.tree import DecisionTreeClassifier
    
    X = np.random.randn(50, 5)
    y = np.random.randint(0, 2, 50)
    
    model = DecisionTreeClassifier().fit(X, y)
    
    # Feature index 100 does not exist
    partial_dependence(model, X, [100])




def _select_errors(range_pairs):
    selected = {}
    for name, func in AI_ERRORS.items():
        idx = _err_id(name)
        if any(start <= idx <= end for start, end in range_pairs):
            selected[name] = func
    return selected


",MLError
"2025-11-24T11:47:23.462129 [INFO] [ERROR] ml_err_91: NotFittedError
File ""/app/errors/ml/__init__.py"", line 86, in _run_error_category
    error_func()
  File ""/app/errors/ml/advanced_errors.py"", line 100, in ml_err_91
    LogisticRegression().predict(X)   # Not fitted → natural sklearn error
    ^^^^^^^^^^^^^^^^^^^^^^^^^^^^^^^
  File ""/usr/local/lib/python3.11/site-packages/sklearn/linear_model/_base.py"", line 375, in predict
    scores = self.decision_function(X)
             ^^^^^^^^^^^^^^^^^^^^^^^^^
  File ""/usr/local/lib/python3.11/site-packages/sklearn/linear_model/_base.py"", line 349, in decision_function
    check_is_fitted(self)
  File ""/usr/local/lib/python3.11/site-packages/sklearn/utils/validation.py"", line 1754, in check_is_fitted
    raise NotFittedError(msg % {""name"": type(estimator).__name__})
sklearn.exceptions.NotFittedError: This LogisticRegression instance is not fitted yet. Call 'fit' with appropriate arguments before using this estimator.","def ml_err_91():
    """"""Predict on unfitted model""""""
    import numpy as np
    from sklearn.linear_model import LogisticRegression
    
    X = np.random.randn(10, 5)
    LogisticRegression().predict(X)   # Not fitted → natural sklearn error




def _select_errors(range_pairs):
    selected = {}
    for name, func in AI_ERRORS.items():
        idx = _err_id(name)
        if any(start <= idx <= end for start, end in range_pairs):
            selected[name] = func
    return selected


",MLError
"2025-11-24T11:47:23.468150 [INFO] [ERROR] ml_err_92: AttributeError
File ""/app/errors/ml/__init__.py"", line 86, in _run_error_category
    error_func()
  File ""/app/errors/ml/advanced_errors.py"", line 110, in ml_err_92
    hasher.transform(""invalid_input"")
  File ""/usr/local/lib/python3.11/site-packages/sklearn/utils/_set_output.py"", line 316, in wrapped
    data_to_wrap = f(self, X, *args, **kwargs)
                   ^^^^^^^^^^^^^^^^^^^^^^^^^^^
  File ""/usr/local/lib/python3.11/site-packages/sklearn/feature_extraction/_hash.py"", line 184, in transform
    indices, indptr, values = _hashing_transform(
                              ^^^^^^^^^^^^^^^^^^^
  File ""sklearn/feature_extraction/_hashing_fast.pyx"", line 40, in sklearn.feature_extraction._hashing_fast.transform
  File ""/usr/local/lib/python3.11/site-packages/sklearn/feature_extraction/_hash.py"", line 173, in <genexpr>
    raw_X = (_iteritems(d) for d in raw_X)
             ^^^^^^^^^^^^^
  File ""/usr/local/lib/python3.11/site-packages/sklearn/feature_extraction/_hash.py"", line 19, in _iteritems
    return d.iteritems() if hasattr(d, ""iteritems"") else d.items()
                                                         ^^^^^^^
AttributeError: 'str' object has no attribute 'items'","def ml_err_92():
    """"""FeatureHasher invalid input type""""""
    from sklearn.feature_extraction import FeatureHasher
    
    hasher = FeatureHasher(n_features=32, input_type='dict')

    # Passing a string causes natural type error
    hasher.transform(""invalid_input"")




def _select_errors(range_pairs):
    selected = {}
    for name, func in AI_ERRORS.items():
        idx = _err_id(name)
        if any(start <= idx <= end for start, end in range_pairs):
            selected[name] = func
    return selected


",MLError
"2025-11-24T11:47:23.471715 [INFO] [ERROR] ml_err_93: AttributeError
File ""/app/errors/ml/__init__.py"", line 86, in _run_error_category
    error_func()
  File ""/app/errors/ml/advanced_errors.py"", line 120, in ml_err_93
    vec.fit(X)
  File ""/usr/local/lib/python3.11/site-packages/sklearn/base.py"", line 1365, in wrapper
    return fit_method(estimator, *args, **kwargs)
           ^^^^^^^^^^^^^^^^^^^^^^^^^^^^^^^^^^^^^^
  File ""/usr/local/lib/python3.11/site-packages/sklearn/feature_extraction/text.py"", line 2075, in fit
    X = super().fit_transform(raw_documents)
        ^^^^^^^^^^^^^^^^^^^^^^^^^^^^^^^^^^^^
  File ""/usr/local/lib/python3.11/site-packages/sklearn/base.py"", line 1365, in wrapper
    return fit_method(estimator, *args, **kwargs)
           ^^^^^^^^^^^^^^^^^^^^^^^^^^^^^^^^^^^^^^
  File ""/usr/local/lib/python3.11/site-packages/sklearn/feature_extraction/text.py"", line 1377, in fit_transform
    vocabulary, X = self._count_vocab(raw_documents, self.fixed_vocabulary_)
                    ^^^^^^^^^^^^^^^^^^^^^^^^^^^^^^^^^^^^^^^^^^^^^^^^^^^^^^^^
  File ""/usr/local/lib/python3.11/site-packages/sklearn/feature_extraction/text.py"", line 1264, in _count_vocab
    for feature in analyze(doc):
                   ^^^^^^^^^^^^
  File ""/usr/local/lib/python3.11/site-packages/sklearn/feature_extraction/text.py"", line 104, in _analyze
    doc = preprocessor(doc)
          ^^^^^^^^^^^^^^^^^
  File ""/usr/local/lib/python3.11/site-packages/sklearn/feature_extraction/text.py"", line 62, in _preprocess
    doc = doc.lower()
          ^^^^^^^^^
AttributeError: 'numpy.ndarray' object has no attribute 'lower'","def ml_err_93():
    """"""TF-IDF on numeric matrix""""""
    import numpy as np
    from sklearn.feature_extraction.text import TfidfVectorizer
    
    vec = TfidfVectorizer()
    X = np.random.randn(10, 5)   # numeric instead of text
    vec.fit(X)




def _select_errors(range_pairs):
    selected = {}
    for name, func in AI_ERRORS.items():
        idx = _err_id(name)
        if any(start <= idx <= end for start, end in range_pairs):
            selected[name] = func
    return selected


",MLError
"2025-11-24T11:47:23.475233 [INFO] [ERROR] ml_err_94: ModuleNotFoundError
File ""/app/errors/ml/__init__.py"", line 86, in _run_error_category
    error_func()
  File ""/app/errors/ml/advanced_errors.py"", line 125, in ml_err_94
    import gensim.models
ModuleNotFoundError: No module named 'gensim'","def ml_err_94():
    """"""Word2Vec lookup missing token""""""
    import gensim.models
    sentences = [[""hello"", ""world""]]
    model = gensim.models.Word2Vec(sentences, vector_size=10)

    # Lookup non-existent token → KeyError naturally
    _ = model.wv[""missing_token""]




def _select_errors(range_pairs):
    selected = {}
    for name, func in AI_ERRORS.items():
        idx = _err_id(name)
        if any(start <= idx <= end for start, end in range_pairs):
            selected[name] = func
    return selected


",MLError
"2025-11-24T11:47:23.479038 [INFO] [ERROR] ml_err_95: ValueError
File ""/app/errors/ml/__init__.py"", line 86, in _run_error_category
    error_func()
  File ""/app/errors/ml/advanced_errors.py"", line 141, in ml_err_95
    cosine_similarity(ratings)
  File ""/usr/local/lib/python3.11/site-packages/sklearn/utils/_param_validation.py"", line 218, in wrapper
    return func(*args, **kwargs)
           ^^^^^^^^^^^^^^^^^^^^^
  File ""/usr/local/lib/python3.11/site-packages/sklearn/metrics/pairwise.py"", line 1728, in cosine_similarity
    X, Y = check_pairwise_arrays(X, Y)
           ^^^^^^^^^^^^^^^^^^^^^^^^^^^
  File ""/usr/local/lib/python3.11/site-packages/sklearn/metrics/pairwise.py"", line 190, in check_pairwise_arrays
    X = Y = check_array(
            ^^^^^^^^^^^^
  File ""/usr/local/lib/python3.11/site-packages/sklearn/utils/validation.py"", line 1105, in check_array
    _assert_all_finite(
  File ""/usr/local/lib/python3.11/site-packages/sklearn/utils/validation.py"", line 120, in _assert_all_finite
    _assert_all_finite_element_wise(
  File ""/usr/local/lib/python3.11/site-packages/sklearn/utils/validation.py"", line 169, in _assert_all_finite_element_wise
    raise ValueError(msg_err)
ValueError: Input contains NaN.","def ml_err_95():
    """"""Cosine similarity with NaNs""""""
    import numpy as np
    from sklearn.metrics.pairwise import cosine_similarity
    
    ratings = np.array([[5, 3, np.nan], [4, np.nan, 2]])

    # cosine_similarity naturally errors with NaNs
    cosine_similarity(ratings)




def _select_errors(range_pairs):
    selected = {}
    for name, func in AI_ERRORS.items():
        idx = _err_id(name)
        if any(start <= idx <= end for start, end in range_pairs):
            selected[name] = func
    return selected


",MLError
"2025-11-24T11:47:23.483934 [INFO] [ERROR] ml_err_96: ValueError
File ""/app/errors/ml/__init__.py"", line 86, in _run_error_category
    error_func()
  File ""/app/errors/ml/advanced_errors.py"", line 154, in ml_err_96
    nbrs.kneighbors([[1, 2, 3, 4, 5]])
  File ""/usr/local/lib/python3.11/site-packages/sklearn/neighbors/_base.py"", line 854, in kneighbors
    raise ValueError(
ValueError: Expected n_neighbors <= n_samples_fit, but n_neighbors = 50, n_samples_fit = 20, n_samples = 1","def ml_err_96():
    """"""NearestNeighbors too many neighbors""""""
    import numpy as np
    from sklearn.neighbors import NearestNeighbors
    
    X_train = np.random.randn(20, 5)

    # Asking for more neighbors than samples → ValueError
    nbrs = NearestNeighbors(n_neighbors=50)
    nbrs.fit(X_train)
    nbrs.kneighbors([[1, 2, 3, 4, 5]])




def _select_errors(range_pairs):
    selected = {}
    for name, func in AI_ERRORS.items():
        idx = _err_id(name)
        if any(start <= idx <= end for start, end in range_pairs):
            selected[name] = func
    return selected


",MLError
"2025-11-24T11:47:23.555657 [INFO] [ERROR] ml_err_97: ValueError
File ""/app/errors/ml/__init__.py"", line 86, in _run_error_category
    error_func()
  File ""/app/errors/ml/advanced_errors.py"", line 165, in ml_err_97
    SMOTE().fit_resample(X, y)   # naturally errors
    ^^^^^^^^^^^^^^^^^^^^^^^^^^
  File ""/usr/local/lib/python3.11/site-packages/imblearn/base.py"", line 202, in fit_resample
    return super().fit_resample(X, y, **params)
           ^^^^^^^^^^^^^^^^^^^^^^^^^^^^^^^^^^^^
  File ""/usr/local/lib/python3.11/site-packages/sklearn/base.py"", line 1365, in wrapper
    return fit_method(estimator, *args, **kwargs)
           ^^^^^^^^^^^^^^^^^^^^^^^^^^^^^^^^^^^^^^
  File ""/usr/local/lib/python3.11/site-packages/imblearn/base.py"", line 101, in fit_resample
    self.sampling_strategy_ = check_sampling_strategy(
                              ^^^^^^^^^^^^^^^^^^^^^^^^
  File ""/usr/local/lib/python3.11/site-packages/imblearn/utils/_validation.py"", line 535, in check_sampling_strategy
    raise ValueError(
ValueError: The target 'y' needs to have more than 1 class. Got 1 class instead","def ml_err_97():
    """"""SMOTE with only one class""""""
    import numpy as np
    from imblearn.over_sampling import SMOTE
    
    X = np.random.randn(100, 5)
    y = np.zeros(100)  # one class only

    SMOTE().fit_resample(X, y)   # naturally errors




def _select_errors(range_pairs):
    selected = {}
    for name, func in AI_ERRORS.items():
        idx = _err_id(name)
        if any(start <= idx <= end for start, end in range_pairs):
            selected[name] = func
    return selected


",MLError
"2025-11-24T11:47:23.717485 [INFO] [ERROR] ml_err_99: ValueError
File ""/app/errors/ml/__init__.py"", line 86, in _run_error_category
    error_func()
  File ""/app/errors/ml/advanced_errors.py"", line 195, in ml_err_99
    GridSearchCV(LogisticRegression(), param_grid).fit(X, y)
  File ""/usr/local/lib/python3.11/site-packages/sklearn/base.py"", line 1365, in wrapper
    return fit_method(estimator, *args, **kwargs)
           ^^^^^^^^^^^^^^^^^^^^^^^^^^^^^^^^^^^^^^
  File ""/usr/local/lib/python3.11/site-packages/sklearn/model_selection/_search.py"", line 1051, in fit
    self._run_search(evaluate_candidates)
  File ""/usr/local/lib/python3.11/site-packages/sklearn/model_selection/_search.py"", line 1605, in _run_search
    evaluate_candidates(ParameterGrid(self.param_grid))
  File ""/usr/local/lib/python3.11/site-packages/sklearn/model_selection/_search.py"", line 997, in evaluate_candidates
    out = parallel(
          ^^^^^^^^^
  File ""/usr/local/lib/python3.11/site-packages/sklearn/utils/parallel.py"", line 82, in __call__
    return super().__call__(iterable_with_config_and_warning_filters)
           ^^^^^^^^^^^^^^^^^^^^^^^^^^^^^^^^^^^^^^^^^^^^^^^^^^^^^^^^^^
  File ""/usr/local/lib/python3.11/site-packages/joblib/parallel.py"", line 1986, in __call__
    return output if self.return_generator else list(output)
                                                ^^^^^^^^^^^^
  File ""/usr/local/lib/python3.11/site-packages/joblib/parallel.py"", line 1914, in _get_sequential_output
    res = func(*args, **kwargs)
          ^^^^^^^^^^^^^^^^^^^^^
  File ""/usr/local/lib/python3.11/site-packages/sklearn/utils/parallel.py"", line 147, in __call__
    return self.function(*args, **kwargs)
           ^^^^^^^^^^^^^^^^^^^^^^^^^^^^^^
  File ""/usr/local/lib/python3.11/site-packages/sklearn/model_selection/_validation.py"", line 847, in _fit_and_score
    estimator = estimator.set_params(**clone(parameters, safe=False))
                ^^^^^^^^^^^^^^^^^^^^^^^^^^^^^^^^^^^^^^^^^^^^^^^^^^^^^
  File ""/usr/local/lib/python3.11/site-packages/sklearn/base.py"", line 345, in set_params
    raise ValueError(
ValueError: Invalid parameter 'unknown_param' for estimator LogisticRegression(). Valid parameters are: ['C', 'class_weight', 'dual', 'fit_intercept', 'intercept_scaling', 'l1_ratio', 'max_iter', 'multi_class', 'n_jobs', 'penalty', 'random_state', 'solver', 'tol', 'verbose', 'warm_start'].","def ml_err_99():
    """"""GridSearchCV wrong param_grid for estimator""""""
    import numpy as np
    from sklearn.model_selection import GridSearchCV
    from sklearn.linear_model import LogisticRegression
    
    X = np.random.randn(30, 5)
    y = np.random.randint(0, 2, 30)

    param_grid = {""unknown_param"": [1, 2, 3]}   # invalid

    GridSearchCV(LogisticRegression(), param_grid).fit(X, y)




def _select_errors(range_pairs):
    selected = {}
    for name, func in AI_ERRORS.items():
        idx = _err_id(name)
        if any(start <= idx <= end for start, end in range_pairs):
            selected[name] = func
    return selected


",MLError
"2025-11-24T11:47:26.521430 [INFO] [ERROR] ml_err_101: ValueError
File ""/app/errors/ml/__init__.py"", line 86, in _run_error_category
    error_func()
  File ""/app/errors/ml/nextgen_errors.py"", line 13, in ml_err_101
    enc.transform(serve[[""plan""]]).toarray()
    ^^^^^^^^^^^^^^^^^^^^^^^^^^^^^^
  File ""/usr/local/lib/python3.11/site-packages/sklearn/utils/_set_output.py"", line 316, in wrapped
    data_to_wrap = f(self, X, *args, **kwargs)
                   ^^^^^^^^^^^^^^^^^^^^^^^^^^^
  File ""/usr/local/lib/python3.11/site-packages/sklearn/preprocessing/_encoders.py"", line 1043, in transform
    X_int, X_mask = self._transform(
                    ^^^^^^^^^^^^^^^^
  File ""/usr/local/lib/python3.11/site-packages/sklearn/preprocessing/_encoders.py"", line 218, in _transform
    raise ValueError(msg)
ValueError: Found unknown categories ['enterprise'] in column 0 during transform","def ml_err_101():
    """"""Schema evolution introduces unseen categorical level at inference.""""""
    import pandas as pd
    from sklearn.preprocessing import OneHotEncoder
    train = pd.DataFrame({""plan"": [""basic"", ""pro""]})
    serve = pd.DataFrame({""plan"": [""enterprise""]})
    enc = OneHotEncoder(handle_unknown=""error"").fit(train[[""plan""]])
    enc.transform(serve[[""plan""]]).toarray()




def _select_errors(range_pairs):
    selected = {}
    for name, func in AI_ERRORS.items():
        idx = _err_id(name)
        if any(start <= idx <= end for start, end in range_pairs):
            selected[name] = func
    return selected


",MLError
"2025-11-24T11:47:26.527078 [INFO] [ERROR] ml_err_102: KeyError
File ""/app/errors/ml/__init__.py"", line 86, in _run_error_category
    error_func()
  File ""/app/errors/ml/nextgen_errors.py"", line 21, in ml_err_102
    pd.merge(a, b, on=""user_id"")
  File ""/usr/local/lib/python3.11/site-packages/pandas/core/reshape/merge.py"", line 170, in merge
    op = _MergeOperation(
         ^^^^^^^^^^^^^^^^
  File ""/usr/local/lib/python3.11/site-packages/pandas/core/reshape/merge.py"", line 794, in __init__
    ) = self._get_merge_keys()
        ^^^^^^^^^^^^^^^^^^^^^^
  File ""/usr/local/lib/python3.11/site-packages/pandas/core/reshape/merge.py"", line 1298, in _get_merge_keys
    right_keys.append(right._get_label_or_level_values(rk))
                      ^^^^^^^^^^^^^^^^^^^^^^^^^^^^^^^^^^^^
  File ""/usr/local/lib/python3.11/site-packages/pandas/core/generic.py"", line 1914, in _get_label_or_level_values
    raise KeyError(key)
KeyError: 'user_id'","def ml_err_102():
    """"""Join between feature tables drops mandatory key column.""""""
    import pandas as pd
    a = pd.DataFrame({""user_id"": [1, 2], ""age"": [20, 30]})
    b = pd.DataFrame({""uid"": [1, 2], ""spend"": [100, 200]})
    pd.merge(a, b, on=""user_id"")




def _select_errors(range_pairs):
    selected = {}
    for name, func in AI_ERRORS.items():
        idx = _err_id(name)
        if any(start <= idx <= end for start, end in range_pairs):
            selected[name] = func
    return selected


",MLError
"2025-11-24T11:47:26.532938 [INFO] [ERROR] ml_err_104: TypeError
File ""/app/errors/ml/__init__.py"", line 86, in _run_error_category
    error_func()
  File ""/app/errors/ml/nextgen_errors.py"", line 43, in ml_err_104
    FeatureUnion([(""f1"", f1), (""f2"", f2)]).fit_transform([[1], [2]])
  File ""/usr/local/lib/python3.11/site-packages/sklearn/utils/_set_output.py"", line 316, in wrapped
    data_to_wrap = f(self, X, *args, **kwargs)
                   ^^^^^^^^^^^^^^^^^^^^^^^^^^^
  File ""/usr/local/lib/python3.11/site-packages/sklearn/pipeline.py"", line 1963, in fit_transform
    results = self._parallel_func(X, y, _fit_transform_one, routed_params)
              ^^^^^^^^^^^^^^^^^^^^^^^^^^^^^^^^^^^^^^^^^^^^^^^^^^^^^^^^^^^^
  File ""/usr/local/lib/python3.11/site-packages/sklearn/pipeline.py"", line 1981, in _parallel_func
    self._validate_transformers()
  File ""/usr/local/lib/python3.11/site-packages/sklearn/pipeline.py"", line 1763, in _validate_transformers
    raise TypeError(
TypeError: All estimators should implement fit and transform. '<function ml_err_104.<locals>.f1 at 0x7c8ad9b31a80>' (type <class 'function'>) doesn't","def ml_err_104():
    """"""FeatureUnion returns arrays with inconsistent widths.""""""
    import numpy as np
    from sklearn.pipeline import FeatureUnion



def _select_errors(range_pairs):
    selected = {}
    for name, func in AI_ERRORS.items():
        idx = _err_id(name)
        if any(start <= idx <= end for start, end in range_pairs):
            selected[name] = func
    return selected


",MLError
"2025-11-24T11:47:26.543942 [INFO] [ERROR] ml_err_106: ValueError
File ""/app/errors/ml/__init__.py"", line 86, in _run_error_category
    error_func()
  File ""/app/errors/ml/nextgen_errors.py"", line 56, in ml_err_106
    pd.to_datetime([""2024-01-01T00:00:00Z"", ""2024-01-02 01:00:00""])
  File ""/usr/local/lib/python3.11/site-packages/pandas/core/tools/datetimes.py"", line 1104, in to_datetime
    result = convert_listlike(argc, format)
             ^^^^^^^^^^^^^^^^^^^^^^^^^^^^^^
  File ""/usr/local/lib/python3.11/site-packages/pandas/core/tools/datetimes.py"", line 435, in _convert_listlike_datetimes
    return _array_strptime_with_fallback(arg, name, utc, format, exact, errors)
           ^^^^^^^^^^^^^^^^^^^^^^^^^^^^^^^^^^^^^^^^^^^^^^^^^^^^^^^^^^^^^^^^^^^^
  File ""/usr/local/lib/python3.11/site-packages/pandas/core/tools/datetimes.py"", line 469, in _array_strptime_with_fallback
    result, tz_out = array_strptime(arg, fmt, exact=exact, errors=errors, utc=utc)
                     ^^^^^^^^^^^^^^^^^^^^^^^^^^^^^^^^^^^^^^^^^^^^^^^^^^^^^^^^^^^^^
  File ""pandas/_libs/tslibs/strptime.pyx"", line 501, in pandas._libs.tslibs.strptime.array_strptime
  File ""pandas/_libs/tslibs/strptime.pyx"", line 451, in pandas._libs.tslibs.strptime.array_strptime
  File ""pandas/_libs/tslibs/strptime.pyx"", line 583, in pandas._libs.tslibs.strptime._parse_with_format
ValueError: time data ""2024-01-02 01:00:00"" doesn't match format ""%Y-%m-%dT%H:%M:%S%z"", at position 1. You might want to try:
    - passing `format` if your strings have a consistent format;
    - passing `format='ISO8601'` if your strings are all ISO8601 but not necessarily in exactly the same format;
    - passing `format='mixed'`, and the format will be inferred for each element individually. You might want to use `dayfirst` alongside this.","def ml_err_106():
    """"""Datetime parser rejects mix of timezone-aware and naive strings.""""""
    import pandas as pd
    pd.to_datetime([""2024-01-01T00:00:00Z"", ""2024-01-02 01:00:00""])




def _select_errors(range_pairs):
    selected = {}
    for name, func in AI_ERRORS.items():
        idx = _err_id(name)
        if any(start <= idx <= end for start, end in range_pairs):
            selected[name] = func
    return selected


",MLError
"2025-11-24T11:47:26.549524 [INFO] [ERROR] ml_err_107: ValueError
File ""/usr/local/lib/python3.11/site-packages/pandas/core/indexes/base.py"", line 3812, in get_loc
    return self._engine.get_loc(casted_key)
           ^^^^^^^^^^^^^^^^^^^^^^^^^^^^^^^^
  File ""pandas/_libs/index.pyx"", line 167, in pandas._libs.index.IndexEngine.get_loc
  File ""pandas/_libs/index.pyx"", line 196, in pandas._libs.index.IndexEngine.get_loc
  File ""pandas/_libs/hashtable_class_helper.pxi"", line 7088, in pandas._libs.hashtable.PyObjectHashTable.get_item
  File ""pandas/_libs/hashtable_class_helper.pxi"", line 7096, in pandas._libs.hashtable.PyObjectHashTable.get_item
KeyError: 'missing_col'

The above exception was the direct cause of the following exception:


  File ""/usr/local/lib/python3.11/site-packages/sklearn/utils/_indexing.py"", line 443, in _get_column_indices
    col_idx = all_columns.get_loc(col)
              ^^^^^^^^^^^^^^^^^^^^^^^^
  File ""/usr/local/lib/python3.11/site-packages/pandas/core/indexes/base.py"", line 3819, in get_loc
    raise KeyError(key) from err
KeyError: 'missing_col'

The above exception was the direct cause of the following exception:


  File ""/app/errors/ml/__init__.py"", line 86, in _run_error_category
    error_func()
  File ""/app/errors/ml/nextgen_errors.py"", line 65, in ml_err_107
    .fit_transform(df)
     ^^^^^^^^^^^^^^^^^
  File ""/usr/local/lib/python3.11/site-packages/sklearn/utils/_set_output.py"", line 316, in wrapped
    data_to_wrap = f(self, X, *args, **kwargs)
                   ^^^^^^^^^^^^^^^^^^^^^^^^^^^
  File ""/usr/local/lib/python3.11/site-packages/sklearn/base.py"", line 1365, in wrapper
    return fit_method(estimator, *args, **kwargs)
           ^^^^^^^^^^^^^^^^^^^^^^^^^^^^^^^^^^^^^^
  File ""/usr/local/lib/python3.11/site-packages/sklearn/compose/_column_transformer.py"", line 988, in fit_transform
    self._validate_column_callables(X)
  File ""/usr/local/lib/python3.11/site-packages/sklearn/compose/_column_transformer.py"", line 541, in _validate_column_callables
    transformer_to_input_indices[name] = _get_column_indices(X, columns)
                                         ^^^^^^^^^^^^^^^^^^^^^^^^^^^^^^^
  File ""/usr/local/lib/python3.11/site-packages/sklearn/utils/_indexing.py"", line 451, in _get_column_indices
    raise ValueError(""A given column is not a column of the dataframe"") from e
ValueError: A given column is not a column of the dataframe","def ml_err_107():
    """"""ColumnTransformer references column dropped by previous step.""""""
    from sklearn.compose import ColumnTransformer
    import pandas as pd
    df = pd.DataFrame({""num"": [1, 2], ""cat"": [""a"", ""b""]})
    ColumnTransformer([(""nums"", ""passthrough"", [""num"", ""missing_col""])])\
        .fit_transform(df)




def _select_errors(range_pairs):
    selected = {}
    for name, func in AI_ERRORS.items():
        idx = _err_id(name)
        if any(start <= idx <= end for start, end in range_pairs):
            selected[name] = func
    return selected


",MLError
"2025-11-24T11:47:26.554515 [INFO] [ERROR] ml_err_109: ValueError
File ""/app/errors/ml/__init__.py"", line 86, in _run_error_category
    error_func()
  File ""/app/errors/ml/nextgen_errors.py"", line 80, in ml_err_109
    PCA(n_components=5).fit_transform(np.random.rand(3, 4))
  File ""/usr/local/lib/python3.11/site-packages/sklearn/utils/_set_output.py"", line 316, in wrapped
    data_to_wrap = f(self, X, *args, **kwargs)
                   ^^^^^^^^^^^^^^^^^^^^^^^^^^^
  File ""/usr/local/lib/python3.11/site-packages/sklearn/base.py"", line 1365, in wrapper
    return fit_method(estimator, *args, **kwargs)
           ^^^^^^^^^^^^^^^^^^^^^^^^^^^^^^^^^^^^^^
  File ""/usr/local/lib/python3.11/site-packages/sklearn/decomposition/_pca.py"", line 466, in fit_transform
    U, S, _, X, x_is_centered, xp = self._fit(X)
                                    ^^^^^^^^^^^^
  File ""/usr/local/lib/python3.11/site-packages/sklearn/decomposition/_pca.py"", line 540, in _fit
    return self._fit_full(X, n_components, xp, is_array_api_compliant)
           ^^^^^^^^^^^^^^^^^^^^^^^^^^^^^^^^^^^^^^^^^^^^^^^^^^^^^^^^^^^
  File ""/usr/local/lib/python3.11/site-packages/sklearn/decomposition/_pca.py"", line 554, in _fit_full
    raise ValueError(
ValueError: n_components=5 must be between 0 and min(n_samples, n_features)=3 with svd_solver='full'","def ml_err_109():
    """"""PCA requested with more components than available samples.""""""
    import numpy as np
    from sklearn.decomposition import PCA
    PCA(n_components=5).fit_transform(np.random.rand(3, 4))




def _select_errors(range_pairs):
    selected = {}
    for name, func in AI_ERRORS.items():
        idx = _err_id(name)
        if any(start <= idx <= end for start, end in range_pairs):
            selected[name] = func
    return selected


",MLError
"2025-11-24T11:47:26.559618 [INFO] [ERROR] ml_err_110: ValueError
File ""/app/errors/ml/__init__.py"", line 86, in _run_error_category
    error_func()
  File ""/app/errors/ml/nextgen_errors.py"", line 87, in ml_err_110
    MinMaxScaler(feature_range=(1, -1)).fit_transform(np.random.rand(5, 2))
  File ""/usr/local/lib/python3.11/site-packages/sklearn/utils/_set_output.py"", line 316, in wrapped
    data_to_wrap = f(self, X, *args, **kwargs)
                   ^^^^^^^^^^^^^^^^^^^^^^^^^^^
  File ""/usr/local/lib/python3.11/site-packages/sklearn/base.py"", line 894, in fit_transform
    return self.fit(X, **fit_params).transform(X)
           ^^^^^^^^^^^^^^^^^^^^^^^^^
  File ""/usr/local/lib/python3.11/site-packages/sklearn/preprocessing/_data.py"", line 454, in fit
    return self.partial_fit(X, y)
           ^^^^^^^^^^^^^^^^^^^^^^
  File ""/usr/local/lib/python3.11/site-packages/sklearn/base.py"", line 1365, in wrapper
    return fit_method(estimator, *args, **kwargs)
           ^^^^^^^^^^^^^^^^^^^^^^^^^^^^^^^^^^^^^^
  File ""/usr/local/lib/python3.11/site-packages/sklearn/preprocessing/_data.py"", line 480, in partial_fit
    raise ValueError(
ValueError: Minimum of desired feature range must be smaller than maximum. Got (1, -1).","def ml_err_110():
    """"""MinMaxScaler receives inverted feature_range.""""""
    import numpy as np
    from sklearn.preprocessing import MinMaxScaler
    MinMaxScaler(feature_range=(1, -1)).fit_transform(np.random.rand(5, 2))




def _select_errors(range_pairs):
    selected = {}
    for name, func in AI_ERRORS.items():
        idx = _err_id(name)
        if any(start <= idx <= end for start, end in range_pairs):
            selected[name] = func
    return selected


",MLError
"2025-11-24T11:47:26.562105 [INFO] [ERROR] ml_err_111: LinAlgError
File ""/app/errors/ml/__init__.py"", line 86, in _run_error_category
    error_func()
  File ""/app/errors/ml/nextgen_errors.py"", line 93, in ml_err_111
    np.linalg.inv(np.ones((3, 4)))
  File ""/usr/local/lib/python3.11/site-packages/numpy/linalg/_linalg.py"", line 663, in inv
    _assert_stacked_square(a)
  File ""/usr/local/lib/python3.11/site-packages/numpy/linalg/_linalg.py"", line 264, in _assert_stacked_square
    raise LinAlgError('Last 2 dimensions of the array must be square')
numpy.linalg.LinAlgError: Last 2 dimensions of the array must be square","def ml_err_111():
    """"""Graph adjacency matrix must be square.""""""
    import numpy as np
    np.linalg.inv(np.ones((3, 4)))




def _select_errors(range_pairs):
    selected = {}
    for name, func in AI_ERRORS.items():
        idx = _err_id(name)
        if any(start <= idx <= end for start, end in range_pairs):
            selected[name] = func
    return selected


",MLError
"2025-11-24T11:47:26.564397 [INFO] [ERROR] ml_err_112: RuntimeError
File ""/app/errors/ml/__init__.py"", line 86, in _run_error_category
    error_func()
  File ""/app/errors/ml/nextgen_errors.py"", line 101, in ml_err_112
    raise RuntimeError(""Feature snapshot timestamps not monotonic"")
RuntimeError: Feature snapshot timestamps not monotonic","def ml_err_112():
    """"""Feature store snapshot violates monotonic timestamp expectation.""""""
    import pandas as pd
    df = pd.DataFrame({""ts"": [2, 1], ""value"": [10, 20]})
    if not df[""ts""].is_monotonic_increasing:
        raise RuntimeError(""Feature snapshot timestamps not monotonic"")




def _select_errors(range_pairs):
    selected = {}
    for name, func in AI_ERRORS.items():
        idx = _err_id(name)
        if any(start <= idx <= end for start, end in range_pairs):
            selected[name] = func
    return selected


",MLError
"2025-11-24T11:47:26.565924 [INFO] [ERROR] ml_err_113: NotFittedError
File ""/app/errors/ml/__init__.py"", line 86, in _run_error_category
    error_func()
  File ""/app/errors/ml/nextgen_errors.py"", line 107, in ml_err_113
    CountVectorizer().transform([""hello world""])
  File ""/usr/local/lib/python3.11/site-packages/sklearn/feature_extraction/text.py"", line 1419, in transform
    self._check_vocabulary()
  File ""/usr/local/lib/python3.11/site-packages/sklearn/feature_extraction/text.py"", line 501, in _check_vocabulary
    raise NotFittedError(""Vocabulary not fitted or provided"")
sklearn.exceptions.NotFittedError: Vocabulary not fitted or provided","def ml_err_113():
    """"""Text vectorizer invoked before fitting vocabulary.""""""
    from sklearn.feature_extraction.text import CountVectorizer
    CountVectorizer().transform([""hello world""])




def _select_errors(range_pairs):
    selected = {}
    for name, func in AI_ERRORS.items():
        idx = _err_id(name)
        if any(start <= idx <= end for start, end in range_pairs):
            selected[name] = func
    return selected


",MLError
"2025-11-24T11:47:26.568101 [INFO] [ERROR] ml_err_114: JSONDecodeError
File ""/app/errors/ml/__init__.py"", line 86, in _run_error_category
    error_func()
  File ""/app/errors/ml/nextgen_errors.py"", line 113, in ml_err_114
    json.loads(""{"")
  File ""/usr/local/lib/python3.11/json/__init__.py"", line 346, in loads
    return _default_decoder.decode(s)
           ^^^^^^^^^^^^^^^^^^^^^^^^^^
  File ""/usr/local/lib/python3.11/json/decoder.py"", line 337, in decode
    obj, end = self.raw_decode(s, idx=_w(s, 0).end())
               ^^^^^^^^^^^^^^^^^^^^^^^^^^^^^^^^^^^^^^
  File ""/usr/local/lib/python3.11/json/decoder.py"", line 353, in raw_decode
    obj, end = self.scan_once(s, idx)
               ^^^^^^^^^^^^^^^^^^^^^^
json.decoder.JSONDecodeError: Expecting property name enclosed in double quotes: line 1 column 2 (char 1)","def ml_err_114():
    """"""JSON loader fails due to malformed document.""""""
    import json
    json.loads(""{"")




def _select_errors(range_pairs):
    selected = {}
    for name, func in AI_ERRORS.items():
        idx = _err_id(name)
        if any(start <= idx <= end for start, end in range_pairs):
            selected[name] = func
    return selected


",PythonError
"2025-11-24T11:47:26.571066 [INFO] [ERROR] ml_err_115: ValueError
File ""pandas/_libs/tslibs/offsets.pyx"", line 4776, in pandas._libs.tslibs.offsets._get_offset
KeyError: 'X'

During handling of the above exception, another exception occurred:


  File ""pandas/_libs/tslibs/offsets.pyx"", line 4946, in pandas._libs.tslibs.offsets.to_offset
  File ""pandas/_libs/tslibs/offsets.pyx"", line 4782, in pandas._libs.tslibs.offsets._get_offset
ValueError: Invalid frequency: X, failed to parse with error message: KeyError('X')

During handling of the above exception, another exception occurred:


  File ""/app/errors/ml/__init__.py"", line 86, in _run_error_category
    error_func()
  File ""/app/errors/ml/nextgen_errors.py"", line 120, in ml_err_115
    series.resample(""1X"").mean()
    ^^^^^^^^^^^^^^^^^^^^^
  File ""/usr/local/lib/python3.11/site-packages/pandas/core/generic.py"", line 9834, in resample
    return get_resampler(
           ^^^^^^^^^^^^^^
  File ""/usr/local/lib/python3.11/site-packages/pandas/core/resample.py"", line 2043, in get_resampler
    tg = TimeGrouper(obj, **kwds)  # type: ignore[arg-type]
         ^^^^^^^^^^^^^^^^^^^^^^^^
  File ""/usr/local/lib/python3.11/site-packages/pandas/core/resample.py"", line 2137, in __init__
    freq = to_offset(freq)
           ^^^^^^^^^^^^^^^
  File ""pandas/_libs/tslibs/offsets.pyx"", line 4791, in pandas._libs.tslibs.offsets.to_offset
  File ""pandas/_libs/tslibs/offsets.pyx"", line 4954, in pandas._libs.tslibs.offsets.to_offset
ValueError: Invalid frequency: 1X, failed to parse with error message: ValueError(""Invalid frequency: X, failed to parse with error message: KeyError('X')"")","def ml_err_115():
    """"""Time-series resampler uses unsupported frequency alias.""""""
    import pandas as pd
    series = pd.Series(range(10), index=pd.date_range(""2024-01-01"", periods=10, freq=""H""))
    series.resample(""1X"").mean()




def _select_errors(range_pairs):
    selected = {}
    for name, func in AI_ERRORS.items():
        idx = _err_id(name)
        if any(start <= idx <= end for start, end in range_pairs):
            selected[name] = func
    return selected


",MLError
"2025-11-24T11:47:26.575685 [INFO] [ERROR] ml_err_117: ValueError
File ""/app/errors/ml/__init__.py"", line 86, in _run_error_category
    error_func()
  File ""/app/errors/ml/nextgen_errors.py"", line 137, in ml_err_117
    raise ValueError(""Duplicate IDs detected after merge"")
ValueError: Duplicate IDs detected after merge","def ml_err_117():
    """"""Duplicate IDs detected after merge guard.""""""
    import pandas as pd
    left = pd.DataFrame({""id"": [1, 1], ""value"": [10, 20]})
    right = pd.DataFrame({""id"": [1], ""flag"": [True]})
    merged = left.merge(right, on=""id"")
    if merged[""id""].duplicated().any():
        raise ValueError(""Duplicate IDs detected after merge"")




def _select_errors(range_pairs):
    selected = {}
    for name, func in AI_ERRORS.items():
        idx = _err_id(name)
        if any(start <= idx <= end for start, end in range_pairs):
            selected[name] = func
    return selected


",MLError
"2025-11-24T11:47:26.577983 [INFO] [ERROR] ml_err_118: ValueError
File ""/app/errors/ml/__init__.py"", line 86, in _run_error_category
    error_func()
  File ""/app/errors/ml/nextgen_errors.py"", line 145, in ml_err_118
    enc.transform([[""critical""]])
  File ""/usr/local/lib/python3.11/site-packages/sklearn/utils/_set_output.py"", line 316, in wrapped
    data_to_wrap = f(self, X, *args, **kwargs)
                   ^^^^^^^^^^^^^^^^^^^^^^^^^^^
  File ""/usr/local/lib/python3.11/site-packages/sklearn/preprocessing/_encoders.py"", line 1597, in transform
    X_int, X_mask = self._transform(
                    ^^^^^^^^^^^^^^^^
  File ""/usr/local/lib/python3.11/site-packages/sklearn/preprocessing/_encoders.py"", line 218, in _transform
    raise ValueError(msg)
ValueError: Found unknown categories ['critical'] in column 0 during transform","def ml_err_118():
    """"""OrdinalEncoder receives category outside predefined order.""""""
    from sklearn.preprocessing import OrdinalEncoder
    enc = OrdinalEncoder(categories=[[""low"", ""medium"", ""high""]])
    enc.fit([[""low""], [""medium""]])
    enc.transform([[""critical""]])




def _select_errors(range_pairs):
    selected = {}
    for name, func in AI_ERRORS.items():
        idx = _err_id(name)
        if any(start <= idx <= end for start, end in range_pairs):
            selected[name] = func
    return selected


",MLError
"2025-11-24T11:47:26.579925 [INFO] [ERROR] ml_err_119: ValueError
File ""/app/errors/ml/__init__.py"", line 86, in _run_error_category
    error_func()
  File ""/app/errors/ml/nextgen_errors.py"", line 152, in ml_err_119
    PowerTransformer(method=""box-cox"").fit_transform(np.array([[0.0], [1.0]]))
  File ""/usr/local/lib/python3.11/site-packages/sklearn/utils/_set_output.py"", line 316, in wrapped
    data_to_wrap = f(self, X, *args, **kwargs)
                   ^^^^^^^^^^^^^^^^^^^^^^^^^^^
  File ""/usr/local/lib/python3.11/site-packages/sklearn/base.py"", line 1365, in wrapper
    return fit_method(estimator, *args, **kwargs)
           ^^^^^^^^^^^^^^^^^^^^^^^^^^^^^^^^^^^^^^
  File ""/usr/local/lib/python3.11/site-packages/sklearn/preprocessing/_data.py"", line 3337, in fit_transform
    return self._fit(X, y, force_transform=True)
           ^^^^^^^^^^^^^^^^^^^^^^^^^^^^^^^^^^^^^
  File ""/usr/local/lib/python3.11/site-packages/sklearn/preprocessing/_data.py"", line 3340, in _fit
    X = self._check_input(X, in_fit=True, check_positive=True)
        ^^^^^^^^^^^^^^^^^^^^^^^^^^^^^^^^^^^^^^^^^^^^^^^^^^^^^^
  File ""/usr/local/lib/python3.11/site-packages/sklearn/preprocessing/_data.py"", line 3581, in _check_input
    raise ValueError(
ValueError: The Box-Cox transformation can only be applied to strictly positive data","def ml_err_119():
    """"""PowerTransformer invoked on data containing zeros using box-cox.""""""
    import numpy as np
    from sklearn.preprocessing import PowerTransformer
    PowerTransformer(method=""box-cox"").fit_transform(np.array([[0.0], [1.0]]))




def _select_errors(range_pairs):
    selected = {}
    for name, func in AI_ERRORS.items():
        idx = _err_id(name)
        if any(start <= idx <= end for start, end in range_pairs):
            selected[name] = func
    return selected


",MLError
"2025-11-24T11:47:26.581687 [INFO] [ERROR] ml_err_120: IndexError
File ""/app/errors/ml/__init__.py"", line 86, in _run_error_category
    error_func()
  File ""/app/errors/ml/nextgen_errors.py"", line 159, in ml_err_120
    vec[0, 5]
    ~~~^^^^^^
  File ""/usr/local/lib/python3.11/site-packages/numpy/matrixlib/defmatrix.py"", line 201, in __getitem__
    out = N.ndarray.__getitem__(self, index)
          ^^^^^^^^^^^^^^^^^^^^^^^^^^^^^^^^^^
IndexError: index 5 is out of bounds for axis 1 with size 4","def ml_err_120():
    """"""Feature hashing dimension mismatch leads to index overflow.""""""
    from sklearn.feature_extraction import FeatureHasher
    vec = FeatureHasher(input_type=""string"", n_features=4).transform([{""feature"": 1}]).todense()
    vec[0, 5]

# ============================================================
# Training & Optimization (ml_err_121 - ml_err_140)
# ============================================================




def _select_errors(range_pairs):
    selected = {}
    for name, func in AI_ERRORS.items():
        idx = _err_id(name)
        if any(start <= idx <= end for start, end in range_pairs):
            selected[name] = func
    return selected


",MLError
"2025-11-24T11:47:26.600387 [INFO] [ERROR] ml_err_122: ValueError
File ""/app/errors/ml/__init__.py"", line 86, in _run_error_category
    error_func()
  File ""/app/errors/ml/nextgen_errors.py"", line 185, in ml_err_122
    RandomizedSearchCV(LogisticRegression(), {""C"": uniform(loc=-1, scale=0)}).fit([[1], [2]], [0, 1])
  File ""/usr/local/lib/python3.11/site-packages/sklearn/base.py"", line 1365, in wrapper
    return fit_method(estimator, *args, **kwargs)
           ^^^^^^^^^^^^^^^^^^^^^^^^^^^^^^^^^^^^^^
  File ""/usr/local/lib/python3.11/site-packages/sklearn/model_selection/_search.py"", line 1051, in fit
    self._run_search(evaluate_candidates)
  File ""/usr/local/lib/python3.11/site-packages/sklearn/model_selection/_search.py"", line 1992, in _run_search
    evaluate_candidates(
  File ""/usr/local/lib/python3.11/site-packages/sklearn/model_selection/_search.py"", line 1009, in evaluate_candidates
    for (cand_idx, parameters), (split_idx, (train, test)) in product(
                                                              ^^^^^^^^
  File ""/usr/local/lib/python3.11/site-packages/sklearn/model_selection/_split.py"", line 404, in split
    raise ValueError(
ValueError: Cannot have number of splits n_splits=5 greater than the number of samples: n_samples=2.","def ml_err_122():
    """"""RandomizedSearchCV receives distribution with invalid support.""""""
    from sklearn.linear_model import LogisticRegression
    from sklearn.model_selection import RandomizedSearchCV
    from scipy.stats import uniform
    RandomizedSearchCV(LogisticRegression(), {""C"": uniform(loc=-1, scale=0)}).fit([[1], [2]], [0, 1])




def _select_errors(range_pairs):
    selected = {}
    for name, func in AI_ERRORS.items():
        idx = _err_id(name)
        if any(start <= idx <= end for start, end in range_pairs):
            selected[name] = func
    return selected


",MLError
"2025-11-24T11:47:26.604526 [INFO] [ERROR] ml_err_123: ValueError
File ""/app/errors/ml/__init__.py"", line 86, in _run_error_category
    error_func()
  File ""/app/errors/ml/nextgen_errors.py"", line 194, in ml_err_123
    GradientBoostingClassifier().fit(X, np.tile(y, 5), sample_weight=[1.0] * 3)
  File ""/usr/local/lib/python3.11/site-packages/sklearn/base.py"", line 1365, in wrapper
    return fit_method(estimator, *args, **kwargs)
           ^^^^^^^^^^^^^^^^^^^^^^^^^^^^^^^^^^^^^^
  File ""/usr/local/lib/python3.11/site-packages/sklearn/ensemble/_gb.py"", line 667, in fit
    sample_weight = _check_sample_weight(sample_weight, X)
                    ^^^^^^^^^^^^^^^^^^^^^^^^^^^^^^^^^^^^^^
  File ""/usr/local/lib/python3.11/site-packages/sklearn/utils/validation.py"", line 2197, in _check_sample_weight
    raise ValueError(
ValueError: sample_weight.shape == (3,), expected (10,)!","def ml_err_123():
    """"""GradientBoosting classifier fit with sample_weight mismatch.""""""
    from sklearn.ensemble import GradientBoostingClassifier
    import numpy as np
    X = np.random.rand(10, 3)
    y = np.array([0, 1])
    GradientBoostingClassifier().fit(X, np.tile(y, 5), sample_weight=[1.0] * 3)




def _select_errors(range_pairs):
    selected = {}
    for name, func in AI_ERRORS.items():
        idx = _err_id(name)
        if any(start <= idx <= end for start, end in range_pairs):
            selected[name] = func
    return selected


",MLError
"2025-11-24T11:47:26.609106 [INFO] [ERROR] ml_err_124: InvalidParameterError
File ""/app/errors/ml/__init__.py"", line 86, in _run_error_category
    error_func()
  File ""/app/errors/ml/nextgen_errors.py"", line 200, in ml_err_124
    RandomForestClassifier(min_samples_leaf=0).fit([[1, 2], [3, 4]], [0, 1])
  File ""/usr/local/lib/python3.11/site-packages/sklearn/base.py"", line 1358, in wrapper
    estimator._validate_params()
  File ""/usr/local/lib/python3.11/site-packages/sklearn/base.py"", line 471, in _validate_params
    validate_parameter_constraints(
  File ""/usr/local/lib/python3.11/site-packages/sklearn/utils/_param_validation.py"", line 98, in validate_parameter_constraints
    raise InvalidParameterError(
sklearn.utils._param_validation.InvalidParameterError: The 'min_samples_leaf' parameter of RandomForestClassifier must be an int in the range [1, inf) or a float in the range (0.0, 1.0). Got 0 instead.","def ml_err_124():
    """"""RandomForest configured with invalid min_samples_leaf.""""""
    from sklearn.ensemble import RandomForestClassifier
    RandomForestClassifier(min_samples_leaf=0).fit([[1, 2], [3, 4]], [0, 1])




def _select_errors(range_pairs):
    selected = {}
    for name, func in AI_ERRORS.items():
        idx = _err_id(name)
        if any(start <= idx <= end for start, end in range_pairs):
            selected[name] = func
    return selected


",MLError
"2025-11-24T11:47:26.611326 [INFO] [ERROR] ml_err_125: ModuleNotFoundError
File ""/app/errors/ml/__init__.py"", line 86, in _run_error_category
    error_func()
  File ""/app/errors/ml/nextgen_errors.py"", line 205, in ml_err_125
    import tensorflow as tf
ModuleNotFoundError: No module named 'tensorflow'","def ml_err_125():
    """"""TensorFlow compile invoked with unknown optimizer string.""""""
    import tensorflow as tf
    model = tf.keras.Sequential([tf.keras.layers.Dense(1, input_shape=(2,))])
    model.compile(optimizer=""unknown-optimizer"", loss=""mse"")
    model.fit([[1, 2], [3, 4]], [0, 1])




def _select_errors(range_pairs):
    selected = {}
    for name, func in AI_ERRORS.items():
        idx = _err_id(name)
        if any(start <= idx <= end for start, end in range_pairs):
            selected[name] = func
    return selected


",AIError
"2025-11-24T11:47:26.615383 [INFO] [ERROR] ml_err_126: ModuleNotFoundError
File ""/app/errors/ml/__init__.py"", line 86, in _run_error_category
    error_func()
  File ""/app/errors/ml/nextgen_errors.py"", line 213, in ml_err_126
    import torch
ModuleNotFoundError: No module named 'torch'","def ml_err_126():
    """"""CrossEntropyLoss fed one-hot targets instead of class indices.""""""
    import torch
    logits = torch.randn(4, 3, requires_grad=True)
    targets = torch.tensor([[1, 0, 0], [0, 1, 0], [0, 0, 1], [1, 0, 0]], dtype=torch.float32)
    torch.nn.CrossEntropyLoss()(logits, targets)




def _select_errors(range_pairs):
    selected = {}
    for name, func in AI_ERRORS.items():
        idx = _err_id(name)
        if any(start <= idx <= end for start, end in range_pairs):
            selected[name] = func
    return selected


",AIError
"2025-11-24T11:47:26.633431 [INFO] [ERROR] ml_err_127: ModuleNotFoundError
File ""/app/errors/ml/__init__.py"", line 86, in _run_error_category
    error_func()
  File ""/app/errors/ml/nextgen_errors.py"", line 221, in ml_err_127
    import tensorflow as tf
ModuleNotFoundError: No module named 'tensorflow'","def ml_err_127():
    """"""TensorFlow estimator invoked with mismatched feature columns.""""""
    import tensorflow as tf
    feature_columns = [tf.feature_column.numeric_column(""age"")]
    classifier = tf.estimator.LinearClassifier(feature_columns=feature_columns)



def _select_errors(range_pairs):
    selected = {}
    for name, func in AI_ERRORS.items():
        idx = _err_id(name)
        if any(start <= idx <= end for start, end in range_pairs):
            selected[name] = func
    return selected


",AIError
"2025-11-24T11:47:26.645996 [INFO] [ERROR] ml_err_128: AttributeError
File ""/app/errors/ml/__init__.py"", line 86, in _run_error_category
    error_func()
  File ""/app/errors/ml/nextgen_errors.py"", line 236, in ml_err_128
    Pipeline([(""scaler"", StandardScaler()), (""clf"", SGDClassifier())]).partial_fit([[1, 2]], [0])
    ^^^^^^^^^^^^^^^^^^^^^^^^^^^^^^^^^^^^^^^^^^^^^^^^^^^^^^^^^^^^^^^^^^^^^^^^^^^^^^
AttributeError: 'Pipeline' object has no attribute 'partial_fit'","def ml_err_128():
    """"""Pipeline partial_fit used on estimator lacking method.""""""
    from sklearn.pipeline import Pipeline
    from sklearn.preprocessing import StandardScaler
    from sklearn.linear_model import SGDClassifier
    Pipeline([(""scaler"", StandardScaler()), (""clf"", SGDClassifier())]).partial_fit([[1, 2]], [0])




def _select_errors(range_pairs):
    selected = {}
    for name, func in AI_ERRORS.items():
        idx = _err_id(name)
        if any(start <= idx <= end for start, end in range_pairs):
            selected[name] = func
    return selected


",MLError
"2025-11-24T11:47:26.649127 [INFO] [ERROR] ml_err_130: ValueError
File ""/app/errors/ml/__init__.py"", line 86, in _run_error_category
    error_func()
  File ""/app/errors/ml/nextgen_errors.py"", line 249, in ml_err_130
    raise ValueError(""Early stopping patience must be positive"")
ValueError: Early stopping patience must be positive","def ml_err_130():
    """"""Early stopping patience zero triggers validation failure.""""""
    patience = 0
    if patience <= 0:
        raise ValueError(""Early stopping patience must be positive"")




def _select_errors(range_pairs):
    selected = {}
    for name, func in AI_ERRORS.items():
        idx = _err_id(name)
        if any(start <= idx <= end for start, end in range_pairs):
            selected[name] = func
    return selected


",MLError
"2025-11-24T11:47:26.670498 [INFO] [ERROR] ml_err_131: ModuleNotFoundError
File ""/app/errors/ml/__init__.py"", line 86, in _run_error_category
    error_func()
  File ""/app/errors/ml/nextgen_errors.py"", line 254, in ml_err_131
    import tensorflow as tf
ModuleNotFoundError: No module named 'tensorflow'","def ml_err_131():
    """"""TensorFlow custom training loop forgets to watch gradient tape.""""""
    import tensorflow as tf
    x = tf.Variable(1.0)
    with tf.GradientTape() as tape:
        y = x * 2
    tape.gradient(y, x)




def _select_errors(range_pairs):
    selected = {}
    for name, func in AI_ERRORS.items():
        idx = _err_id(name)
        if any(start <= idx <= end for start, end in range_pairs):
            selected[name] = func
    return selected


",AIError
"2025-11-24T11:47:26.673174 [INFO] [ERROR] ml_err_132: ModuleNotFoundError
File ""/app/errors/ml/__init__.py"", line 86, in _run_error_category
    error_func()
  File ""/app/errors/ml/nextgen_errors.py"", line 263, in ml_err_132
    import torch
ModuleNotFoundError: No module named 'torch'","def ml_err_132():
    """"""Torch optimizer receives no parameters due to frozen model.""""""
    import torch
    model = torch.nn.Linear(4, 2)
    for param in model.parameters():
        param.requires_grad = False
    torch.optim.Adam(model.parameters()).step()




def _select_errors(range_pairs):
    selected = {}
    for name, func in AI_ERRORS.items():
        idx = _err_id(name)
        if any(start <= idx <= end for start, end in range_pairs):
            selected[name] = func
    return selected


",AIError
"2025-11-24T11:47:26.675336 [INFO] [ERROR] ml_err_133: TypeError
File ""/app/errors/ml/__init__.py"", line 86, in _run_error_category
    error_func()
  File ""/app/errors/ml/nextgen_errors.py"", line 274, in ml_err_133
    BaggingClassifier(base_estimator=SVC(probability=False, random_state=None)).fit([[1]], [0])
    ^^^^^^^^^^^^^^^^^^^^^^^^^^^^^^^^^^^^^^^^^^^^^^^^^^^^^^^^^^^^^^^^^^^^^^^^^^^
TypeError: BaggingClassifier.__init__() got an unexpected keyword argument 'base_estimator'","def ml_err_133():
    """"""Bagging classifier uses base estimator lacking random_state attribute.""""""
    from sklearn.ensemble import BaggingClassifier
    from sklearn.svm import SVC
    BaggingClassifier(base_estimator=SVC(probability=False, random_state=None)).fit([[1]], [0])




def _select_errors(range_pairs):
    selected = {}
    for name, func in AI_ERRORS.items():
        idx = _err_id(name)
        if any(start <= idx <= end for start, end in range_pairs):
            selected[name] = func
    return selected


",MLError
"2025-11-24T11:47:26.676699 [INFO] [ERROR] ml_err_134: ModuleNotFoundError
File ""/app/errors/ml/__init__.py"", line 86, in _run_error_category
    error_func()
  File ""/app/errors/ml/nextgen_errors.py"", line 279, in ml_err_134
    import tensorflow as tf
ModuleNotFoundError: No module named 'tensorflow'","def ml_err_134():
    """"""Keras fit called with mismatched sample weights length.""""""
    import tensorflow as tf
    model = tf.keras.Sequential([tf.keras.layers.Dense(1, input_shape=(2,))])
    model.compile(optimizer=""adam"", loss=""mse"")
    model.fit([[1, 2], [3, 4]], [0, 1], sample_weight=[1.0])




def _select_errors(range_pairs):
    selected = {}
    for name, func in AI_ERRORS.items():
        idx = _err_id(name)
        if any(start <= idx <= end for start, end in range_pairs):
            selected[name] = func
    return selected


",AIError
"2025-11-24T11:47:26.678288 [INFO] [ERROR] ml_err_135: ModuleNotFoundError
File ""/app/errors/ml/__init__.py"", line 86, in _run_error_category
    error_func()
  File ""/app/errors/ml/nextgen_errors.py"", line 287, in ml_err_135
    import torch.distributed as dist
ModuleNotFoundError: No module named 'torch'","def ml_err_135():
    """"""PyTorch distributed API queried before initialization.""""""
    import torch.distributed as dist
    dist.get_world_size()




def _select_errors(range_pairs):
    selected = {}
    for name, func in AI_ERRORS.items():
        idx = _err_id(name)
        if any(start <= idx <= end for start, end in range_pairs):
            selected[name] = func
    return selected


",AIError
"2025-11-24T11:47:26.679665 [INFO] [ERROR] ml_err_136: ModuleNotFoundError
File ""/app/errors/ml/__init__.py"", line 86, in _run_error_category
    error_func()
  File ""/app/errors/ml/nextgen_errors.py"", line 293, in ml_err_136
    import torch
ModuleNotFoundError: No module named 'torch'","def ml_err_136():
    """"""ONNX export fails when opset version unsupported.""""""
    import torch
    import torch.onnx as onnx
    onnx.export(torch.nn.Linear(2, 2), torch.randn(1, 2), ""model.onnx"", opset_version=1)




def _select_errors(range_pairs):
    selected = {}
    for name, func in AI_ERRORS.items():
        idx = _err_id(name)
        if any(start <= idx <= end for start, end in range_pairs):
            selected[name] = func
    return selected


",AIError
"2025-11-24T11:47:26.680977 [INFO] [ERROR] ml_err_137: ModuleNotFoundError
File ""/app/errors/ml/__init__.py"", line 86, in _run_error_category
    error_func()
  File ""/app/errors/ml/nextgen_errors.py"", line 300, in ml_err_137
    import tensorflow as tf
ModuleNotFoundError: No module named 'tensorflow'","def ml_err_137():
    """"""TensorFlow checkpoint restoration fails due to missing variable.""""""
    import tensorflow as tf
    var = tf.Variable(1.0, name=""weight"")
    tf.train.Checkpoint(weight=var).restore(""missing.ckpt"").assert_existing_objects_matched()




def _select_errors(range_pairs):
    selected = {}
    for name, func in AI_ERRORS.items():
        idx = _err_id(name)
        if any(start <= idx <= end for start, end in range_pairs):
            selected[name] = func
    return selected


",AIError
"2025-11-24T11:47:26.682370 [INFO] [ERROR] ml_err_138: TypeError
File ""/app/errors/ml/__init__.py"", line 86, in _run_error_category
    error_func()
  File ""/app/errors/ml/nextgen_errors.py"", line 308, in ml_err_138
    clone(lambda x: x)
  File ""/usr/local/lib/python3.11/site-packages/sklearn/base.py"", line 95, in clone
    return _clone_parametrized(estimator, safe=safe)
           ^^^^^^^^^^^^^^^^^^^^^^^^^^^^^^^^^^^^^^^^^
  File ""/usr/local/lib/python3.11/site-packages/sklearn/base.py"", line 117, in _clone_parametrized
    raise TypeError(
TypeError: Cannot clone object '<function ml_err_138.<locals>.<lambda> at 0x7c8ad9c95580>' (type <class 'function'>): it does not seem to be a scikit-learn estimator as it does not implement a 'get_params' method.","def ml_err_138():
    """"""sklearn clone invoked on estimator with non-cloneable parameter.""""""
    from sklearn.base import clone
    clone(lambda x: x)




def _select_errors(range_pairs):
    selected = {}
    for name, func in AI_ERRORS.items():
        idx = _err_id(name)
        if any(start <= idx <= end for start, end in range_pairs):
            selected[name] = func
    return selected


",MLError
"2025-11-24T11:47:26.695108 [INFO] [ERROR] ml_err_139: ModuleNotFoundError
File ""/app/errors/ml/__init__.py"", line 86, in _run_error_category
    error_func()
  File ""/app/errors/ml/nextgen_errors.py"", line 313, in ml_err_139
    import torch
ModuleNotFoundError: No module named 'torch'","def ml_err_139():
    """"""Torch compile fails when backend is unsupported string.""""""
    import torch
    torch.compile(torch.nn.Linear(4, 2), backend=""nonexistent"")




def _select_errors(range_pairs):
    selected = {}
    for name, func in AI_ERRORS.items():
        idx = _err_id(name)
        if any(start <= idx <= end for start, end in range_pairs):
            selected[name] = func
    return selected


",AIError
"2025-11-24T11:47:26.699208 [INFO] [ERROR] ml_err_140: ModuleNotFoundError
File ""/app/errors/ml/__init__.py"", line 86, in _run_error_category
    error_func()
  File ""/app/errors/ml/nextgen_errors.py"", line 319, in ml_err_140
    import tensorflow as tf
ModuleNotFoundError: No module named 'tensorflow'","def ml_err_140():
    """"""TensorFlow logical device configuration rejects unknown device type.""""""
    import tensorflow as tf
    tf.config.set_visible_devices([], device_type=""QUANTUM"")

# ============================================================
# Metrics & Evaluation (ml_err_141 - ml_err_160)
# ============================================================




def _select_errors(range_pairs):
    selected = {}
    for name, func in AI_ERRORS.items():
        idx = _err_id(name)
        if any(start <= idx <= end for start, end in range_pairs):
            selected[name] = func
    return selected


",AIError
"2025-11-24T11:47:26.706094 [INFO] [ERROR] ml_err_143: ValueError
File ""/app/errors/ml/__init__.py"", line 86, in _run_error_category
    error_func()
  File ""/app/errors/ml/nextgen_errors.py"", line 342, in ml_err_143
    confusion_matrix([0, 1, 2], [0, 2])
  File ""/usr/local/lib/python3.11/site-packages/sklearn/utils/_param_validation.py"", line 218, in wrapper
    return func(*args, **kwargs)
           ^^^^^^^^^^^^^^^^^^^^^
  File ""/usr/local/lib/python3.11/site-packages/sklearn/metrics/_classification.py"", line 467, in confusion_matrix
    y_type, y_true, y_pred = _check_targets(y_true, y_pred)
                             ^^^^^^^^^^^^^^^^^^^^^^^^^^^^^^
  File ""/usr/local/lib/python3.11/site-packages/sklearn/metrics/_classification.py"", line 97, in _check_targets
    check_consistent_length(y_true, y_pred)
  File ""/usr/local/lib/python3.11/site-packages/sklearn/utils/validation.py"", line 473, in check_consistent_length
    raise ValueError(
ValueError: Found input variables with inconsistent numbers of samples: [3, 2]","def ml_err_143():
    """"""Confusion matrix fails due to label mismatch.""""""
    from sklearn.metrics import confusion_matrix
    confusion_matrix([0, 1, 2], [0, 2])




def _select_errors(range_pairs):
    selected = {}
    for name, func in AI_ERRORS.items():
        idx = _err_id(name)
        if any(start <= idx <= end for start, end in range_pairs):
            selected[name] = func
    return selected


",MLError
"2025-11-24T11:47:26.711308 [INFO] [ERROR] ml_err_144: ValueError
File ""/app/errors/ml/__init__.py"", line 86, in _run_error_category
    error_func()
  File ""/app/errors/ml/nextgen_errors.py"", line 352, in ml_err_144
    cross_val_score(LogisticRegression(), X[:4], y[:4], cv=5)
  File ""/usr/local/lib/python3.11/site-packages/sklearn/utils/_param_validation.py"", line 218, in wrapper
    return func(*args, **kwargs)
           ^^^^^^^^^^^^^^^^^^^^^
  File ""/usr/local/lib/python3.11/site-packages/sklearn/model_selection/_validation.py"", line 677, in cross_val_score
    cv_results = cross_validate(
                 ^^^^^^^^^^^^^^^
  File ""/usr/local/lib/python3.11/site-packages/sklearn/utils/_param_validation.py"", line 218, in wrapper
    return func(*args, **kwargs)
           ^^^^^^^^^^^^^^^^^^^^^
  File ""/usr/local/lib/python3.11/site-packages/sklearn/model_selection/_validation.py"", line 399, in cross_validate
    results = parallel(
              ^^^^^^^^^
  File ""/usr/local/lib/python3.11/site-packages/sklearn/utils/parallel.py"", line 82, in __call__
    return super().__call__(iterable_with_config_and_warning_filters)
           ^^^^^^^^^^^^^^^^^^^^^^^^^^^^^^^^^^^^^^^^^^^^^^^^^^^^^^^^^^
  File ""/usr/local/lib/python3.11/site-packages/joblib/parallel.py"", line 1986, in __call__
    return output if self.return_generator else list(output)
                                                ^^^^^^^^^^^^
  File ""/usr/local/lib/python3.11/site-packages/joblib/parallel.py"", line 1911, in _get_sequential_output
    for func, args, kwargs in iterable:
  File ""/usr/local/lib/python3.11/site-packages/sklearn/utils/parallel.py"", line 74, in <genexpr>
    iterable_with_config_and_warning_filters = (
                                               ^
  File ""/usr/local/lib/python3.11/site-packages/sklearn/model_selection/_validation.py"", line 399, in <genexpr>
    results = parallel(
                      ^
  File ""/usr/local/lib/python3.11/site-packages/sklearn/model_selection/_split.py"", line 404, in split
    raise ValueError(
ValueError: Cannot have number of splits n_splits=5 greater than the number of samples: n_samples=4.","def ml_err_144():
    """"""Cross_val_score invoked with cv greater than number of samples.""""""
    from sklearn.datasets import load_iris
    from sklearn.model_selection import cross_val_score
    from sklearn.linear_model import LogisticRegression
    X, y = load_iris(return_X_y=True)
    y = (y == 0).astype(int)
    cross_val_score(LogisticRegression(), X[:4], y[:4], cv=5)




def _select_errors(range_pairs):
    selected = {}
    for name, func in AI_ERRORS.items():
        idx = _err_id(name)
        if any(start <= idx <= end for start, end in range_pairs):
            selected[name] = func
    return selected


",MLError
"2025-11-24T11:47:26.713674 [INFO] [ERROR] ml_err_145: ValueError
File ""/app/errors/ml/__init__.py"", line 86, in _run_error_category
    error_func()
  File ""/app/errors/ml/nextgen_errors.py"", line 358, in ml_err_145
    brier_score_loss([0, 1], [1.2, -0.1])
  File ""/usr/local/lib/python3.11/site-packages/sklearn/utils/_param_validation.py"", line 218, in wrapper
    return func(*args, **kwargs)
           ^^^^^^^^^^^^^^^^^^^^^
  File ""/usr/local/lib/python3.11/site-packages/sklearn/metrics/_classification.py"", line 3609, in brier_score_loss
    transformed_labels, y_proba = _validate_binary_probabilistic_prediction(
                                  ^^^^^^^^^^^^^^^^^^^^^^^^^^^^^^^^^^^^^^^^^^
  File ""/usr/local/lib/python3.11/site-packages/sklearn/metrics/_classification.py"", line 3452, in _validate_binary_probabilistic_prediction
    raise ValueError(f""y_prob contains values greater than 1: {y_prob.max()}"")
ValueError: y_prob contains values greater than 1: 1.2","def ml_err_145():
    """"""Brier score receives probabilities outside [0,1].""""""
    from sklearn.metrics import brier_score_loss
    brier_score_loss([0, 1], [1.2, -0.1])




def _select_errors(range_pairs):
    selected = {}
    for name, func in AI_ERRORS.items():
        idx = _err_id(name)
        if any(start <= idx <= end for start, end in range_pairs):
            selected[name] = func
    return selected


",MLError
"2025-11-24T11:47:26.721136 [INFO] [ERROR] ml_err_148: ValueError
File ""/app/errors/ml/__init__.py"", line 86, in _run_error_category
    error_func()
  File ""/app/errors/ml/nextgen_errors.py"", line 378, in ml_err_148
    silhouette_score(X, [0, 0, 0, 0, 0])
  File ""/usr/local/lib/python3.11/site-packages/sklearn/utils/_param_validation.py"", line 218, in wrapper
    return func(*args, **kwargs)
           ^^^^^^^^^^^^^^^^^^^^^
  File ""/usr/local/lib/python3.11/site-packages/sklearn/metrics/cluster/_unsupervised.py"", line 138, in silhouette_score
    return float(np.mean(silhouette_samples(X, labels, metric=metric, **kwds)))
                         ^^^^^^^^^^^^^^^^^^^^^^^^^^^^^^^^^^^^^^^^^^^^^^^^^^^^
  File ""/usr/local/lib/python3.11/site-packages/sklearn/utils/_param_validation.py"", line 191, in wrapper
    return func(*args, **kwargs)
           ^^^^^^^^^^^^^^^^^^^^^
  File ""/usr/local/lib/python3.11/site-packages/sklearn/metrics/cluster/_unsupervised.py"", line 296, in silhouette_samples
    check_number_of_labels(len(le.classes_), n_samples)
  File ""/usr/local/lib/python3.11/site-packages/sklearn/metrics/cluster/_unsupervised.py"", line 35, in check_number_of_labels
    raise ValueError(
ValueError: Number of labels is 1. Valid values are 2 to n_samples - 1 (inclusive)","def ml_err_148():
    """"""silhouette_score requires at least 2 clusters.""""""
    from sklearn.metrics import silhouette_score
    from sklearn.datasets import make_blobs
    X, _ = make_blobs(n_samples=5, centers=1, random_state=42)
    silhouette_score(X, [0, 0, 0, 0, 0])




def _select_errors(range_pairs):
    selected = {}
    for name, func in AI_ERRORS.items():
        idx = _err_id(name)
        if any(start <= idx <= end for start, end in range_pairs):
            selected[name] = func
    return selected


",MLError
"2025-11-24T11:47:26.725612 [INFO] [ERROR] ml_err_149: ValueError
File ""/app/errors/ml/__init__.py"", line 86, in _run_error_category
    error_func()
  File ""/app/errors/ml/nextgen_errors.py"", line 384, in ml_err_149
    matthews_corrcoef([0, 1], [0, float(""nan"")])
  File ""/usr/local/lib/python3.11/site-packages/sklearn/utils/_param_validation.py"", line 218, in wrapper
    return func(*args, **kwargs)
           ^^^^^^^^^^^^^^^^^^^^^
  File ""/usr/local/lib/python3.11/site-packages/sklearn/metrics/_classification.py"", line 1174, in matthews_corrcoef
    y_type, y_true, y_pred = _check_targets(y_true, y_pred)
                             ^^^^^^^^^^^^^^^^^^^^^^^^^^^^^^
  File ""/usr/local/lib/python3.11/site-packages/sklearn/metrics/_classification.py"", line 99, in _check_targets
    type_pred = type_of_target(y_pred, input_name=""y_pred"")
                ^^^^^^^^^^^^^^^^^^^^^^^^^^^^^^^^^^^^^^^^^^^
  File ""/usr/local/lib/python3.11/site-packages/sklearn/utils/multiclass.py"", line 410, in type_of_target
    _assert_all_finite(data, input_name=input_name)
  File ""/usr/local/lib/python3.11/site-packages/sklearn/utils/validation.py"", line 120, in _assert_all_finite
    _assert_all_finite_element_wise(
  File ""/usr/local/lib/python3.11/site-packages/sklearn/utils/validation.py"", line 169, in _assert_all_finite_element_wise
    raise ValueError(msg_err)
ValueError: Input y_pred contains NaN.","def ml_err_149():
    """"""Matthews correlation fails with NaN predictions.""""""
    from sklearn.metrics import matthews_corrcoef
    matthews_corrcoef([0, 1], [0, float(""nan"")])




def _select_errors(range_pairs):
    selected = {}
    for name, func in AI_ERRORS.items():
        idx = _err_id(name)
        if any(start <= idx <= end for start, end in range_pairs):
            selected[name] = func
    return selected


",MLError
"2025-11-24T11:47:26.808976 [INFO] [ERROR] ml_err_151: RuntimeError
File ""/app/errors/ml/__init__.py"", line 86, in _run_error_category
    error_func()
  File ""/app/errors/ml/nextgen_errors.py"", line 404, in ml_err_151
    permutation_importance(model, X, y, scoring=scorer)
  File ""/usr/local/lib/python3.11/site-packages/sklearn/utils/_param_validation.py"", line 218, in wrapper
    return func(*args, **kwargs)
           ^^^^^^^^^^^^^^^^^^^^^
  File ""/usr/local/lib/python3.11/site-packages/sklearn/inspection/_permutation_importance.py"", line 286, in permutation_importance
    baseline_score = _weights_scorer(scorer, estimator, X, y, sample_weight)
                     ^^^^^^^^^^^^^^^^^^^^^^^^^^^^^^^^^^^^^^^^^^^^^^^^^^^^^^^
  File ""/usr/local/lib/python3.11/site-packages/sklearn/inspection/_permutation_importance.py"", line 28, in _weights_scorer
    return scorer(estimator, X, y)
           ^^^^^^^^^^^^^^^^^^^^^^^
  File ""/app/errors/ml/nextgen_errors.py"", line 402, in scorer
    raise RuntimeError(""Custom scorer failed"")
RuntimeError: Custom scorer failed","    def scorer(estimator, X, y):
        raise RuntimeError(""Custom scorer failed"")

    permutation_importance(model, X, y, scoring=scorer)




def ml_err_151():
    """"""Permutation importance fails when scoring function raises.""""""
    from sklearn.inspection import permutation_importance
    from sklearn.datasets import load_iris
    from sklearn.ensemble import RandomForestClassifier
    X, y = load_iris(return_X_y=True)
    model = RandomForestClassifier().fit(X, y)



def _select_errors(range_pairs):
    selected = {}
    for name, func in AI_ERRORS.items():
        idx = _err_id(name)
        if any(start <= idx <= end for start, end in range_pairs):
            selected[name] = func
    return selected


",MLError
"2025-11-24T11:47:26.812346 [INFO] [ERROR] ml_err_152: ValueError
File ""/app/errors/ml/__init__.py"", line 86, in _run_error_category
    error_func()
  File ""/app/errors/ml/nextgen_errors.py"", line 410, in ml_err_152
    classification_report([0, 1], [0, 1], target_names=[""negative""])
  File ""/usr/local/lib/python3.11/site-packages/sklearn/utils/_param_validation.py"", line 218, in wrapper
    return func(*args, **kwargs)
           ^^^^^^^^^^^^^^^^^^^^^
  File ""/usr/local/lib/python3.11/site-packages/sklearn/metrics/_classification.py"", line 2970, in classification_report
    raise ValueError(
ValueError: Number of classes, 2, does not match size of target_names, 1. Try specifying the labels parameter","def ml_err_152():
    """"""Classification report fails when labels and target names length differ.""""""
    from sklearn.metrics import classification_report
    classification_report([0, 1], [0, 1], target_names=[""negative""])




def _select_errors(range_pairs):
    selected = {}
    for name, func in AI_ERRORS.items():
        idx = _err_id(name)
        if any(start <= idx <= end for start, end in range_pairs):
            selected[name] = func
    return selected


",MLError
"2025-11-24T11:47:26.815342 [INFO] [ERROR] ml_err_153: ValueError
File ""/app/errors/ml/__init__.py"", line 86, in _run_error_category
    error_func()
  File ""/app/errors/ml/nextgen_errors.py"", line 416, in ml_err_153
    calibration_curve([0, 1], [[0.2, 0.8], [0.1, 0.9]])
  File ""/usr/local/lib/python3.11/site-packages/sklearn/utils/_param_validation.py"", line 218, in wrapper
    return func(*args, **kwargs)
           ^^^^^^^^^^^^^^^^^^^^^
  File ""/usr/local/lib/python3.11/site-packages/sklearn/calibration.py"", line 1035, in calibration_curve
    y_prob = column_or_1d(y_prob)
             ^^^^^^^^^^^^^^^^^^^^
  File ""/usr/local/lib/python3.11/site-packages/sklearn/utils/validation.py"", line 1483, in column_or_1d
    raise ValueError(
ValueError: y should be a 1d array, got an array of shape (2, 2) instead.","def ml_err_153():
    """"""Calibration curve fails because y_prob has wrong shape.""""""
    from sklearn.calibration import calibration_curve
    calibration_curve([0, 1], [[0.2, 0.8], [0.1, 0.9]])




def _select_errors(range_pairs):
    selected = {}
    for name, func in AI_ERRORS.items():
        idx = _err_id(name)
        if any(start <= idx <= end for start, end in range_pairs):
            selected[name] = func
    return selected


",MLError
"2025-11-24T11:47:26.829373 [INFO] [ERROR] ml_err_155: InvalidParameterError
File ""/app/errors/ml/__init__.py"", line 86, in _run_error_category
    error_func()
  File ""/app/errors/ml/nextgen_errors.py"", line 428, in ml_err_155
    fbeta_score([0, 1], [0, 1], beta=-1)
  File ""/usr/local/lib/python3.11/site-packages/sklearn/utils/_param_validation.py"", line 208, in wrapper
    validate_parameter_constraints(
  File ""/usr/local/lib/python3.11/site-packages/sklearn/utils/_param_validation.py"", line 98, in validate_parameter_constraints
    raise InvalidParameterError(
sklearn.utils._param_validation.InvalidParameterError: The 'beta' parameter of fbeta_score must be a float in the range [0.0, inf]. Got -1 instead.","def ml_err_155():
    """"""F-beta score invoked with invalid beta parameter.""""""
    from sklearn.metrics import fbeta_score
    fbeta_score([0, 1], [0, 1], beta=-1)




def _select_errors(range_pairs):
    selected = {}
    for name, func in AI_ERRORS.items():
        idx = _err_id(name)
        if any(start <= idx <= end for start, end in range_pairs):
            selected[name] = func
    return selected


",MLError
"2025-11-24T11:47:26.832196 [INFO] [ERROR] ml_err_157: ValueError
File ""/app/errors/ml/__init__.py"", line 86, in _run_error_category
    error_func()
  File ""/app/errors/ml/nextgen_errors.py"", line 440, in ml_err_157
    mean_squared_log_error([-1, 2], [0.5, 0.5])
  File ""/usr/local/lib/python3.11/site-packages/sklearn/utils/_param_validation.py"", line 218, in wrapper
    return func(*args, **kwargs)
           ^^^^^^^^^^^^^^^^^^^^^
  File ""/usr/local/lib/python3.11/site-packages/sklearn/metrics/_regression.py"", line 762, in mean_squared_log_error
    raise ValueError(
ValueError: Mean Squared Logarithmic Error cannot be used when targets contain values less than or equal to -1.","def ml_err_157():
    """"""Mean squared log error undefined for negative values.""""""
    from sklearn.metrics import mean_squared_log_error
    mean_squared_log_error([-1, 2], [0.5, 0.5])




def _select_errors(range_pairs):
    selected = {}
    for name, func in AI_ERRORS.items():
        idx = _err_id(name)
        if any(start <= idx <= end for start, end in range_pairs):
            selected[name] = func
    return selected


",MLError
"2025-11-24T11:47:26.837223 [INFO] [ERROR] ml_err_159: ValueError
File ""/app/errors/ml/__init__.py"", line 86, in _run_error_category
    error_func()
  File ""/app/errors/ml/nextgen_errors.py"", line 452, in ml_err_159
    auc([1, 0, 2], [0, 1, 0])
  File ""/usr/local/lib/python3.11/site-packages/sklearn/utils/_param_validation.py"", line 218, in wrapper
    return func(*args, **kwargs)
           ^^^^^^^^^^^^^^^^^^^^^
  File ""/usr/local/lib/python3.11/site-packages/sklearn/metrics/_ranking.py"", line 97, in auc
    raise ValueError(""x is neither increasing nor decreasing : {}."".format(x))
ValueError: x is neither increasing nor decreasing : [1 0 2].","def ml_err_159():
    """"""Area-under-curve requires increasing x coordinates.""""""
    from sklearn.metrics import auc
    auc([1, 0, 2], [0, 1, 0])




def _select_errors(range_pairs):
    selected = {}
    for name, func in AI_ERRORS.items():
        idx = _err_id(name)
        if any(start <= idx <= end for start, end in range_pairs):
            selected[name] = func
    return selected


",MLError
"2025-11-24T11:47:26.840032 [INFO] [ERROR] ml_err_160: ValueError
File ""/app/errors/ml/__init__.py"", line 86, in _run_error_category
    error_func()
  File ""/app/errors/ml/nextgen_errors.py"", line 460, in ml_err_160
    raise ValueError(""Score aggregator weights mismatch"")
ValueError: Score aggregator weights mismatch","def ml_err_160():
    """"""Custom score aggregator mismatches weight vector length.""""""
    scores = [0.8, 0.7]
    weights = [0.5]
    if len(scores) != len(weights):
        raise ValueError(""Score aggregator weights mismatch"")

# ============================================================
# Advanced & Production Scenarios (ml_err_161 - ml_err_180)
# ============================================================




def _select_errors(range_pairs):
    selected = {}
    for name, func in AI_ERRORS.items():
        idx = _err_id(name)
        if any(start <= idx <= end for start, end in range_pairs):
            selected[name] = func
    return selected


",MLError
"2025-11-24T11:47:26.845776 [INFO] [ERROR] ml_err_161: RuntimeError
File ""/app/errors/ml/__init__.py"", line 86, in _run_error_category
    error_func()
  File ""/app/errors/ml/nextgen_errors.py"", line 472, in ml_err_161
    raise RuntimeError(""Artifact hash mismatch detected"")
RuntimeError: Artifact hash mismatch detected","def ml_err_161():
    """"""Model registry rejects artifact due to hash mismatch.""""""
    expected = ""abc123""
    observed = ""def456""
    if expected != observed:
        raise RuntimeError(""Artifact hash mismatch detected"")




def _select_errors(range_pairs):
    selected = {}
    for name, func in AI_ERRORS.items():
        idx = _err_id(name)
        if any(start <= idx <= end for start, end in range_pairs):
            selected[name] = func
    return selected


",MLError
"2025-11-24T11:47:26.848474 [INFO] [ERROR] ml_err_162: ValueError
File ""/app/errors/ml/__init__.py"", line 86, in _run_error_category
    error_func()
  File ""/app/errors/ml/nextgen_errors.py"", line 480, in ml_err_162
    raise ValueError(""Reference window empty for drift computation"")
ValueError: Reference window empty for drift computation","def ml_err_162():
    """"""Feature drift job fails when reference window empty.""""""
    import pandas as pd
    reference = pd.Series([], dtype=float)
    if reference.empty:
        raise ValueError(""Reference window empty for drift computation"")




def _select_errors(range_pairs):
    selected = {}
    for name, func in AI_ERRORS.items():
        idx = _err_id(name)
        if any(start <= idx <= end for start, end in range_pairs):
            selected[name] = func
    return selected


",MLError
"2025-11-24T11:47:26.862504 [INFO] [ERROR] ml_err_163: RuntimeError
File ""/app/errors/ml/__init__.py"", line 86, in _run_error_category
    error_func()
  File ""/app/errors/ml/nextgen_errors.py"", line 487, in ml_err_163
    raise RuntimeError(""Shadow deployment produced no predictions"")
RuntimeError: Shadow deployment produced no predictions","def ml_err_163():
    """"""Canary deploy rejects because shadow predictions missing.""""""
    shadow = None
    if shadow is None:
        raise RuntimeError(""Shadow deployment produced no predictions"")




def _select_errors(range_pairs):
    selected = {}
    for name, func in AI_ERRORS.items():
        idx = _err_id(name)
        if any(start <= idx <= end for start, end in range_pairs):
            selected[name] = func
    return selected


",MLError
"2025-11-24T11:47:26.865726 [INFO] [ERROR] ml_err_164: RuntimeError
File ""/app/errors/ml/__init__.py"", line 86, in _run_error_category
    error_func()
  File ""/app/errors/ml/nextgen_errors.py"", line 495, in ml_err_164
    raise RuntimeError(""Consumer lag exceeds retention window"")
RuntimeError: Consumer lag exceeds retention window","def ml_err_164():
    """"""Streaming consumer lags behind offset retention period.""""""
    retention_ms = 60000
    lag_ms = 120000
    if lag_ms > retention_ms:
        raise RuntimeError(""Consumer lag exceeds retention window"")




def _select_errors(range_pairs):
    selected = {}
    for name, func in AI_ERRORS.items():
        idx = _err_id(name)
        if any(start <= idx <= end for start, end in range_pairs):
            selected[name] = func
    return selected


",MLError
"2025-11-24T11:47:26.879421 [INFO] [ERROR] ml_err_165: ValueError
File ""/app/errors/ml/__init__.py"", line 86, in _run_error_category
    error_func()
  File ""/app/errors/ml/nextgen_errors.py"", line 502, in ml_err_165
    raise ValueError(""Ensemble router requires non-empty weights"")
ValueError: Ensemble router requires non-empty weights","def ml_err_165():
    """"""Ensemble router assigned zero weights but still invoked.""""""
    weights = []
    if not weights:
        raise ValueError(""Ensemble router requires non-empty weights"")




def _select_errors(range_pairs):
    selected = {}
    for name, func in AI_ERRORS.items():
        idx = _err_id(name)
        if any(start <= idx <= end for start, end in range_pairs):
            selected[name] = func
    return selected


",MLError
"2025-11-24T11:47:26.892520 [INFO] [ERROR] ml_err_166: PermissionError
File ""/app/errors/ml/__init__.py"", line 86, in _run_error_category
    error_func()
  File ""/app/errors/ml/nextgen_errors.py"", line 509, in ml_err_166
    raise PermissionError(""Model lacks governance approval token"")
PermissionError: Model lacks governance approval token","def ml_err_166():
    """"""Model governance check fails due to missing approval token.""""""
    approval_token = None
    if approval_token is None:
        raise PermissionError(""Model lacks governance approval token"")




def _select_errors(range_pairs):
    selected = {}
    for name, func in AI_ERRORS.items():
        idx = _err_id(name)
        if any(start <= idx <= end for start, end in range_pairs):
            selected[name] = func
    return selected


",MLError
"2025-11-24T11:47:26.910101 [INFO] [ERROR] ml_err_168: KeyError
File ""/app/errors/ml/__init__.py"", line 86, in _run_error_category
    error_func()
  File ""/app/errors/ml/nextgen_errors.py"", line 523, in ml_err_168
    raise KeyError(""Tenant encryption key missing"")
KeyError: 'Tenant encryption key missing'","def ml_err_168():
    """"""Multi-tenant serving enforces tenant-specific encryption key.""""""
    tenant_keys = {""tenant-a"": ""k1""}
    tenant = ""tenant-b""
    if tenant not in tenant_keys:
        raise KeyError(""Tenant encryption key missing"")




def _select_errors(range_pairs):
    selected = {}
    for name, func in AI_ERRORS.items():
        idx = _err_id(name)
        if any(start <= idx <= end for start, end in range_pairs):
            selected[name] = func
    return selected


",MLError
"2025-11-24T11:47:26.913826 [INFO] [ERROR] ml_err_169: RuntimeError
File ""/app/errors/ml/__init__.py"", line 86, in _run_error_category
    error_func()
  File ""/app/errors/ml/nextgen_errors.py"", line 530, in ml_err_169
    raise RuntimeError(""Buckets not balanced for experiment"")
RuntimeError: Buckets not balanced for experiment","def ml_err_169():
    """"""A/B experiment aggregator receives inconsistent bucket sizes.""""""
    buckets = {""A"": 100, ""B"": 80}
    if len(set(buckets.values())) != 1:
        raise RuntimeError(""Buckets not balanced for experiment"")




def _select_errors(range_pairs):
    selected = {}
    for name, func in AI_ERRORS.items():
        idx = _err_id(name)
        if any(start <= idx <= end for start, end in range_pairs):
            selected[name] = func
    return selected


",MLError
"2025-11-24T11:47:26.928331 [INFO] [ERROR] ml_err_170: PermissionError
File ""/app/errors/ml/__init__.py"", line 86, in _run_error_category
    error_func()
  File ""/app/errors/ml/nextgen_errors.py"", line 538, in ml_err_170
    raise PermissionError(""Cannot overwrite published backfill partition"")
PermissionError: Cannot overwrite published backfill partition","def ml_err_170():
    """"""Offline backfill attempts to rewrite already published partition.""""""
    partition_state = {""2024-01-01"": ""published""}
    target = ""2024-01-01""
    if partition_state.get(target) == ""published"":
        raise PermissionError(""Cannot overwrite published backfill partition"")




def _select_errors(range_pairs):
    selected = {}
    for name, func in AI_ERRORS.items():
        idx = _err_id(name)
        if any(start <= idx <= end for start, end in range_pairs):
            selected[name] = func
    return selected


",PythonError
"2025-11-24T11:47:26.932577 [INFO] [ERROR] ml_err_171: RuntimeError
File ""/app/errors/ml/__init__.py"", line 86, in _run_error_category
    error_func()
  File ""/app/errors/ml/nextgen_errors.py"", line 546, in ml_err_171
    raise RuntimeError(""Model export blocked for unapproved region"")
RuntimeError: Model export blocked for unapproved region","def ml_err_171():
    """"""Policy guardrail prevents exporting model to unapproved region.""""""
    region = ""us-west-2""
    allowed = {""eu-central-1""}
    if region not in allowed:
        raise RuntimeError(""Model export blocked for unapproved region"")




def _select_errors(range_pairs):
    selected = {}
    for name, func in AI_ERRORS.items():
        idx = _err_id(name)
        if any(start <= idx <= end for start, end in range_pairs):
            selected[name] = func
    return selected


",MLError
"2025-11-24T11:47:26.943692 [INFO] [ERROR] ml_err_172: TimeoutError
File ""/app/errors/ml/__init__.py"", line 86, in _run_error_category
    error_func()
  File ""/app/errors/ml/nextgen_errors.py"", line 553, in ml_err_172
    raise TimeoutError(""Feature service latency exceeded SLO"")
TimeoutError: Feature service latency exceeded SLO","def ml_err_172():
    """"""Real-time feature service responds slower than SLO threshold.""""""
    latency_ms = 450
    if latency_ms > 200:
        raise TimeoutError(""Feature service latency exceeded SLO"")




def _select_errors(range_pairs):
    selected = {}
    for name, func in AI_ERRORS.items():
        idx = _err_id(name)
        if any(start <= idx <= end for start, end in range_pairs):
            selected[name] = func
    return selected


",MLError
"2025-11-24T11:47:26.948112 [INFO] [ERROR] ml_err_173: TypeError
File ""/app/errors/ml/__init__.py"", line 86, in _run_error_category
    error_func()
  File ""/app/errors/ml/nextgen_errors.py"", line 559, in ml_err_173
    json.dumps({""callback"": lambda x: x})
  File ""/usr/local/lib/python3.11/json/__init__.py"", line 231, in dumps
    return _default_encoder.encode(obj)
           ^^^^^^^^^^^^^^^^^^^^^^^^^^^^
  File ""/usr/local/lib/python3.11/json/encoder.py"", line 200, in encode
    chunks = self.iterencode(o, _one_shot=True)
             ^^^^^^^^^^^^^^^^^^^^^^^^^^^^^^^^^^
  File ""/usr/local/lib/python3.11/json/encoder.py"", line 258, in iterencode
    return _iterencode(o, 0)
           ^^^^^^^^^^^^^^^^^
  File ""/usr/local/lib/python3.11/json/encoder.py"", line 180, in default
    raise TypeError(f'Object of type {o.__class__.__name__} '
TypeError: Object of type function is not JSON serializable","def ml_err_173():
    """"""Metadata writer fails due to serialization of unsupported type.""""""
    import json
    json.dumps({""callback"": lambda x: x})




def _select_errors(range_pairs):
    selected = {}
    for name, func in AI_ERRORS.items():
        idx = _err_id(name)
        if any(start <= idx <= end for start, end in range_pairs):
            selected[name] = func
    return selected


",PythonError
"2025-11-24T11:47:26.953080 [INFO] [ERROR] ml_err_174: KeyError
File ""/app/errors/ml/__init__.py"", line 86, in _run_error_category
    error_func()
  File ""/app/errors/ml/nextgen_errors.py"", line 566, in ml_err_174
    raise KeyError(""Retrain config missing for drift trigger"")
KeyError: 'Retrain config missing for drift trigger'","def ml_err_174():
    """"""Drift retraining trigger fires but pipeline config missing.""""""
    pipeline_config = {}
    if ""retrain"" not in pipeline_config:
        raise KeyError(""Retrain config missing for drift trigger"")




def _select_errors(range_pairs):
    selected = {}
    for name, func in AI_ERRORS.items():
        idx = _err_id(name)
        if any(start <= idx <= end for start, end in range_pairs):
            selected[name] = func
    return selected


",MLError
"2025-11-24T11:47:26.955816 [INFO] [ERROR] ml_err_175: RuntimeError
File ""/app/errors/ml/__init__.py"", line 86, in _run_error_category
    error_func()
  File ""/app/errors/ml/nextgen_errors.py"", line 579, in ml_err_175
    dfs(""A"", set())
  File ""/app/errors/ml/nextgen_errors.py"", line 577, in dfs
    dfs(child, stack)
  File ""/app/errors/ml/nextgen_errors.py"", line 577, in dfs
    dfs(child, stack)
  File ""/app/errors/ml/nextgen_errors.py"", line 574, in dfs
    raise RuntimeError(""Cycle detected in lineage graph"")
RuntimeError: Cycle detected in lineage graph","    def dfs(node, stack):
        if node in stack:
            raise RuntimeError(""Cycle detected in lineage graph"")
        stack.add(node)
        for child in dag.get(node, []):
            dfs(child, stack)
        stack.remove(node)
    dfs(""A"", set())




    def dfs(node, stack):
        if node in stack:
            raise RuntimeError(""Cycle detected in lineage graph"")
        stack.add(node)
        for child in dag.get(node, []):
            dfs(child, stack)
        stack.remove(node)
    dfs(""A"", set())




    def dfs(node, stack):
        if node in stack:
            raise RuntimeError(""Cycle detected in lineage graph"")
        stack.add(node)
        for child in dag.get(node, []):
            dfs(child, stack)
        stack.remove(node)
    dfs(""A"", set())




def ml_err_175():
    """"""Data lineage tracker detects cycle in DAG definition.""""""
    dag = {""A"": [""B""], ""B"": [""A""]}


def _select_errors(range_pairs):
    selected = {}
    for name, func in AI_ERRORS.items():
        idx = _err_id(name)
        if any(start <= idx <= end for start, end in range_pairs):
            selected[name] = func
    return selected


",MLError
"2025-11-24T11:47:26.958317 [INFO] [ERROR] ml_err_176: OSError
File ""/app/errors/ml/__init__.py"", line 86, in _run_error_category
    error_func()
  File ""/app/errors/ml/nextgen_errors.py"", line 584, in ml_err_176
    raise IOError(""Failed to upload model card to storage backend"")
OSError: Failed to upload model card to storage backend","def ml_err_176():
    """"""Model card publisher fails to upload artifact to storage.""""""
    raise IOError(""Failed to upload model card to storage backend"")




def _select_errors(range_pairs):
    selected = {}
    for name, func in AI_ERRORS.items():
        idx = _err_id(name)
        if any(start <= idx <= end for start, end in range_pairs):
            selected[name] = func
    return selected


",MLError
"2025-11-24T11:47:26.960452 [INFO] [ERROR] ml_err_177: RuntimeError
File ""/app/errors/ml/__init__.py"", line 86, in _run_error_category
    error_func()
  File ""/app/errors/ml/nextgen_errors.py"", line 592, in ml_err_177
    raise RuntimeError(""Watermark ordering violated for streaming join"")
RuntimeError: Watermark ordering violated for streaming join","def ml_err_177():
    """"""Streaming feature join uses incompatible watermark semantics.""""""
    upstream_watermark = 100
    downstream_watermark = 50
    if downstream_watermark < upstream_watermark:
        raise RuntimeError(""Watermark ordering violated for streaming join"")




def _select_errors(range_pairs):
    selected = {}
    for name, func in AI_ERRORS.items():
        idx = _err_id(name)
        if any(start <= idx <= end for start, end in range_pairs):
            selected[name] = func
    return selected


",MLError
"2025-11-24T11:47:26.962564 [INFO] [ERROR] ml_err_178: RuntimeError
File ""/app/errors/ml/__init__.py"", line 86, in _run_error_category
    error_func()
  File ""/app/errors/ml/nextgen_errors.py"", line 600, in ml_err_178
    raise RuntimeError(""Inference quota exhausted"")
RuntimeError: Inference quota exhausted","def ml_err_178():
    """"""Inference budget manager rejects request due to quota exhaustion.""""""
    quota = 1000
    used = 1200
    if used > quota:
        raise RuntimeError(""Inference quota exhausted"")




def _select_errors(range_pairs):
    selected = {}
    for name, func in AI_ERRORS.items():
        idx = _err_id(name)
        if any(start <= idx <= end for start, end in range_pairs):
            selected[name] = func
    return selected


",MLError
"2025-11-24T11:47:26.964638 [INFO] [ERROR] ml_err_179: RuntimeError
File ""/app/errors/ml/__init__.py"", line 86, in _run_error_category
    error_func()
  File ""/app/errors/ml/nextgen_errors.py"", line 607, in ml_err_179
    raise RuntimeError(""Sensitive field present in audit payload"")
RuntimeError: Sensitive field present in audit payload","def ml_err_179():
    """"""Audit logger cannot redact sensitive field before persistence.""""""
    payload = {""ssn"": ""123-45-6789""}
    if ""ssn"" in payload:
        raise RuntimeError(""Sensitive field present in audit payload"")




def _select_errors(range_pairs):
    selected = {}
    for name, func in AI_ERRORS.items():
        idx = _err_id(name)
        if any(start <= idx <= end for start, end in range_pairs):
            selected[name] = func
    return selected


",PythonError
"2025-11-24T11:47:26.967507 [INFO] [ERROR] ml_err_180: RuntimeError
File ""/app/errors/ml/__init__.py"", line 86, in _run_error_category
    error_func()
  File ""/app/errors/ml/nextgen_errors.py"", line 615, in ml_err_180
    raise RuntimeError(""Feature flag mismatch between blue and green"")
RuntimeError: Feature flag mismatch between blue and green","def ml_err_180():
    """"""Blue/green deployment diff detects incompatible feature flags.""""""
    blue_flags = {""use_new_encoder"": True}
    green_flags = {""use_new_encoder"": False}
    if blue_flags != green_flags:
        raise RuntimeError(""Feature flag mismatch between blue and green"")


__all__ = [f""ml_err_{i:03d}"" for i in range(101, 181)]


def _select_errors(range_pairs):
    selected = {}
    for name, func in AI_ERRORS.items():
        idx = _err_id(name)
        if any(start <= idx <= end for start, end in range_pairs):
            selected[name] = func
    return selected


",PythonError
"2025-11-24T11:47:30.106678 [INFO] [ERROR] ml_err_181: ValueError
File ""/app/errors/ml/__init__.py"", line 86, in _run_error_category
    error_func()
  File ""/app/errors/ml/propagation_errors.py"", line 32, in ml_err_181
    ml_err_181_train(X_scaled, y)
  File ""/app/errors/ml/propagation_errors.py"", line 25, in ml_err_181_train
    LogisticRegression().fit(X, y)
  File ""/usr/local/lib/python3.11/site-packages/sklearn/base.py"", line 1365, in wrapper
    return fit_method(estimator, *args, **kwargs)
           ^^^^^^^^^^^^^^^^^^^^^^^^^^^^^^^^^^^^^^
  File ""/usr/local/lib/python3.11/site-packages/sklearn/linear_model/_logistic.py"", line 1247, in fit
    X, y = validate_data(
           ^^^^^^^^^^^^^^
  File ""/usr/local/lib/python3.11/site-packages/sklearn/utils/validation.py"", line 2971, in validate_data
    X, y = check_X_y(X, y, **check_params)
           ^^^^^^^^^^^^^^^^^^^^^^^^^^^^^^^
  File ""/usr/local/lib/python3.11/site-packages/sklearn/utils/validation.py"", line 1387, in check_X_y
    check_consistent_length(X, y)
  File ""/usr/local/lib/python3.11/site-packages/sklearn/utils/validation.py"", line 473, in check_consistent_length
    raise ValueError(
ValueError: Found input variables with inconsistent numbers of samples: [2, 1]","def ml_err_181_train(X, y):
    """"""Train model - error propagates here.""""""
    from sklearn.linear_model import LogisticRegression
    LogisticRegression().fit(X, y)




def ml_err_181():
    """"""Shape mismatch: 2 samples, 1 label.""""""
    X, y = ml_err_181_load_data()
    X_scaled, y = ml_err_181_preprocess(X, y)
    ml_err_181_train(X_scaled, y)


# ml_err_182: NaN propagates from data -> training -> prediction


def _select_errors(range_pairs):
    selected = {}
    for name, func in AI_ERRORS.items():
        idx = _err_id(name)
        if any(start <= idx <= end for start, end in range_pairs):
            selected[name] = func
    return selected


",MLError
"2025-11-24T11:47:30.110035 [INFO] [ERROR] ml_err_181_preprocess: TypeError
File ""/app/errors/ml/__init__.py"", line 86, in _run_error_category
    error_func()
TypeError: ml_err_181_preprocess() missing 2 required positional arguments: 'X' and 'y'","def _select_errors(range_pairs):
    selected = {}
    for name, func in AI_ERRORS.items():
        idx = _err_id(name)
        if any(start <= idx <= end for start, end in range_pairs):
            selected[name] = func
    return selected


",PythonError
"2025-11-24T11:47:30.112076 [INFO] [ERROR] ml_err_181_train: TypeError
File ""/app/errors/ml/__init__.py"", line 86, in _run_error_category
    error_func()
TypeError: ml_err_181_train() missing 2 required positional arguments: 'X' and 'y'","def _select_errors(range_pairs):
    selected = {}
    for name, func in AI_ERRORS.items():
        idx = _err_id(name)
        if any(start <= idx <= end for start, end in range_pairs):
            selected[name] = func
    return selected


",PythonError
"2025-11-24T11:47:30.115423 [INFO] [ERROR] ml_err_182: ValueError
File ""/app/errors/ml/__init__.py"", line 86, in _run_error_category
    error_func()
  File ""/app/errors/ml/propagation_errors.py"", line 58, in ml_err_182
    model = ml_err_182_train(X, y)
            ^^^^^^^^^^^^^^^^^^^^^^
  File ""/app/errors/ml/propagation_errors.py"", line 46, in ml_err_182_train
    model.fit(X, y)
  File ""/usr/local/lib/python3.11/site-packages/sklearn/base.py"", line 1365, in wrapper
    return fit_method(estimator, *args, **kwargs)
           ^^^^^^^^^^^^^^^^^^^^^^^^^^^^^^^^^^^^^^
  File ""/usr/local/lib/python3.11/site-packages/sklearn/linear_model/_logistic.py"", line 1247, in fit
    X, y = validate_data(
           ^^^^^^^^^^^^^^
  File ""/usr/local/lib/python3.11/site-packages/sklearn/utils/validation.py"", line 2971, in validate_data
    X, y = check_X_y(X, y, **check_params)
           ^^^^^^^^^^^^^^^^^^^^^^^^^^^^^^^
  File ""/usr/local/lib/python3.11/site-packages/sklearn/utils/validation.py"", line 1368, in check_X_y
    X = check_array(
        ^^^^^^^^^^^^
  File ""/usr/local/lib/python3.11/site-packages/sklearn/utils/validation.py"", line 1105, in check_array
    _assert_all_finite(
  File ""/usr/local/lib/python3.11/site-packages/sklearn/utils/validation.py"", line 120, in _assert_all_finite
    _assert_all_finite_element_wise(
  File ""/usr/local/lib/python3.11/site-packages/sklearn/utils/validation.py"", line 169, in _assert_all_finite_element_wise
    raise ValueError(msg_err)
ValueError: Input X contains NaN.
LogisticRegression does not accept missing values encoded as NaN natively. For supervised learning, you might want to consider sklearn.ensemble.HistGradientBoostingClassifier and Regressor which accept missing values encoded as NaNs natively. Alternatively, it is possible to preprocess the data, for instance by using an imputer transformer in a pipeline or drop samples with missing values. See https://scikit-learn.org/stable/modules/impute.html You can find a list of all estimators that handle NaN values at the following page: https://scikit-learn.org/stable/modules/impute.html#estimators-that-handle-nan-values","def ml_err_182_train(X, y):
    """"""Train model with NaN.""""""
    from sklearn.linear_model import LogisticRegression
    model = LogisticRegression()
    model.fit(X, y)
    return model




def ml_err_182():
    """"""NaN in features propagates through training.""""""
    X, y = ml_err_182_load_data()
    model = ml_err_182_train(X, y)
    ml_err_182_predict(model, X)


# ml_err_183: Unknown category propagates from encode -> fit -> transform


def _select_errors(range_pairs):
    selected = {}
    for name, func in AI_ERRORS.items():
        idx = _err_id(name)
        if any(start <= idx <= end for start, end in range_pairs):
            selected[name] = func
    return selected


",MLError
"2025-11-24T11:47:30.117692 [INFO] [ERROR] ml_err_182_predict: TypeError
File ""/app/errors/ml/__init__.py"", line 86, in _run_error_category
    error_func()
TypeError: ml_err_182_predict() missing 2 required positional arguments: 'model' and 'X'","def _select_errors(range_pairs):
    selected = {}
    for name, func in AI_ERRORS.items():
        idx = _err_id(name)
        if any(start <= idx <= end for start, end in range_pairs):
            selected[name] = func
    return selected


",PythonError
"2025-11-24T11:47:30.119565 [INFO] [ERROR] ml_err_182_train: TypeError
File ""/app/errors/ml/__init__.py"", line 86, in _run_error_category
    error_func()
TypeError: ml_err_182_train() missing 2 required positional arguments: 'X' and 'y'","def _select_errors(range_pairs):
    selected = {}
    for name, func in AI_ERRORS.items():
        idx = _err_id(name)
        if any(start <= idx <= end for start, end in range_pairs):
            selected[name] = func
    return selected


",PythonError
"2025-11-24T11:47:30.122178 [INFO] [ERROR] ml_err_183: ValueError
File ""/usr/local/lib/python3.11/site-packages/sklearn/utils/_encode.py"", line 235, in _encode
    return _map_to_integer(values, uniques)
           ^^^^^^^^^^^^^^^^^^^^^^^^^^^^^^^^
  File ""/usr/local/lib/python3.11/site-packages/sklearn/utils/_encode.py"", line 174, in _map_to_integer
    return xp.asarray([table[v] for v in values], device=device(values))
                      ^^^^^^^^^^^^^^^^^^^^^^^^^^
  File ""/usr/local/lib/python3.11/site-packages/sklearn/utils/_encode.py"", line 174, in <listcomp>
    return xp.asarray([table[v] for v in values], device=device(values))
                       ~~~~~^^^
  File ""/usr/local/lib/python3.11/site-packages/sklearn/utils/_encode.py"", line 167, in __missing__
    raise KeyError(key)
KeyError: np.str_('d')

During handling of the above exception, another exception occurred:


  File ""/app/errors/ml/__init__.py"", line 86, in _run_error_category
    error_func()
  File ""/app/errors/ml/propagation_errors.py"", line 79, in ml_err_183
    ml_err_183_transform(encoder, ['d'])
  File ""/app/errors/ml/propagation_errors.py"", line 73, in ml_err_183_transform
    return encoder.transform(data)
           ^^^^^^^^^^^^^^^^^^^^^^^
  File ""/usr/local/lib/python3.11/site-packages/sklearn/preprocessing/_label.py"", line 134, in transform
    return _encode(y, uniques=self.classes_)
           ^^^^^^^^^^^^^^^^^^^^^^^^^^^^^^^^^
  File ""/usr/local/lib/python3.11/site-packages/sklearn/utils/_encode.py"", line 237, in _encode
    raise ValueError(f""y contains previously unseen labels: {e}"")
ValueError: y contains previously unseen labels: np.str_('d')","def ml_err_183_transform(encoder, data):
    """"""Transform unknown category - error propagates.""""""
    return encoder.transform(data)




def ml_err_183():
    """"""Unknown category error in encoding.""""""
    encoder = ml_err_183_fit_encoder(['a', 'b', 'c'])
    ml_err_183_transform(encoder, ['d'])


# ml_err_184: Feature dimension mismatch from training -> prediction


def _select_errors(range_pairs):
    selected = {}
    for name, func in AI_ERRORS.items():
        idx = _err_id(name)
        if any(start <= idx <= end for start, end in range_pairs):
            selected[name] = func
    return selected


",MLError
"2025-11-24T11:47:30.124222 [INFO] [ERROR] ml_err_183_fit_encoder: TypeError
File ""/app/errors/ml/__init__.py"", line 86, in _run_error_category
    error_func()
TypeError: ml_err_183_fit_encoder() missing 1 required positional argument: 'data'","def _select_errors(range_pairs):
    selected = {}
    for name, func in AI_ERRORS.items():
        idx = _err_id(name)
        if any(start <= idx <= end for start, end in range_pairs):
            selected[name] = func
    return selected


",PythonError
"2025-11-24T11:47:30.125781 [INFO] [ERROR] ml_err_183_transform: TypeError
File ""/app/errors/ml/__init__.py"", line 86, in _run_error_category
    error_func()
TypeError: ml_err_183_transform() missing 2 required positional arguments: 'encoder' and 'data'","def _select_errors(range_pairs):
    selected = {}
    for name, func in AI_ERRORS.items():
        idx = _err_id(name)
        if any(start <= idx <= end for start, end in range_pairs):
            selected[name] = func
    return selected


",PythonError
"2025-11-24T11:47:30.147442 [INFO] [ERROR] ml_err_184: ValueError
File ""/app/errors/ml/__init__.py"", line 86, in _run_error_category
    error_func()
  File ""/app/errors/ml/propagation_errors.py"", line 99, in ml_err_184
    ml_err_184_predict(model, [[1, 2, 3]])
  File ""/app/errors/ml/propagation_errors.py"", line 93, in ml_err_184_predict
    return model.predict(X_test)
           ^^^^^^^^^^^^^^^^^^^^^
  File ""/usr/local/lib/python3.11/site-packages/sklearn/linear_model/_base.py"", line 375, in predict
    scores = self.decision_function(X)
             ^^^^^^^^^^^^^^^^^^^^^^^^^
  File ""/usr/local/lib/python3.11/site-packages/sklearn/linear_model/_base.py"", line 352, in decision_function
    X = validate_data(self, X, accept_sparse=""csr"", reset=False)
        ^^^^^^^^^^^^^^^^^^^^^^^^^^^^^^^^^^^^^^^^^^^^^^^^^^^^^^^^
  File ""/usr/local/lib/python3.11/site-packages/sklearn/utils/validation.py"", line 2975, in validate_data
    _check_n_features(_estimator, X, reset=reset)
  File ""/usr/local/lib/python3.11/site-packages/sklearn/utils/validation.py"", line 2839, in _check_n_features
    raise ValueError(
ValueError: X has 3 features, but LogisticRegression is expecting 2 features as input.","def ml_err_184_predict(model, X_test):
    """"""Predict with mismatched dimensions.""""""
    return model.predict(X_test)




def ml_err_184():
    """"""Dimension mismatch: trained on 2 features, predicted on 3.""""""
    model = ml_err_184_train_model([[1, 2], [3, 4]], [0, 1])
    ml_err_184_predict(model, [[1, 2, 3]])


# ml_err_185: Array dimension error from prepare -> fit


def _select_errors(range_pairs):
    selected = {}
    for name, func in AI_ERRORS.items():
        idx = _err_id(name)
        if any(start <= idx <= end for start, end in range_pairs):
            selected[name] = func
    return selected


",MLError
"2025-11-24T11:47:30.150701 [INFO] [ERROR] ml_err_184_predict: TypeError
File ""/app/errors/ml/__init__.py"", line 86, in _run_error_category
    error_func()
TypeError: ml_err_184_predict() missing 2 required positional arguments: 'model' and 'X_test'","def _select_errors(range_pairs):
    selected = {}
    for name, func in AI_ERRORS.items():
        idx = _err_id(name)
        if any(start <= idx <= end for start, end in range_pairs):
            selected[name] = func
    return selected


",PythonError
"2025-11-24T11:47:30.154204 [INFO] [ERROR] ml_err_184_train_model: TypeError
File ""/app/errors/ml/__init__.py"", line 86, in _run_error_category
    error_func()
TypeError: ml_err_184_train_model() missing 2 required positional arguments: 'X' and 'y'","def _select_errors(range_pairs):
    selected = {}
    for name, func in AI_ERRORS.items():
        idx = _err_id(name)
        if any(start <= idx <= end for start, end in range_pairs):
            selected[name] = func
    return selected


",PythonError
"2025-11-24T11:47:30.157912 [INFO] [ERROR] ml_err_185: ValueError
File ""/app/errors/ml/__init__.py"", line 86, in _run_error_category
    error_func()
  File ""/app/errors/ml/propagation_errors.py"", line 118, in ml_err_185
    ml_err_185_fit_model(X, y)
  File ""/app/errors/ml/propagation_errors.py"", line 112, in ml_err_185_fit_model
    LinearRegression().fit(X, y)
  File ""/usr/local/lib/python3.11/site-packages/sklearn/base.py"", line 1365, in wrapper
    return fit_method(estimator, *args, **kwargs)
           ^^^^^^^^^^^^^^^^^^^^^^^^^^^^^^^^^^^^^^
  File ""/usr/local/lib/python3.11/site-packages/sklearn/linear_model/_base.py"", line 618, in fit
    X, y = validate_data(
           ^^^^^^^^^^^^^^
  File ""/usr/local/lib/python3.11/site-packages/sklearn/utils/validation.py"", line 2971, in validate_data
    X, y = check_X_y(X, y, **check_params)
           ^^^^^^^^^^^^^^^^^^^^^^^^^^^^^^^
  File ""/usr/local/lib/python3.11/site-packages/sklearn/utils/validation.py"", line 1368, in check_X_y
    X = check_array(
        ^^^^^^^^^^^^
  File ""/usr/local/lib/python3.11/site-packages/sklearn/utils/validation.py"", line 1091, in check_array
    raise ValueError(msg)
ValueError: Expected 2D array, got 1D array instead:
array=[1 2 3].
Reshape your data either using array.reshape(-1, 1) if your data has a single feature or array.reshape(1, -1) if it contains a single sample.","def ml_err_185_fit_model(X, y):
    """"""Fit with 1D X - error propagates.""""""
    from sklearn.linear_model import LinearRegression
    LinearRegression().fit(X, y)




def ml_err_185():
    """"""1D array passed to model expecting 2D.""""""
    X, y = ml_err_185_prepare_data()
    ml_err_185_fit_model(X, y)


# ml_err_186: CV fold mismatch from validate -> split


def _select_errors(range_pairs):
    selected = {}
    for name, func in AI_ERRORS.items():
        idx = _err_id(name)
        if any(start <= idx <= end for start, end in range_pairs):
            selected[name] = func
    return selected


",MLError
"2025-11-24T11:47:30.160873 [INFO] [ERROR] ml_err_185_fit_model: TypeError
File ""/app/errors/ml/__init__.py"", line 86, in _run_error_category
    error_func()
TypeError: ml_err_185_fit_model() missing 2 required positional arguments: 'X' and 'y'","def _select_errors(range_pairs):
    selected = {}
    for name, func in AI_ERRORS.items():
        idx = _err_id(name)
        if any(start <= idx <= end for start, end in range_pairs):
            selected[name] = func
    return selected


",PythonError
"2025-11-24T11:47:30.163986 [INFO] [ERROR] ml_err_186: ValueError
File ""/app/errors/ml/__init__.py"", line 86, in _run_error_category
    error_func()
  File ""/app/errors/ml/propagation_errors.py"", line 136, in ml_err_186
    ml_err_186_validate(cv, [[1], [2], [3]], [0, 1, 0])
  File ""/app/errors/ml/propagation_errors.py"", line 130, in ml_err_186_validate
    return list(cv.split(X, y))
           ^^^^^^^^^^^^^^^^^^^^
  File ""/usr/local/lib/python3.11/site-packages/sklearn/model_selection/_split.py"", line 404, in split
    raise ValueError(
ValueError: Cannot have number of splits n_splits=100 greater than the number of samples: n_samples=3.","def ml_err_186_validate(cv, X, y):
    """"""Validate splits - error propagates.""""""
    return list(cv.split(X, y))




def ml_err_186():
    """"""100 splits for 3 samples.""""""
    cv = ml_err_186_create_cv(n_splits=100)
    ml_err_186_validate(cv, [[1], [2], [3]], [0, 1, 0])


# ml_err_187: Negative learning rate from init -> fit


def _select_errors(range_pairs):
    selected = {}
    for name, func in AI_ERRORS.items():
        idx = _err_id(name)
        if any(start <= idx <= end for start, end in range_pairs):
            selected[name] = func
    return selected


",MLError
"2025-11-24T11:47:30.169292 [INFO] [ERROR] ml_err_186_create_cv: TypeError
File ""/app/errors/ml/__init__.py"", line 86, in _run_error_category
    error_func()
TypeError: ml_err_186_create_cv() missing 1 required positional argument: 'n_splits'","def _select_errors(range_pairs):
    selected = {}
    for name, func in AI_ERRORS.items():
        idx = _err_id(name)
        if any(start <= idx <= end for start, end in range_pairs):
            selected[name] = func
    return selected


",PythonError
"2025-11-24T11:47:30.172825 [INFO] [ERROR] ml_err_186_validate: TypeError
File ""/app/errors/ml/__init__.py"", line 86, in _run_error_category
    error_func()
TypeError: ml_err_186_validate() missing 3 required positional arguments: 'cv', 'X', and 'y'","def _select_errors(range_pairs):
    selected = {}
    for name, func in AI_ERRORS.items():
        idx = _err_id(name)
        if any(start <= idx <= end for start, end in range_pairs):
            selected[name] = func
    return selected


",PythonError
"2025-11-24T11:47:30.176136 [INFO] [ERROR] ml_err_187: InvalidParameterError
File ""/app/errors/ml/__init__.py"", line 86, in _run_error_category
    error_func()
  File ""/app/errors/ml/propagation_errors.py"", line 154, in ml_err_187
    ml_err_187_fit(model, [[1, 2], [3, 4]], [0, 1])
  File ""/app/errors/ml/propagation_errors.py"", line 148, in ml_err_187_fit
    model.fit(X, y)
  File ""/usr/local/lib/python3.11/site-packages/sklearn/base.py"", line 1358, in wrapper
    estimator._validate_params()
  File ""/usr/local/lib/python3.11/site-packages/sklearn/base.py"", line 471, in _validate_params
    validate_parameter_constraints(
  File ""/usr/local/lib/python3.11/site-packages/sklearn/utils/_param_validation.py"", line 98, in validate_parameter_constraints
    raise InvalidParameterError(
sklearn.utils._param_validation.InvalidParameterError: The 'learning_rate' parameter of GradientBoostingClassifier must be a float in the range [0.0, inf). Got -1 instead.","def ml_err_187_fit(model, X, y):
    """"""Fit with invalid learning rate - error propagates.""""""
    model.fit(X, y)




def ml_err_187():
    """"""Negative learning rate during initialization.""""""
    model = ml_err_187_create_model(lr=-1)
    ml_err_187_fit(model, [[1, 2], [3, 4]], [0, 1])


# ml_err_188: Invalid PCA components from init -> fit


def _select_errors(range_pairs):
    selected = {}
    for name, func in AI_ERRORS.items():
        idx = _err_id(name)
        if any(start <= idx <= end for start, end in range_pairs):
            selected[name] = func
    return selected


",MLError
"2025-11-24T11:47:30.179005 [INFO] [ERROR] ml_err_187_create_model: TypeError
File ""/app/errors/ml/__init__.py"", line 86, in _run_error_category
    error_func()
TypeError: ml_err_187_create_model() missing 1 required positional argument: 'lr'","def _select_errors(range_pairs):
    selected = {}
    for name, func in AI_ERRORS.items():
        idx = _err_id(name)
        if any(start <= idx <= end for start, end in range_pairs):
            selected[name] = func
    return selected


",PythonError
"2025-11-24T11:47:30.181827 [INFO] [ERROR] ml_err_187_fit: TypeError
File ""/app/errors/ml/__init__.py"", line 86, in _run_error_category
    error_func()
TypeError: ml_err_187_fit() missing 3 required positional arguments: 'model', 'X', and 'y'","def _select_errors(range_pairs):
    selected = {}
    for name, func in AI_ERRORS.items():
        idx = _err_id(name)
        if any(start <= idx <= end for start, end in range_pairs):
            selected[name] = func
    return selected


",PythonError
"2025-11-24T11:47:30.185916 [INFO] [ERROR] ml_err_188: TypeError
File ""/app/errors/ml/__init__.py"", line 86, in _run_error_category
    error_func()
  File ""/app/errors/ml/propagation_errors.py"", line 171, in ml_err_188
    pca = ml_err_188_create_pca(n_components=-1)
          ^^^^^^^^^^^^^^^^^^^^^^^^^^^^^^^^^^^^^^
TypeError: ml_err_188_create_pca() got an unexpected keyword argument 'n_components'","def ml_err_188():
    """"""Negative n_components.""""""
    pca = ml_err_188_create_pca(n_components=-1)
    ml_err_188_fit_pca(pca, [[1, 2], [3, 4]])


# ml_err_189: Single class from prepare -> fit


def _select_errors(range_pairs):
    selected = {}
    for name, func in AI_ERRORS.items():
        idx = _err_id(name)
        if any(start <= idx <= end for start, end in range_pairs):
            selected[name] = func
    return selected


",PythonError
"2025-11-24T11:47:30.189858 [INFO] [ERROR] ml_err_188_create_pca: TypeError
File ""/app/errors/ml/__init__.py"", line 86, in _run_error_category
    error_func()
TypeError: ml_err_188_create_pca() missing 1 required positional argument: 'n_comp'","def _select_errors(range_pairs):
    selected = {}
    for name, func in AI_ERRORS.items():
        idx = _err_id(name)
        if any(start <= idx <= end for start, end in range_pairs):
            selected[name] = func
    return selected


",PythonError
"2025-11-24T11:47:30.193301 [INFO] [ERROR] ml_err_188_fit_pca: TypeError
File ""/app/errors/ml/__init__.py"", line 86, in _run_error_category
    error_func()
TypeError: ml_err_188_fit_pca() missing 2 required positional arguments: 'pca' and 'X'","def _select_errors(range_pairs):
    selected = {}
    for name, func in AI_ERRORS.items():
        idx = _err_id(name)
        if any(start <= idx <= end for start, end in range_pairs):
            selected[name] = func
    return selected


",MLError
"2025-11-24T11:47:30.196686 [INFO] [ERROR] ml_err_189: ValueError
File ""/app/errors/ml/__init__.py"", line 86, in _run_error_category
    error_func()
  File ""/app/errors/ml/propagation_errors.py"", line 190, in ml_err_189
    ml_err_189_fit_model(X, y)
  File ""/app/errors/ml/propagation_errors.py"", line 184, in ml_err_189_fit_model
    LogisticRegression().fit(X, y)
  File ""/usr/local/lib/python3.11/site-packages/sklearn/base.py"", line 1365, in wrapper
    return fit_method(estimator, *args, **kwargs)
           ^^^^^^^^^^^^^^^^^^^^^^^^^^^^^^^^^^^^^^
  File ""/usr/local/lib/python3.11/site-packages/sklearn/linear_model/_logistic.py"", line 1335, in fit
    raise ValueError(
ValueError: This solver needs samples of at least 2 classes in the data, but the data contains only one class: np.int64(0)","def ml_err_189_fit_model(X, y):
    """"""Fit with single class - error propagates.""""""
    from sklearn.linear_model import LogisticRegression
    LogisticRegression().fit(X, y)




def ml_err_189():
    """"""All samples in single class.""""""
    X, y = ml_err_189_prepare_data()
    ml_err_189_fit_model(X, y)


# ml_err_190: Invalid kernel from init -> fit


def _select_errors(range_pairs):
    selected = {}
    for name, func in AI_ERRORS.items():
        idx = _err_id(name)
        if any(start <= idx <= end for start, end in range_pairs):
            selected[name] = func
    return selected


",MLError
"2025-11-24T11:47:30.199058 [INFO] [ERROR] ml_err_189_fit_model: TypeError
File ""/app/errors/ml/__init__.py"", line 86, in _run_error_category
    error_func()
TypeError: ml_err_189_fit_model() missing 2 required positional arguments: 'X' and 'y'","def _select_errors(range_pairs):
    selected = {}
    for name, func in AI_ERRORS.items():
        idx = _err_id(name)
        if any(start <= idx <= end for start, end in range_pairs):
            selected[name] = func
    return selected


",PythonError
"2025-11-24T11:47:30.202449 [INFO] [ERROR] ml_err_190: InvalidParameterError
File ""/app/errors/ml/__init__.py"", line 86, in _run_error_category
    error_func()
  File ""/app/errors/ml/propagation_errors.py"", line 208, in ml_err_190
    ml_err_190_fit_svm(svm, [[1, 2], [3, 4]], [0, 1])
  File ""/app/errors/ml/propagation_errors.py"", line 202, in ml_err_190_fit_svm
    svm.fit(X, y)
  File ""/usr/local/lib/python3.11/site-packages/sklearn/base.py"", line 1358, in wrapper
    estimator._validate_params()
  File ""/usr/local/lib/python3.11/site-packages/sklearn/base.py"", line 471, in _validate_params
    validate_parameter_constraints(
  File ""/usr/local/lib/python3.11/site-packages/sklearn/utils/_param_validation.py"", line 98, in validate_parameter_constraints
    raise InvalidParameterError(
sklearn.utils._param_validation.InvalidParameterError: The 'kernel' parameter of SVC must be a str among {'rbf', 'precomputed', 'sigmoid', 'poly', 'linear'} or a callable. Got 'invalid' instead.","def ml_err_190_fit_svm(svm, X, y):
    """"""Fit with invalid kernel - error propagates.""""""
    svm.fit(X, y)




def ml_err_190():
    """"""Invalid SVM kernel parameter.""""""
    svm = ml_err_190_create_svm(kernel='invalid')
    ml_err_190_fit_svm(svm, [[1, 2], [3, 4]], [0, 1])


# ml_err_191: Label mismatch in metric calculation


def _select_errors(range_pairs):
    selected = {}
    for name, func in AI_ERRORS.items():
        idx = _err_id(name)
        if any(start <= idx <= end for start, end in range_pairs):
            selected[name] = func
    return selected


",MLError
"2025-11-24T11:47:30.205279 [INFO] [ERROR] ml_err_190_create_svm: TypeError
File ""/app/errors/ml/__init__.py"", line 86, in _run_error_category
    error_func()
TypeError: ml_err_190_create_svm() missing 1 required positional argument: 'kernel'","def _select_errors(range_pairs):
    selected = {}
    for name, func in AI_ERRORS.items():
        idx = _err_id(name)
        if any(start <= idx <= end for start, end in range_pairs):
            selected[name] = func
    return selected


",PythonError
"2025-11-24T11:47:30.207914 [INFO] [ERROR] ml_err_190_fit_svm: TypeError
File ""/app/errors/ml/__init__.py"", line 86, in _run_error_category
    error_func()
TypeError: ml_err_190_fit_svm() missing 3 required positional arguments: 'svm', 'X', and 'y'","def _select_errors(range_pairs):
    selected = {}
    for name, func in AI_ERRORS.items():
        idx = _err_id(name)
        if any(start <= idx <= end for start, end in range_pairs):
            selected[name] = func
    return selected


",MLError
"2025-11-24T11:47:30.210349 [INFO] [ERROR] ml_err_191_calculate_accuracy: TypeError
File ""/app/errors/ml/__init__.py"", line 86, in _run_error_category
    error_func()
TypeError: ml_err_191_calculate_accuracy() missing 2 required positional arguments: 'y_true' and 'y_pred'","def _select_errors(range_pairs):
    selected = {}
    for name, func in AI_ERRORS.items():
        idx = _err_id(name)
        if any(start <= idx <= end for start, end in range_pairs):
            selected[name] = func
    return selected


",PythonError
"2025-11-24T11:47:30.214052 [INFO] [ERROR] ml_err_192: ValueError
File ""/app/errors/ml/__init__.py"", line 86, in _run_error_category
    error_func()
  File ""/app/errors/ml/propagation_errors.py"", line 244, in ml_err_192
    ml_err_192_fit_weighted(X, y, weights)
  File ""/app/errors/ml/propagation_errors.py"", line 238, in ml_err_192_fit_weighted
    LogisticRegression().fit(X, y, sample_weight=weights)
  File ""/usr/local/lib/python3.11/site-packages/sklearn/base.py"", line 1365, in wrapper
    return fit_method(estimator, *args, **kwargs)
           ^^^^^^^^^^^^^^^^^^^^^^^^^^^^^^^^^^^^^^
  File ""/usr/local/lib/python3.11/site-packages/sklearn/linear_model/_logistic.py"", line 1384, in fit
    fold_coefs_ = Parallel(n_jobs=self.n_jobs, verbose=self.verbose, prefer=prefer)(
                  ^^^^^^^^^^^^^^^^^^^^^^^^^^^^^^^^^^^^^^^^^^^^^^^^^^^^^^^^^^^^^^^^^^
  File ""/usr/local/lib/python3.11/site-packages/sklearn/utils/parallel.py"", line 82, in __call__
    return super().__call__(iterable_with_config_and_warning_filters)
           ^^^^^^^^^^^^^^^^^^^^^^^^^^^^^^^^^^^^^^^^^^^^^^^^^^^^^^^^^^
  File ""/usr/local/lib/python3.11/site-packages/joblib/parallel.py"", line 1986, in __call__
    return output if self.return_generator else list(output)
                                                ^^^^^^^^^^^^
  File ""/usr/local/lib/python3.11/site-packages/joblib/parallel.py"", line 1914, in _get_sequential_output
    res = func(*args, **kwargs)
          ^^^^^^^^^^^^^^^^^^^^^
  File ""/usr/local/lib/python3.11/site-packages/sklearn/utils/parallel.py"", line 147, in __call__
    return self.function(*args, **kwargs)
           ^^^^^^^^^^^^^^^^^^^^^^^^^^^^^^
  File ""/usr/local/lib/python3.11/site-packages/sklearn/linear_model/_logistic.py"", line 302, in _logistic_regression_path
    sample_weight = _check_sample_weight(sample_weight, X, dtype=X.dtype, copy=True)
                    ^^^^^^^^^^^^^^^^^^^^^^^^^^^^^^^^^^^^^^^^^^^^^^^^^^^^^^^^^^^^^^^^
  File ""/usr/local/lib/python3.11/site-packages/sklearn/utils/validation.py"", line 2197, in _check_sample_weight
    raise ValueError(
ValueError: sample_weight.shape == (1,), expected (2,)!","def ml_err_192_fit_weighted(X, y, weights):
    """"""Fit with mismatched weights - error propagates.""""""
    from sklearn.linear_model import LogisticRegression
    LogisticRegression().fit(X, y, sample_weight=weights)




def ml_err_192():
    """"""Sample weight size mismatch.""""""
    X, y, weights = ml_err_192_prepare_weights()
    ml_err_192_fit_weighted(X, y, weights)


# ml_err_193: n_neighbors too large from init -> fit


def _select_errors(range_pairs):
    selected = {}
    for name, func in AI_ERRORS.items():
        idx = _err_id(name)
        if any(start <= idx <= end for start, end in range_pairs):
            selected[name] = func
    return selected


",MLError
"2025-11-24T11:47:30.217403 [INFO] [ERROR] ml_err_192_fit_weighted: TypeError
File ""/app/errors/ml/__init__.py"", line 86, in _run_error_category
    error_func()
TypeError: ml_err_192_fit_weighted() missing 3 required positional arguments: 'X', 'y', and 'weights'","def _select_errors(range_pairs):
    selected = {}
    for name, func in AI_ERRORS.items():
        idx = _err_id(name)
        if any(start <= idx <= end for start, end in range_pairs):
            selected[name] = func
    return selected


",PythonError
"2025-11-24T11:47:30.220410 [INFO] [ERROR] ml_err_193_create_knn: TypeError
File ""/app/errors/ml/__init__.py"", line 86, in _run_error_category
    error_func()
TypeError: ml_err_193_create_knn() missing 1 required positional argument: 'n_neighbors'","def _select_errors(range_pairs):
    selected = {}
    for name, func in AI_ERRORS.items():
        idx = _err_id(name)
        if any(start <= idx <= end for start, end in range_pairs):
            selected[name] = func
    return selected


",PythonError
"2025-11-24T11:47:30.222690 [INFO] [ERROR] ml_err_193_fit_knn: TypeError
File ""/app/errors/ml/__init__.py"", line 86, in _run_error_category
    error_func()
TypeError: ml_err_193_fit_knn() missing 3 required positional arguments: 'knn', 'X', and 'y'","def _select_errors(range_pairs):
    selected = {}
    for name, func in AI_ERRORS.items():
        idx = _err_id(name)
        if any(start <= idx <= end for start, end in range_pairs):
            selected[name] = func
    return selected


",PythonError
"2025-11-24T11:47:30.225092 [INFO] [ERROR] ml_err_194: InvalidParameterError
File ""/app/errors/ml/__init__.py"", line 86, in _run_error_category
    error_func()
  File ""/app/errors/ml/propagation_errors.py"", line 280, in ml_err_194
    ml_err_194_fit_tree(tree, [[1, 2], [3, 4]], [0, 1])
  File ""/app/errors/ml/propagation_errors.py"", line 274, in ml_err_194_fit_tree
    tree.fit(X, y)
  File ""/usr/local/lib/python3.11/site-packages/sklearn/base.py"", line 1358, in wrapper
    estimator._validate_params()
  File ""/usr/local/lib/python3.11/site-packages/sklearn/base.py"", line 471, in _validate_params
    validate_parameter_constraints(
  File ""/usr/local/lib/python3.11/site-packages/sklearn/utils/_param_validation.py"", line 98, in validate_parameter_constraints
    raise InvalidParameterError(
sklearn.utils._param_validation.InvalidParameterError: The 'max_depth' parameter of DecisionTreeClassifier must be an int in the range [1, inf) or None. Got -1 instead.","def ml_err_194_fit_tree(tree, X, y):
    """"""Fit with negative max_depth - error propagates.""""""
    tree.fit(X, y)




def ml_err_194():
    """"""Negative max_depth parameter.""""""
    tree = ml_err_194_create_tree(max_depth=-1)
    ml_err_194_fit_tree(tree, [[1, 2], [3, 4]], [0, 1])


# ml_err_195: Negative n_estimators from init -> fit


def _select_errors(range_pairs):
    selected = {}
    for name, func in AI_ERRORS.items():
        idx = _err_id(name)
        if any(start <= idx <= end for start, end in range_pairs):
            selected[name] = func
    return selected


",MLError
"2025-11-24T11:47:30.227413 [INFO] [ERROR] ml_err_194_create_tree: TypeError
File ""/app/errors/ml/__init__.py"", line 86, in _run_error_category
    error_func()
TypeError: ml_err_194_create_tree() missing 1 required positional argument: 'max_depth'","def _select_errors(range_pairs):
    selected = {}
    for name, func in AI_ERRORS.items():
        idx = _err_id(name)
        if any(start <= idx <= end for start, end in range_pairs):
            selected[name] = func
    return selected


",PythonError
"2025-11-24T11:47:30.229683 [INFO] [ERROR] ml_err_194_fit_tree: TypeError
File ""/app/errors/ml/__init__.py"", line 86, in _run_error_category
    error_func()
TypeError: ml_err_194_fit_tree() missing 3 required positional arguments: 'tree', 'X', and 'y'","def _select_errors(range_pairs):
    selected = {}
    for name, func in AI_ERRORS.items():
        idx = _err_id(name)
        if any(start <= idx <= end for start, end in range_pairs):
            selected[name] = func
    return selected


",PythonError
"2025-11-24T11:47:30.232378 [INFO] [ERROR] ml_err_195: InvalidParameterError
File ""/app/errors/ml/__init__.py"", line 86, in _run_error_category
    error_func()
  File ""/app/errors/ml/propagation_errors.py"", line 298, in ml_err_195
    ml_err_195_fit_forest(forest, [[1, 2], [3, 4]], [0, 1])
  File ""/app/errors/ml/propagation_errors.py"", line 292, in ml_err_195_fit_forest
    forest.fit(X, y)
  File ""/usr/local/lib/python3.11/site-packages/sklearn/base.py"", line 1358, in wrapper
    estimator._validate_params()
  File ""/usr/local/lib/python3.11/site-packages/sklearn/base.py"", line 471, in _validate_params
    validate_parameter_constraints(
  File ""/usr/local/lib/python3.11/site-packages/sklearn/utils/_param_validation.py"", line 98, in validate_parameter_constraints
    raise InvalidParameterError(
sklearn.utils._param_validation.InvalidParameterError: The 'n_estimators' parameter of RandomForestClassifier must be an int in the range [1, inf). Got -1 instead.","def ml_err_195_fit_forest(forest, X, y):
    """"""Fit with negative n_estimators - error propagates.""""""
    forest.fit(X, y)




def ml_err_195():
    """"""Negative n_estimators parameter.""""""
    forest = ml_err_195_create_forest(n_estimators=-1)
    ml_err_195_fit_forest(forest, [[1, 2], [3, 4]], [0, 1])


# ml_err_196: Negative C parameter from init -> fit


def _select_errors(range_pairs):
    selected = {}
    for name, func in AI_ERRORS.items():
        idx = _err_id(name)
        if any(start <= idx <= end for start, end in range_pairs):
            selected[name] = func
    return selected


",MLError
"2025-11-24T11:47:30.235312 [INFO] [ERROR] ml_err_195_create_forest: TypeError
File ""/app/errors/ml/__init__.py"", line 86, in _run_error_category
    error_func()
TypeError: ml_err_195_create_forest() missing 1 required positional argument: 'n_estimators'","def _select_errors(range_pairs):
    selected = {}
    for name, func in AI_ERRORS.items():
        idx = _err_id(name)
        if any(start <= idx <= end for start, end in range_pairs):
            selected[name] = func
    return selected


",PythonError
"2025-11-24T11:47:30.237519 [INFO] [ERROR] ml_err_195_fit_forest: TypeError
File ""/app/errors/ml/__init__.py"", line 86, in _run_error_category
    error_func()
TypeError: ml_err_195_fit_forest() missing 3 required positional arguments: 'forest', 'X', and 'y'","def _select_errors(range_pairs):
    selected = {}
    for name, func in AI_ERRORS.items():
        idx = _err_id(name)
        if any(start <= idx <= end for start, end in range_pairs):
            selected[name] = func
    return selected


",PythonError
"2025-11-24T11:47:30.239877 [INFO] [ERROR] ml_err_196: InvalidParameterError
File ""/app/errors/ml/__init__.py"", line 86, in _run_error_category
    error_func()
  File ""/app/errors/ml/propagation_errors.py"", line 316, in ml_err_196
    ml_err_196_fit_lr(lr, [[1, 2], [3, 4]], [0, 1])
  File ""/app/errors/ml/propagation_errors.py"", line 310, in ml_err_196_fit_lr
    lr.fit(X, y)
  File ""/usr/local/lib/python3.11/site-packages/sklearn/base.py"", line 1358, in wrapper
    estimator._validate_params()
  File ""/usr/local/lib/python3.11/site-packages/sklearn/base.py"", line 471, in _validate_params
    validate_parameter_constraints(
  File ""/usr/local/lib/python3.11/site-packages/sklearn/utils/_param_validation.py"", line 98, in validate_parameter_constraints
    raise InvalidParameterError(
sklearn.utils._param_validation.InvalidParameterError: The 'C' parameter of LogisticRegression must be a float in the range (0.0, inf]. Got -0.5 instead.","def ml_err_196_fit_lr(lr, X, y):
    """"""Fit with negative C - error propagates.""""""
    lr.fit(X, y)




def ml_err_196():
    """"""Negative regularization parameter C.""""""
    lr = ml_err_196_create_lr(C=-0.5)
    ml_err_196_fit_lr(lr, [[1, 2], [3, 4]], [0, 1])


# ml_err_197: Invalid test_size from split -> validation


def _select_errors(range_pairs):
    selected = {}
    for name, func in AI_ERRORS.items():
        idx = _err_id(name)
        if any(start <= idx <= end for start, end in range_pairs):
            selected[name] = func
    return selected


",MLError
"2025-11-24T11:47:30.242297 [INFO] [ERROR] ml_err_196_create_lr: TypeError
File ""/app/errors/ml/__init__.py"", line 86, in _run_error_category
    error_func()
TypeError: ml_err_196_create_lr() missing 1 required positional argument: 'C'","def _select_errors(range_pairs):
    selected = {}
    for name, func in AI_ERRORS.items():
        idx = _err_id(name)
        if any(start <= idx <= end for start, end in range_pairs):
            selected[name] = func
    return selected


",PythonError
"2025-11-24T11:47:30.244534 [INFO] [ERROR] ml_err_196_fit_lr: TypeError
File ""/app/errors/ml/__init__.py"", line 86, in _run_error_category
    error_func()
TypeError: ml_err_196_fit_lr() missing 3 required positional arguments: 'lr', 'X', and 'y'","def _select_errors(range_pairs):
    selected = {}
    for name, func in AI_ERRORS.items():
        idx = _err_id(name)
        if any(start <= idx <= end for start, end in range_pairs):
            selected[name] = func
    return selected


",PythonError
"2025-11-24T11:47:30.246910 [INFO] [ERROR] ml_err_197: InvalidParameterError
File ""/app/errors/ml/__init__.py"", line 86, in _run_error_category
    error_func()
  File ""/app/errors/ml/propagation_errors.py"", line 328, in ml_err_197
    ml_err_197_validate_split(test_size=1.5)
  File ""/app/errors/ml/propagation_errors.py"", line 323, in ml_err_197_validate_split
    return train_test_split([1, 2, 3], test_size=test_size)
           ^^^^^^^^^^^^^^^^^^^^^^^^^^^^^^^^^^^^^^^^^^^^^^^^
  File ""/usr/local/lib/python3.11/site-packages/sklearn/utils/_param_validation.py"", line 208, in wrapper
    validate_parameter_constraints(
  File ""/usr/local/lib/python3.11/site-packages/sklearn/utils/_param_validation.py"", line 98, in validate_parameter_constraints
    raise InvalidParameterError(
sklearn.utils._param_validation.InvalidParameterError: The 'test_size' parameter of train_test_split must be a float in the range (0.0, 1.0), an int in the range [1, inf) or None. Got 1.5 instead.","def ml_err_197_validate_split(test_size):
    """"""Validate test size and split.""""""
    from sklearn.model_selection import train_test_split
    return train_test_split([1, 2, 3], test_size=test_size)




def ml_err_197():
    """"""test_size > 1 (invalid).""""""
    ml_err_197_validate_split(test_size=1.5)


# ml_err_198: Invalid random state from check -> generation


def _select_errors(range_pairs):
    selected = {}
    for name, func in AI_ERRORS.items():
        idx = _err_id(name)
        if any(start <= idx <= end for start, end in range_pairs):
            selected[name] = func
    return selected


",MLError
"2025-11-24T11:47:30.249142 [INFO] [ERROR] ml_err_197_validate_split: TypeError
File ""/app/errors/ml/__init__.py"", line 86, in _run_error_category
    error_func()
TypeError: ml_err_197_validate_split() missing 1 required positional argument: 'test_size'","def _select_errors(range_pairs):
    selected = {}
    for name, func in AI_ERRORS.items():
        idx = _err_id(name)
        if any(start <= idx <= end for start, end in range_pairs):
            selected[name] = func
    return selected


",PythonError
"2025-11-24T11:47:30.251964 [INFO] [ERROR] ml_err_198: ValueError
File ""/app/errors/ml/__init__.py"", line 86, in _run_error_category
    error_func()
  File ""/app/errors/ml/propagation_errors.py"", line 341, in ml_err_198
    ml_err_198_check_random(state='invalid_state')
  File ""/app/errors/ml/propagation_errors.py"", line 335, in ml_err_198_check_random
    rs = check_random_state(state)
         ^^^^^^^^^^^^^^^^^^^^^^^^^
  File ""/usr/local/lib/python3.11/site-packages/sklearn/utils/validation.py"", line 1516, in check_random_state
    raise ValueError(
ValueError: 'invalid_state' cannot be used to seed a numpy.random.RandomState instance","def ml_err_198_check_random(state):
    """"""Check random state and generate.""""""
    from sklearn.utils import check_random_state
    rs = check_random_state(state)
    return rs.rand()




def ml_err_198():
    """"""Invalid random state type.""""""
    ml_err_198_check_random(state='invalid_state')


# ml_err_199: CV splits > samples from init -> validation


def _select_errors(range_pairs):
    selected = {}
    for name, func in AI_ERRORS.items():
        idx = _err_id(name)
        if any(start <= idx <= end for start, end in range_pairs):
            selected[name] = func
    return selected


",MLError
"2025-11-24T11:47:30.254247 [INFO] [ERROR] ml_err_198_check_random: TypeError
File ""/app/errors/ml/__init__.py"", line 86, in _run_error_category
    error_func()
TypeError: ml_err_198_check_random() missing 1 required positional argument: 'state'","def _select_errors(range_pairs):
    selected = {}
    for name, func in AI_ERRORS.items():
        idx = _err_id(name)
        if any(start <= idx <= end for start, end in range_pairs):
            selected[name] = func
    return selected


",PythonError
"2025-11-24T11:47:30.257398 [INFO] [ERROR] ml_err_199: ValueError
File ""/app/errors/ml/__init__.py"", line 86, in _run_error_category
    error_func()
  File ""/app/errors/ml/propagation_errors.py"", line 354, in ml_err_199
    ml_err_199_validate_cv(cv_splits=10)
  File ""/app/errors/ml/propagation_errors.py"", line 349, in ml_err_199_validate_cv
    return cross_val_score(LogisticRegression(), [[1], [2]], [0, 1], cv=cv_splits)
           ^^^^^^^^^^^^^^^^^^^^^^^^^^^^^^^^^^^^^^^^^^^^^^^^^^^^^^^^^^^^^^^^^^^^^^^
  File ""/usr/local/lib/python3.11/site-packages/sklearn/utils/_param_validation.py"", line 218, in wrapper
    return func(*args, **kwargs)
           ^^^^^^^^^^^^^^^^^^^^^
  File ""/usr/local/lib/python3.11/site-packages/sklearn/model_selection/_validation.py"", line 677, in cross_val_score
    cv_results = cross_validate(
                 ^^^^^^^^^^^^^^^
  File ""/usr/local/lib/python3.11/site-packages/sklearn/utils/_param_validation.py"", line 218, in wrapper
    return func(*args, **kwargs)
           ^^^^^^^^^^^^^^^^^^^^^
  File ""/usr/local/lib/python3.11/site-packages/sklearn/model_selection/_validation.py"", line 399, in cross_validate
    results = parallel(
              ^^^^^^^^^
  File ""/usr/local/lib/python3.11/site-packages/sklearn/utils/parallel.py"", line 82, in __call__
    return super().__call__(iterable_with_config_and_warning_filters)
           ^^^^^^^^^^^^^^^^^^^^^^^^^^^^^^^^^^^^^^^^^^^^^^^^^^^^^^^^^^
  File ""/usr/local/lib/python3.11/site-packages/joblib/parallel.py"", line 1986, in __call__
    return output if self.return_generator else list(output)
                                                ^^^^^^^^^^^^
  File ""/usr/local/lib/python3.11/site-packages/joblib/parallel.py"", line 1911, in _get_sequential_output
    for func, args, kwargs in iterable:
  File ""/usr/local/lib/python3.11/site-packages/sklearn/utils/parallel.py"", line 74, in <genexpr>
    iterable_with_config_and_warning_filters = (
                                               ^
  File ""/usr/local/lib/python3.11/site-packages/sklearn/model_selection/_validation.py"", line 399, in <genexpr>
    results = parallel(
                      ^
  File ""/usr/local/lib/python3.11/site-packages/sklearn/model_selection/_split.py"", line 404, in split
    raise ValueError(
ValueError: Cannot have number of splits n_splits=10 greater than the number of samples: n_samples=2.","def ml_err_199_validate_cv(cv_splits):
    """"""Validate CV splits exceed samples.""""""
    from sklearn.model_selection import cross_val_score
    from sklearn.linear_model import LogisticRegression
    return cross_val_score(LogisticRegression(), [[1], [2]], [0, 1], cv=cv_splits)




def ml_err_199():
    """"""CV splits (10) > samples (2).""""""
    ml_err_199_validate_cv(cv_splits=10)


# ml_err_200: Invalid scoring metric from validation


def _select_errors(range_pairs):
    selected = {}
    for name, func in AI_ERRORS.items():
        idx = _err_id(name)
        if any(start <= idx <= end for start, end in range_pairs):
            selected[name] = func
    return selected


",MLError
"2025-11-24T11:47:30.259023 [INFO] [ERROR] ml_err_199_validate_cv: TypeError
File ""/app/errors/ml/__init__.py"", line 86, in _run_error_category
    error_func()
TypeError: ml_err_199_validate_cv() missing 1 required positional argument: 'cv_splits'","def _select_errors(range_pairs):
    selected = {}
    for name, func in AI_ERRORS.items():
        idx = _err_id(name)
        if any(start <= idx <= end for start, end in range_pairs):
            selected[name] = func
    return selected


",PythonError
"2025-11-24T11:47:30.260593 [INFO] [ERROR] ml_err_200: InvalidParameterError
File ""/app/errors/ml/__init__.py"", line 86, in _run_error_category
    error_func()
  File ""/app/errors/ml/propagation_errors.py"", line 367, in ml_err_200
    ml_err_200_validate_score(scoring='invalid')
  File ""/app/errors/ml/propagation_errors.py"", line 362, in ml_err_200_validate_score
    return cross_val_score(LogisticRegression(), [[1, 2], [3, 4]], [0, 1], scoring=scoring)
           ^^^^^^^^^^^^^^^^^^^^^^^^^^^^^^^^^^^^^^^^^^^^^^^^^^^^^^^^^^^^^^^^^^^^^^^^^^^^^^^^
  File ""/usr/local/lib/python3.11/site-packages/sklearn/utils/_param_validation.py"", line 208, in wrapper
    validate_parameter_constraints(
  File ""/usr/local/lib/python3.11/site-packages/sklearn/utils/_param_validation.py"", line 98, in validate_parameter_constraints
    raise InvalidParameterError(
sklearn.utils._param_validation.InvalidParameterError: The 'scoring' parameter of cross_val_score must be a str among {'normalized_mutual_info_score', 'average_precision', 'completeness_score', 'matthews_corrcoef', 'recall_samples', 'neg_root_mean_squared_error', 'jaccard_macro', 'neg_mean_poisson_deviance', 'precision', 'homogeneity_score', 'explained_variance', 'precision_macro', 'precision_micro', 'positive_likelihood_ratio', 'jaccard_weighted', 'roc_auc', 'mutual_info_score', 'accuracy', 'jaccard_samples', 'neg_root_mean_squared_log_error', 'neg_median_absolute_error', 'rand_score', 'adjusted_rand_score', 'neg_mean_squared_log_error', 'neg_mean_absolute_error', 'top_k_accuracy', 'jaccard', 'neg_log_loss', 'recall_macro', 'precision_weighted', 'roc_auc_ovo', 'roc_auc_ovr', 'f1_macro', 'f1_samples', 'fowlkes_mallows_score', 'f1_micro', 'neg_brier_score', 'neg_mean_absolute_percentage_error', 'neg_mean_squared_error', 'f1', 'roc_auc_ovo_weighted', 'jaccard_micro', 'balanced_accuracy', 'neg_max_error', 'recall', 'v_measure_score', 'f1_weighted', 'precision_samples', 'roc_auc_ovr_weighted', 'r2', 'adjusted_mutual_info_score', 'recall_weighted', 'recall_micro', 'neg_mean_gamma_deviance', 'd2_absolute_error_score', 'neg_negative_likelihood_ratio'}, a callable or None. Got 'invalid' instead.","def ml_err_200_validate_score(scoring):
    """"""Validate scoring metric.""""""
    from sklearn.model_selection import cross_val_score
    from sklearn.linear_model import LogisticRegression
    return cross_val_score(LogisticRegression(), [[1, 2], [3, 4]], [0, 1], scoring=scoring)




def ml_err_200():
    """"""Invalid scoring metric name.""""""
    ml_err_200_validate_score(scoring='invalid')


__all__ = [f'ml_err_{i}' for i in range(181, 201)]


__all__ = [f'ml_err_{i}' for i in range(181, 201)]


def _select_errors(range_pairs):
    selected = {}
    for name, func in AI_ERRORS.items():
        idx = _err_id(name)
        if any(start <= idx <= end for start, end in range_pairs):
            selected[name] = func
    return selected


",MLError
"2025-11-24T11:47:30.262096 [INFO] [ERROR] ml_err_200_validate_score: TypeError
File ""/app/errors/ml/__init__.py"", line 86, in _run_error_category
    error_func()
TypeError: ml_err_200_validate_score() missing 1 required positional argument: 'scoring'","def _select_errors(range_pairs):
    selected = {}
    for name, func in AI_ERRORS.items():
        idx = _err_id(name)
        if any(start <= idx <= end for start, end in range_pairs):
            selected[name] = func
    return selected


",PythonError
"2025-11-24T11:47:32.462821 [INFO] [ERROR] p_err_01: TypeError
File ""/app/errors/python/__init__.py"", line 56, in _run_error_category
    error_func()
  File ""/app/errors/python/types_errors.py"", line 23, in p_err_01
    result = x + y
             ~~^~~
TypeError: can only concatenate str (not ""int"") to str","def p_err_01():
    """"""Type mismatch: string concatenation""""""
    x = ""hello""
    y = 42
    result = x + y




def _select_errors(range_pairs):
    selected = {}
    for name, func in AI_ERRORS.items():
        idx = _err_id(name)
        if any(start <= idx <= end for start, end in range_pairs):
            selected[name] = func
    return selected


",PythonError
"2025-11-24T11:47:32.470989 [INFO] [ERROR] p_err_02: TypeError
File ""/app/errors/python/__init__.py"", line 56, in _run_error_category
    error_func()
  File ""/app/errors/python/types_errors.py"", line 29, in p_err_02
    value = arr[""index""]
            ~~~^^^^^^^^^
TypeError: list indices must be integers or slices, not str","def p_err_02():
    """"""Type mismatch: list indexing with string""""""
    arr = [1, 2, 3]
    value = arr[""index""]




def _select_errors(range_pairs):
    selected = {}
    for name, func in AI_ERRORS.items():
        idx = _err_id(name)
        if any(start <= idx <= end for start, end in range_pairs):
            selected[name] = func
    return selected


",PythonError
"2025-11-24T11:47:32.474785 [INFO] [ERROR] p_err_03: KeyError
File ""/app/errors/python/__init__.py"", line 56, in _run_error_category
    error_func()
  File ""/app/errors/python/types_errors.py"", line 38, in p_err_03
    get_nested_value(data)
  File ""/app/errors/python/types_errors.py"", line 35, in get_nested_value
    return data[""level1""][""level2""][""missing""]
           ~~~~~~~~~~~~~~~~~~~~~~~~^^^^^^^^^^^
KeyError: 'missing'","    def get_nested_value(data):
        return data[""level1""][""level2""][""missing""]
    
    data = {""level1"": {""level2"": {""value"": 42}}}
    get_nested_value(data)




def p_err_03():
    """"""Dictionary key error - multi-layer""""""


def _select_errors(range_pairs):
    selected = {}
    for name, func in AI_ERRORS.items():
        idx = _err_id(name)
        if any(start <= idx <= end for start, end in range_pairs):
            selected[name] = func
    return selected


",PythonError
"2025-11-24T11:47:32.477790 [INFO] [ERROR] p_err_04: IndexError
File ""/app/errors/python/__init__.py"", line 56, in _run_error_category
    error_func()
  File ""/app/errors/python/types_errors.py"", line 50, in p_err_04
    access_deep_list(nested, [0, 5])
  File ""/app/errors/python/types_errors.py"", line 46, in access_deep_list
    result = result[idx]
             ~~~~~~^^^^^
IndexError: list index out of range","    def access_deep_list(items, indices):
        result = items
        for idx in indices:
            result = result[idx]
        return result
    
    nested = [[1, 2], [3, 4]]
    access_deep_list(nested, [0, 5])




def p_err_04():
    """"""List index out of bounds - multi-layer""""""


def _select_errors(range_pairs):
    selected = {}
    for name, func in AI_ERRORS.items():
        idx = _err_id(name)
        if any(start <= idx <= end for start, end in range_pairs):
            selected[name] = func
    return selected


",PythonError
"2025-11-24T11:47:32.479140 [INFO] [ERROR] p_err_05: AttributeError
File ""/app/errors/python/__init__.py"", line 56, in _run_error_category
    error_func()
  File ""/app/errors/python/types_errors.py"", line 56, in p_err_05
    obj.method()
    ^^^^^^^^^^
AttributeError: 'NoneType' object has no attribute 'method'","def p_err_05():
    """"""Attribute error on None""""""
    obj = None
    obj.method()




def _select_errors(range_pairs):
    selected = {}
    for name, func in AI_ERRORS.items():
        idx = _err_id(name)
        if any(start <= idx <= end for start, end in range_pairs):
            selected[name] = func
    return selected


",PythonError
"2025-11-24T11:47:32.480540 [INFO] [ERROR] p_err_06: ValueError
File ""/app/errors/python/__init__.py"", line 56, in _run_error_category
    error_func()
  File ""/app/errors/python/types_errors.py"", line 61, in p_err_06
    x, y, z = [1, 2]
    ^^^^^^^
ValueError: not enough values to unpack (expected 3, got 2)","def p_err_06():
    """"""Unpacking value error""""""
    x, y, z = [1, 2]




def _select_errors(range_pairs):
    selected = {}
    for name, func in AI_ERRORS.items():
        idx = _err_id(name)
        if any(start <= idx <= end for start, end in range_pairs):
            selected[name] = func
    return selected


",PythonError
"2025-11-24T11:47:32.482043 [INFO] [ERROR] p_err_07: IndexError
File ""/app/errors/python/__init__.py"", line 56, in _run_error_category
    error_func()
  File ""/app/errors/python/types_errors.py"", line 70, in p_err_07
    _ = a[10]
        ~^^^^
IndexError: list index out of range","def p_err_07():
    """"""Zip length mismatch""""""
    a = [1, 2, 3, 4, 5]
    b = [10, 20]
    result = list(zip(a, b))
    if len(result) != len(a):
        _ = a[10]




def _select_errors(range_pairs):
    selected = {}
    for name, func in AI_ERRORS.items():
        idx = _err_id(name)
        if any(start <= idx <= end for start, end in range_pairs):
            selected[name] = func
    return selected


",PythonError
"2025-11-24T11:47:32.484005 [INFO] [ERROR] p_err_08: ValueError
File ""/app/errors/python/__init__.py"", line 56, in _run_error_category
    error_func()
  File ""/app/errors/python/types_errors.py"", line 75, in p_err_08
    value = int(""not_a_number"")
            ^^^^^^^^^^^^^^^^^^^
ValueError: invalid literal for int() with base 10: 'not_a_number'","def p_err_08():
    """"""Integer conversion error""""""
    value = int(""not_a_number"")




def _select_errors(range_pairs):
    selected = {}
    for name, func in AI_ERRORS.items():
        idx = _err_id(name)
        if any(start <= idx <= end for start, end in range_pairs):
            selected[name] = func
    return selected


",PythonError
"2025-11-24T11:47:32.485514 [INFO] [ERROR] p_err_09: ValueError
File ""/app/errors/python/__init__.py"", line 56, in _run_error_category
    error_func()
  File ""/app/errors/python/types_errors.py"", line 80, in p_err_09
    value = float(""not_a_float"")
            ^^^^^^^^^^^^^^^^^^^^
ValueError: could not convert string to float: 'not_a_float'","def p_err_09():
    """"""Float conversion error""""""
    value = float(""not_a_float"")




def _select_errors(range_pairs):
    selected = {}
    for name, func in AI_ERRORS.items():
        idx = _err_id(name)
        if any(start <= idx <= end for start, end in range_pairs):
            selected[name] = func
    return selected


",PythonError
"2025-11-24T11:47:32.486994 [INFO] [ERROR] p_err_10: KeyError
File ""/app/errors/python/__init__.py"", line 56, in _run_error_category
    error_func()
  File ""/app/errors/python/types_errors.py"", line 89, in p_err_10
    process_config(config)
  File ""/app/errors/python/types_errors.py"", line 86, in process_config
    return config[""database""][""host""]
           ~~~~~~~~~~~~~~~~~~^^^^^^^^
KeyError: 'host'","    def process_config(config):
        return config[""database""][""host""]
    
    config = {""database"": {""port"": 5432}}
    process_config(config)




def p_err_10():
    """"""Dictionary missing required key""""""


def _select_errors(range_pairs):
    selected = {}
    for name, func in AI_ERRORS.items():
        idx = _err_id(name)
        if any(start <= idx <= end for start, end in range_pairs):
            selected[name] = func
    return selected


",PythonError
"2025-11-24T11:47:32.488634 [INFO] [ERROR] p_err_11: AttributeError
File ""/app/errors/python/__init__.py"", line 56, in _run_error_category
    error_func()
  File ""/app/errors/python/types_errors.py"", line 95, in p_err_11
    y = x.union([4, 5])
        ^^^^^^^
AttributeError: 'list' object has no attribute 'union'","def p_err_11():
    """"""Set operation on non-set""""""
    x = [1, 2, 3]
    y = x.union([4, 5])




def _select_errors(range_pairs):
    selected = {}
    for name, func in AI_ERRORS.items():
        idx = _err_id(name)
        if any(start <= idx <= end for start, end in range_pairs):
            selected[name] = func
    return selected


",PythonError
"2025-11-24T11:47:32.490143 [INFO] [ERROR] p_err_12: IndexError
File ""/app/errors/python/__init__.py"", line 56, in _run_error_category
    error_func()
  File ""/app/errors/python/types_errors.py"", line 101, in p_err_12
    result = template.format(""a"", ""b"")
             ^^^^^^^^^^^^^^^^^^^^^^^^^
IndexError: Replacement index 2 out of range for positional args tuple","def p_err_12():
    """"""String format with wrong args""""""
    template = ""{} {} {}""
    result = template.format(""a"", ""b"")




def _select_errors(range_pairs):
    selected = {}
    for name, func in AI_ERRORS.items():
        idx = _err_id(name)
        if any(start <= idx <= end for start, end in range_pairs):
            selected[name] = func
    return selected


",PythonError
"2025-11-24T11:47:32.491500 [INFO] [ERROR] p_err_13: TypeError
File ""/app/errors/python/__init__.py"", line 56, in _run_error_category
    error_func()
  File ""/app/errors/python/types_errors.py"", line 107, in p_err_13
    value = arr[""1"":""2""]
            ~~~^^^^^^^^^
TypeError: slice indices must be integers or None or have an __index__ method","def p_err_13():
    """"""Slice with non-integer""""""
    arr = [1, 2, 3]
    value = arr[""1"":""2""]




def _select_errors(range_pairs):
    selected = {}
    for name, func in AI_ERRORS.items():
        idx = _err_id(name)
        if any(start <= idx <= end for start, end in range_pairs):
            selected[name] = func
    return selected


",PythonError
"2025-11-24T11:47:32.492738 [INFO] [ERROR] p_err_14: KeyError
File ""/app/errors/python/__init__.py"", line 56, in _run_error_category
    error_func()
  File ""/app/errors/python/types_errors.py"", line 113, in p_err_14
    value = d.pop(""missing"")
            ^^^^^^^^^^^^^^^^
KeyError: 'missing'","def p_err_14():
    """"""Dictionary pop with missing key""""""
    d = {""a"": 1}
    value = d.pop(""missing"")




def _select_errors(range_pairs):
    selected = {}
    for name, func in AI_ERRORS.items():
        idx = _err_id(name)
        if any(start <= idx <= end for start, end in range_pairs):
            selected[name] = func
    return selected


",PythonError
"2025-11-24T11:47:32.493975 [INFO] [ERROR] p_err_15: ValueError
File ""/app/errors/python/__init__.py"", line 56, in _run_error_category
    error_func()
  File ""/app/errors/python/types_errors.py"", line 119, in p_err_15
    a, b, c = t
    ^^^^^^^
ValueError: not enough values to unpack (expected 3, got 2)","def p_err_15():
    """"""Tuple unpacking with wrong count""""""
    t = (1, 2)
    a, b, c = t




def _select_errors(range_pairs):
    selected = {}
    for name, func in AI_ERRORS.items():
        idx = _err_id(name)
        if any(start <= idx <= end for start, end in range_pairs):
            selected[name] = func
    return selected


",PythonError
"2025-11-24T11:47:32.495164 [INFO] [ERROR] p_err_16: AttributeError
File ""/app/errors/python/__init__.py"", line 56, in _run_error_category
    error_func()
  File ""/app/errors/python/types_errors.py"", line 125, in p_err_16
    value = s.append(""x"")
            ^^^^^^^^
AttributeError: 'str' object has no attribute 'append'","def p_err_16():
    """"""Attribute access on wrong type""""""
    s = ""string""
    value = s.append(""x"")




def _select_errors(range_pairs):
    selected = {}
    for name, func in AI_ERRORS.items():
        idx = _err_id(name)
        if any(start <= idx <= end for start, end in range_pairs):
            selected[name] = func
    return selected


",PythonError
"2025-11-24T11:47:32.496569 [INFO] [ERROR] p_err_17: AttributeError
File ""/app/errors/python/__init__.py"", line 56, in _run_error_category
    error_func()
  File ""/app/errors/python/types_errors.py"", line 131, in p_err_17
    y = x.split("","")
        ^^^^^^^
AttributeError: 'NoneType' object has no attribute 'split'","def p_err_17():
    """"""Method call on None""""""
    x = None
    y = x.split("","")




def _select_errors(range_pairs):
    selected = {}
    for name, func in AI_ERRORS.items():
        idx = _err_id(name)
        if any(start <= idx <= end for start, end in range_pairs):
            selected[name] = func
    return selected


",PythonError
"2025-11-24T11:47:32.497903 [INFO] [ERROR] p_err_18: TypeError
File ""/app/errors/python/__init__.py"", line 56, in _run_error_category
    error_func()
  File ""/app/errors/python/types_errors.py"", line 137, in p_err_18
    result = arr * ""invalid""
             ~~~~^~~~~~~~~~~
TypeError: can't multiply sequence by non-int of type 'str'","def p_err_18():
    """"""List multiplication with string""""""
    arr = [1, 2, 3]
    result = arr * ""invalid""




def _select_errors(range_pairs):
    selected = {}
    for name, func in AI_ERRORS.items():
        idx = _err_id(name)
        if any(start <= idx <= end for start, end in range_pairs):
            selected[name] = func
    return selected


",PythonError
"2025-11-24T11:47:32.499314 [INFO] [ERROR] p_err_19: KeyError
File ""/app/errors/python/__init__.py"", line 56, in _run_error_category
    error_func()
  File ""/app/errors/python/types_errors.py"", line 143, in p_err_19
    result = d[3]
             ~^^^
KeyError: 3","def p_err_19():
    """"""Dictionary comprehension KeyError""""""
    d = {str(i): i for i in range(3)}
    result = d[3]




def _select_errors(range_pairs):
    selected = {}
    for name, func in AI_ERRORS.items():
        idx = _err_id(name)
        if any(start <= idx <= end for start, end in range_pairs):
            selected[name] = func
    return selected


",PythonError
"2025-11-24T11:47:32.501291 [INFO] [ERROR] p_err_20: KeyError
File ""/app/errors/python/__init__.py"", line 56, in _run_error_category
    error_func()
  File ""/app/errors/python/types_errors.py"", line 152, in p_err_20
    get_value(data, ""a"")
  File ""/app/errors/python/types_errors.py"", line 149, in get_value
    return d[key][""nested""][""deep""]
           ~~~~~~~~~~~~~~~~^^^^^^^^
KeyError: 'deep'","    def get_value(d, key):
        return d[key][""nested""][""deep""]
    
    data = {""a"": {""nested"": {}}}
    get_value(data, ""a"")




def p_err_20():
    """"""Nested dictionary access""""""


def _select_errors(range_pairs):
    selected = {}
    for name, func in AI_ERRORS.items():
        idx = _err_id(name)
        if any(start <= idx <= end for start, end in range_pairs):
            selected[name] = func
    return selected


",PythonError
"2025-11-24T11:47:32.502862 [INFO] [ERROR] p_err_21: TypeError
File ""/app/errors/python/__init__.py"", line 56, in _run_error_category
    error_func()
  File ""/app/errors/python/types_errors.py"", line 158, in p_err_21
    result = x + ""string""
             ~~^~~~~~~~~~
TypeError: unsupported operand type(s) for +: 'int' and 'str'","def p_err_21():
    """"""Boolean operation on incompatible types""""""
    x = ""5"" and 5
    result = x + ""string""




def _select_errors(range_pairs):
    selected = {}
    for name, func in AI_ERRORS.items():
        idx = _err_id(name)
        if any(start <= idx <= end for start, end in range_pairs):
            selected[name] = func
    return selected


",PythonError
"2025-11-24T11:47:32.504089 [INFO] [ERROR] p_err_22: TypeError
File ""/app/errors/python/__init__.py"", line 56, in _run_error_category
    error_func()
  File ""/app/errors/python/types_errors.py"", line 165, in p_err_22
    result = x < y
             ^^^^^
TypeError: '<' not supported between instances of 'str' and 'int'","def p_err_22():
    """"""Comparison between incompatible types""""""
    x = ""5""
    y = 5
    result = x < y




def _select_errors(range_pairs):
    selected = {}
    for name, func in AI_ERRORS.items():
        idx = _err_id(name)
        if any(start <= idx <= end for start, end in range_pairs):
            selected[name] = func
    return selected


",PythonError
"2025-11-24T11:47:32.505393 [INFO] [ERROR] p_err_23: IndexError
File ""/app/errors/python/__init__.py"", line 56, in _run_error_category
    error_func()
  File ""/app/errors/python/types_errors.py"", line 171, in p_err_23
    value = arr[-100]
            ~~~^^^^^^
IndexError: list index out of range","def p_err_23():
    """"""Index error with negative out of bounds""""""
    arr = [1, 2, 3]
    value = arr[-100]




def _select_errors(range_pairs):
    selected = {}
    for name, func in AI_ERRORS.items():
        idx = _err_id(name)
        if any(start <= idx <= end for start, end in range_pairs):
            selected[name] = func
    return selected


",PythonError
"2025-11-24T11:47:32.506697 [INFO] [ERROR] p_err_24: AttributeError
File ""/app/errors/python/__init__.py"", line 56, in _run_error_category
    error_func()
  File ""/app/errors/python/types_errors.py"", line 177, in p_err_24
    value = lst.keys()
            ^^^^^^^^
AttributeError: 'list' object has no attribute 'keys'","def p_err_24():
    """"""Attribute error on list""""""
    lst = [1, 2, 3]
    value = lst.keys()




def _select_errors(range_pairs):
    selected = {}
    for name, func in AI_ERRORS.items():
        idx = _err_id(name)
        if any(start <= idx <= end for start, end in range_pairs):
            selected[name] = func
    return selected


",PythonError
"2025-11-24T11:47:32.507945 [INFO] [ERROR] p_err_25: TypeError
File ""/app/errors/python/__init__.py"", line 56, in _run_error_category
    error_func()
  File ""/app/errors/python/types_errors.py"", line 183, in p_err_25
    d.update([1, 2, 3])
TypeError: cannot convert dictionary update sequence element #0 to a sequence","def p_err_25():
    """"""Dict update with non-dict""""""
    d = {}
    d.update([1, 2, 3])


# Registry
__all__ = [f'p_err_{i:02d}' for i in range(1, 26)]


def _select_errors(range_pairs):
    selected = {}
    for name, func in AI_ERRORS.items():
        idx = _err_id(name)
        if any(start <= idx <= end for start, end in range_pairs):
            selected[name] = func
    return selected


",PythonError
"2025-11-24T11:47:34.916580 [INFO] [ERROR] p_err_26: UnicodeDecodeError
File ""/app/errors/python/__init__.py"", line 56, in _run_error_category
    error_func()
  File ""/app/errors/python/string_errors.py"", line 21, in p_err_26
    text = data.decode('utf-8')
           ^^^^^^^^^^^^^^^^^^^^
UnicodeDecodeError: 'utf-8' codec can't decode byte 0x80 in position 0: invalid start byte","def p_err_26():
    """"""Unicode decode error""""""
    data = b'\x80\x81\x82'
    text = data.decode('utf-8')




def _select_errors(range_pairs):
    selected = {}
    for name, func in AI_ERRORS.items():
        idx = _err_id(name)
        if any(start <= idx <= end for start, end in range_pairs):
            selected[name] = func
    return selected


",PythonError
"2025-11-24T11:47:34.924992 [INFO] [ERROR] p_err_27: UnicodeEncodeError
File ""/app/errors/python/__init__.py"", line 56, in _run_error_category
    error_func()
  File ""/app/errors/python/string_errors.py"", line 27, in p_err_27
    encoded = text.encode('ascii')
              ^^^^^^^^^^^^^^^^^^^^
UnicodeEncodeError: 'ascii' codec can't encode characters in position 6-7: ordinal not in range(128)","def p_err_27():
    """"""Unicode encode error""""""
    text = ""Hello 你好 🎉""
    encoded = text.encode('ascii')




def _select_errors(range_pairs):
    selected = {}
    for name, func in AI_ERRORS.items():
        idx = _err_id(name)
        if any(start <= idx <= end for start, end in range_pairs):
            selected[name] = func
    return selected


",PythonError
"2025-11-24T11:47:34.962619 [INFO] [ERROR] p_err_28: error
File ""/app/errors/python/__init__.py"", line 56, in _run_error_category
    error_func()
  File ""/app/errors/python/string_errors.py"", line 33, in p_err_28
    pattern = re.compile(""["")
              ^^^^^^^^^^^^^^^
  File ""/usr/local/lib/python3.11/re/__init__.py"", line 227, in compile
    return _compile(pattern, flags)
           ^^^^^^^^^^^^^^^^^^^^^^^^
  File ""/usr/local/lib/python3.11/re/__init__.py"", line 294, in _compile
    p = _compiler.compile(pattern, flags)
        ^^^^^^^^^^^^^^^^^^^^^^^^^^^^^^^^^
  File ""/usr/local/lib/python3.11/re/_compiler.py"", line 745, in compile
    p = _parser.parse(p, flags)
        ^^^^^^^^^^^^^^^^^^^^^^^
  File ""/usr/local/lib/python3.11/re/_parser.py"", line 989, in parse
    p = _parse_sub(source, state, flags & SRE_FLAG_VERBOSE, 0)
        ^^^^^^^^^^^^^^^^^^^^^^^^^^^^^^^^^^^^^^^^^^^^^^^^^^^^^^
  File ""/usr/local/lib/python3.11/re/_parser.py"", line 464, in _parse_sub
    itemsappend(_parse(source, state, verbose, nested + 1,
                ^^^^^^^^^^^^^^^^^^^^^^^^^^^^^^^^^^^^^^^^^^
  File ""/usr/local/lib/python3.11/re/_parser.py"", line 572, in _parse
    raise source.error(""unterminated character set"",
re.error: unterminated character set at position 0","def p_err_28():
    """"""Regex pattern error""""""
    import re
    pattern = re.compile(""["")




def _select_errors(range_pairs):
    selected = {}
    for name, func in AI_ERRORS.items():
        idx = _err_id(name)
        if any(start <= idx <= end for start, end in range_pairs):
            selected[name] = func
    return selected


",PythonError
"2025-11-24T11:47:34.980304 [INFO] [ERROR] p_err_29: KeyError
File ""/app/errors/python/__init__.py"", line 56, in _run_error_category
    error_func()
  File ""/app/errors/python/string_errors.py"", line 39, in p_err_29
    result = template.format(name=""Alice"")
             ^^^^^^^^^^^^^^^^^^^^^^^^^^^^^
KeyError: 'age'","def p_err_29():
    """"""String format missing argument""""""
    template = ""Hello {name}, you are {age} years old""
    result = template.format(name=""Alice"")




def _select_errors(range_pairs):
    selected = {}
    for name, func in AI_ERRORS.items():
        idx = _err_id(name)
        if any(start <= idx <= end for start, end in range_pairs):
            selected[name] = func
    return selected


",PythonError
"2025-11-24T11:47:34.987315 [INFO] [ERROR] p_err_30: IndexError
File ""/app/errors/python/__init__.py"", line 56, in _run_error_category
    error_func()
  File ""/app/errors/python/string_errors.py"", line 45, in p_err_30
    char = s[10]
           ~^^^^
IndexError: string index out of range","def p_err_30():
    """"""String index error""""""
    s = ""abc""
    char = s[10]




def _select_errors(range_pairs):
    selected = {}
    for name, func in AI_ERRORS.items():
        idx = _err_id(name)
        if any(start <= idx <= end for start, end in range_pairs):
            selected[name] = func
    return selected


",PythonError
"2025-11-24T11:47:34.992044 [INFO] [ERROR] p_err_31: TypeError
File ""/app/errors/python/__init__.py"", line 56, in _run_error_category
    error_func()
  File ""/app/errors/python/string_errors.py"", line 52, in p_err_31
    result = b + s
             ~~^~~
TypeError: can't concat str to bytes","def p_err_31():
    """"""Bytes concatenation with string""""""
    b = b""hello""
    s = ""world""
    result = b + s




def _select_errors(range_pairs):
    selected = {}
    for name, func in AI_ERRORS.items():
        idx = _err_id(name)
        if any(start <= idx <= end for start, end in range_pairs):
            selected[name] = func
    return selected


",PythonError
"2025-11-24T11:47:34.996836 [INFO] [ERROR] p_err_32: error
File ""/app/errors/python/__init__.py"", line 56, in _run_error_category
    error_func()
  File ""/app/errors/python/string_errors.py"", line 60, in p_err_32
    result = re.sub(pattern, r'\2', text)
             ^^^^^^^^^^^^^^^^^^^^^^^^^^^^
  File ""/usr/local/lib/python3.11/re/__init__.py"", line 185, in sub
    return _compile(pattern, flags).sub(repl, string, count)
           ^^^^^^^^^^^^^^^^^^^^^^^^^^^^^^^^^^^^^^^^^^^^^^^^^
  File ""/usr/local/lib/python3.11/re/__init__.py"", line 317, in _subx
    template = _compile_repl(template, pattern)
               ^^^^^^^^^^^^^^^^^^^^^^^^^^^^^^^^
  File ""/usr/local/lib/python3.11/re/__init__.py"", line 308, in _compile_repl
    return _parser.parse_template(repl, pattern)
           ^^^^^^^^^^^^^^^^^^^^^^^^^^^^^^^^^^^^^
  File ""/usr/local/lib/python3.11/re/_parser.py"", line 1081, in parse_template
    addgroup(int(this[1:]), len(this) - 1)
  File ""/usr/local/lib/python3.11/re/_parser.py"", line 1017, in addgroup
    raise s.error(""invalid group reference %d"" % index, pos)
re.error: invalid group reference 2 at position 1","def p_err_32():
    """"""Regex substitution with invalid group""""""
    import re
    pattern = r'(\w+)'
    text = ""hello world""
    result = re.sub(pattern, r'\2', text)




def _select_errors(range_pairs):
    selected = {}
    for name, func in AI_ERRORS.items():
        idx = _err_id(name)
        if any(start <= idx <= end for start, end in range_pairs):
            selected[name] = func
    return selected


",PythonError
"2025-11-24T11:47:35.001425 [INFO] [ERROR] p_err_33: TypeError
File ""/app/errors/python/__init__.py"", line 56, in _run_error_category
    error_func()
  File ""/app/errors/python/string_errors.py"", line 66, in p_err_33
    result = s.strip(['h'])
             ^^^^^^^^^^^^^^
TypeError: strip arg must be None or str","def p_err_33():
    """"""String strip with invalid arg""""""
    s = ""hello""
    result = s.strip(['h'])




def _select_errors(range_pairs):
    selected = {}
    for name, func in AI_ERRORS.items():
        idx = _err_id(name)
        if any(start <= idx <= end for start, end in range_pairs):
            selected[name] = func
    return selected


",PythonError
"2025-11-24T11:47:35.004489 [INFO] [ERROR] p_err_34: TypeError
File ""/app/errors/python/__init__.py"", line 56, in _run_error_category
    error_func()
  File ""/app/errors/python/string_errors.py"", line 72, in p_err_34
    parts = s.split(1)
            ^^^^^^^^^^
TypeError: must be str or None, not int","def p_err_34():
    """"""String split with wrong type""""""
    s = ""a,b,c""
    parts = s.split(1)




def _select_errors(range_pairs):
    selected = {}
    for name, func in AI_ERRORS.items():
        idx = _err_id(name)
        if any(start <= idx <= end for start, end in range_pairs):
            selected[name] = func
    return selected


",PythonError
"2025-11-24T11:47:35.007133 [INFO] [ERROR] p_err_35: LookupError
File ""/app/errors/python/__init__.py"", line 56, in _run_error_category
    error_func()
  File ""/app/errors/python/string_errors.py"", line 78, in p_err_35
    text = data.decode('nonexistent-encoding')
           ^^^^^^^^^^^^^^^^^^^^^^^^^^^^^^^^^^^
LookupError: unknown encoding: nonexistent-encoding","def p_err_35():
    """"""Bytes decode invalid encoding""""""
    data = b""hello""
    text = data.decode('nonexistent-encoding')




def _select_errors(range_pairs):
    selected = {}
    for name, func in AI_ERRORS.items():
        idx = _err_id(name)
        if any(start <= idx <= end for start, end in range_pairs):
            selected[name] = func
    return selected


",PythonError
"2025-11-24T11:47:35.009502 [INFO] [ERROR] p_err_36: TypeError
File ""/app/errors/python/__init__.py"", line 56, in _run_error_category
    error_func()
  File ""/app/errors/python/string_errors.py"", line 84, in p_err_36
    result = s.replace(1, ""x"")
             ^^^^^^^^^^^^^^^^^
TypeError: replace() argument 1 must be str, not int","def p_err_36():
    """"""String replace with non-string""""""
    s = ""hello""
    result = s.replace(1, ""x"")




def _select_errors(range_pairs):
    selected = {}
    for name, func in AI_ERRORS.items():
        idx = _err_id(name)
        if any(start <= idx <= end for start, end in range_pairs):
            selected[name] = func
    return selected


",PythonError
"2025-11-24T11:47:35.011911 [INFO] [ERROR] p_err_37: KeyError
File ""/app/errors/python/__init__.py"", line 56, in _run_error_category
    error_func()
  File ""/app/errors/python/string_errors.py"", line 90, in p_err_37
    result = template.format(**{""name"": ""Alice""})
             ^^^^^^^^^^^^^^^^^^^^^^^^^^^^^^^^^^^^
KeyError: 'age'","def p_err_37():
    """"""Format string with dict missing key""""""
    template = ""{name} is {age}""
    result = template.format(**{""name"": ""Alice""})




def _select_errors(range_pairs):
    selected = {}
    for name, func in AI_ERRORS.items():
        idx = _err_id(name)
        if any(start <= idx <= end for start, end in range_pairs):
            selected[name] = func
    return selected


",PythonError
"2025-11-24T11:47:35.014292 [INFO] [ERROR] p_err_38: TypeError
File ""/app/errors/python/__init__.py"", line 56, in _run_error_category
    error_func()
  File ""/app/errors/python/string_errors.py"", line 97, in p_err_38
    match = pattern.match(123)
            ^^^^^^^^^^^^^^^^^^
TypeError: expected string or bytes-like object, got 'int'","def p_err_38():
    """"""Regex match on non-string""""""
    import re
    pattern = re.compile(r'\d+')
    match = pattern.match(123)




def _select_errors(range_pairs):
    selected = {}
    for name, func in AI_ERRORS.items():
        idx = _err_id(name)
        if any(start <= idx <= end for start, end in range_pairs):
            selected[name] = func
    return selected


",PythonError
"2025-11-24T11:47:35.020907 [INFO] [ERROR] p_err_39: LookupError
File ""/app/errors/python/__init__.py"", line 56, in _run_error_category
    error_func()
  File ""/app/errors/python/string_errors.py"", line 103, in p_err_39
    encoded = text.encode('invalid-codec')
              ^^^^^^^^^^^^^^^^^^^^^^^^^^^^
LookupError: unknown encoding: invalid-codec","def p_err_39():
    """"""String encoding with invalid codec""""""
    text = ""hello""
    encoded = text.encode('invalid-codec')




def _select_errors(range_pairs):
    selected = {}
    for name, func in AI_ERRORS.items():
        idx = _err_id(name)
        if any(start <= idx <= end for start, end in range_pairs):
            selected[name] = func
    return selected


",PythonError
"2025-11-24T11:47:35.024042 [INFO] [ERROR] p_err_41: AttributeError
File ""/app/errors/python/__init__.py"", line 56, in _run_error_category
    error_func()
  File ""/app/errors/python/string_errors.py"", line 119, in p_err_41
    result = x.upper()
             ^^^^^^^
AttributeError: 'int' object has no attribute 'upper'","def p_err_41():
    """"""String method on non-string""""""
    x = 123
    result = x.upper()




def _select_errors(range_pairs):
    selected = {}
    for name, func in AI_ERRORS.items():
        idx = _err_id(name)
        if any(start <= idx <= end for start, end in range_pairs):
            selected[name] = func
    return selected


",PythonError
"2025-11-24T11:47:35.026202 [INFO] [ERROR] p_err_42: IndexError
File ""/app/errors/python/__init__.py"", line 56, in _run_error_category
    error_func()
  File ""/app/errors/python/string_errors.py"", line 125, in p_err_42
    result = template.format(""a"", ""b"")
             ^^^^^^^^^^^^^^^^^^^^^^^^^
IndexError: Replacement index 2 out of range for positional args tuple","def p_err_42():
    """"""Format with invalid placeholder""""""
    template = ""{0} {1} {2}""
    result = template.format(""a"", ""b"")




def _select_errors(range_pairs):
    selected = {}
    for name, func in AI_ERRORS.items():
        idx = _err_id(name)
        if any(start <= idx <= end for start, end in range_pairs):
            selected[name] = func
    return selected


",PythonError
"2025-11-24T11:47:35.028190 [INFO] [ERROR] p_err_43: TypeError
File ""/app/errors/python/__init__.py"", line 56, in _run_error_category
    error_func()
  File ""/app/errors/python/string_errors.py"", line 130, in p_err_43
    s = ""text"" + None
        ~~~~~~~^~~~~~
TypeError: can only concatenate str (not ""NoneType"") to str","def p_err_43():
    """"""String concatenation type mismatch""""""
    s = ""text"" + None




def _select_errors(range_pairs):
    selected = {}
    for name, func in AI_ERRORS.items():
        idx = _err_id(name)
        if any(start <= idx <= end for start, end in range_pairs):
            selected[name] = func
    return selected


",PythonError
"2025-11-24T11:47:35.030258 [INFO] [ERROR] p_err_44: error
File ""/app/errors/python/__init__.py"", line 56, in _run_error_category
    error_func()
  File ""/app/errors/python/string_errors.py"", line 137, in p_err_44
    re.compile(pattern)
  File ""/usr/local/lib/python3.11/re/__init__.py"", line 227, in compile
    return _compile(pattern, flags)
           ^^^^^^^^^^^^^^^^^^^^^^^^
  File ""/usr/local/lib/python3.11/re/__init__.py"", line 294, in _compile
    p = _compiler.compile(pattern, flags)
        ^^^^^^^^^^^^^^^^^^^^^^^^^^^^^^^^^
  File ""/usr/local/lib/python3.11/re/_compiler.py"", line 745, in compile
    p = _parser.parse(p, flags)
        ^^^^^^^^^^^^^^^^^^^^^^^
  File ""/usr/local/lib/python3.11/re/_parser.py"", line 989, in parse
    p = _parse_sub(source, state, flags & SRE_FLAG_VERBOSE, 0)
        ^^^^^^^^^^^^^^^^^^^^^^^^^^^^^^^^^^^^^^^^^^^^^^^^^^^^^^
  File ""/usr/local/lib/python3.11/re/_parser.py"", line 464, in _parse_sub
    itemsappend(_parse(source, state, verbose, nested + 1,
                ^^^^^^^^^^^^^^^^^^^^^^^^^^^^^^^^^^^^^^^^^^
  File ""/usr/local/lib/python3.11/re/_parser.py"", line 572, in _parse
    raise source.error(""unterminated character set"",
re.error: unterminated character set at position 7","def p_err_44():
    """"""Regex search on bytes without pattern""""""
    import re
    pattern = ""invalid[pattern""
    re.compile(pattern)




def _select_errors(range_pairs):
    selected = {}
    for name, func in AI_ERRORS.items():
        idx = _err_id(name)
        if any(start <= idx <= end for start, end in range_pairs):
            selected[name] = func
    return selected


",PythonError
"2025-11-24T11:47:35.032318 [INFO] [ERROR] p_err_45: TypeError
File ""/app/errors/python/__init__.py"", line 56, in _run_error_category
    error_func()
  File ""/app/errors/python/string_errors.py"", line 143, in p_err_45
    result = s.join(123)
             ^^^^^^^^^^^
TypeError: can only join an iterable","def p_err_45():
    """"""String join on non-iterable""""""
    s = ""-""
    result = s.join(123)


# Registry
__all__ = [f'p_err_{i:02d}' for i in range(26, 46)]


def _select_errors(range_pairs):
    selected = {}
    for name, func in AI_ERRORS.items():
        idx = _err_id(name)
        if any(start <= idx <= end for start, end in range_pairs):
            selected[name] = func
    return selected


",PythonError
"2025-11-24T11:47:37.006660 [INFO] [ERROR] p_err_46: FileNotFoundError
File ""/app/errors/python/__init__.py"", line 56, in _run_error_category
    error_func()
  File ""/app/errors/python/io_errors.py"", line 21, in p_err_46
    with open(""/nonexistent/path/file.txt"", ""r"") as f:
         ^^^^^^^^^^^^^^^^^^^^^^^^^^^^^^^^^^^^^^^
FileNotFoundError: [Errno 2] No such file or directory: '/nonexistent/path/file.txt'","def p_err_46():
    """"""File not found error""""""
    with open(""/nonexistent/path/file.txt"", ""r"") as f:
        data = f.read()




def _select_errors(range_pairs):
    selected = {}
    for name, func in AI_ERRORS.items():
        idx = _err_id(name)
        if any(start <= idx <= end for start, end in range_pairs):
            selected[name] = func
    return selected


",PythonError
"2025-11-24T11:47:37.011352 [INFO] [ERROR] p_err_48: JSONDecodeError
File ""/app/errors/python/__init__.py"", line 56, in _run_error_category
    error_func()
  File ""/app/errors/python/io_errors.py"", line 45, in p_err_48
    data = json.loads(invalid_json)
           ^^^^^^^^^^^^^^^^^^^^^^^^
  File ""/usr/local/lib/python3.11/json/__init__.py"", line 346, in loads
    return _default_decoder.decode(s)
           ^^^^^^^^^^^^^^^^^^^^^^^^^^
  File ""/usr/local/lib/python3.11/json/decoder.py"", line 337, in decode
    obj, end = self.raw_decode(s, idx=_w(s, 0).end())
               ^^^^^^^^^^^^^^^^^^^^^^^^^^^^^^^^^^^^^^
  File ""/usr/local/lib/python3.11/json/decoder.py"", line 355, in raw_decode
    raise JSONDecodeError(""Expecting value"", s, err.value) from None
json.decoder.JSONDecodeError: Expecting value: line 1 column 9 (char 8)","def p_err_48():
    """"""JSON decode error""""""
    import json
    invalid_json = '{""key"": value}'
    data = json.loads(invalid_json)




def _select_errors(range_pairs):
    selected = {}
    for name, func in AI_ERRORS.items():
        idx = _err_id(name)
        if any(start <= idx <= end for start, end in range_pairs):
            selected[name] = func
    return selected


",PythonError
"2025-11-24T11:47:37.035851 [INFO] [ERROR] p_err_49: ParserError
File ""/app/errors/python/__init__.py"", line 56, in _run_error_category
    error_func()
  File ""/app/errors/python/io_errors.py"", line 55, in p_err_49
    data = yaml.safe_load(invalid_yaml)
           ^^^^^^^^^^^^^^^^^^^^^^^^^^^^
  File ""/usr/local/lib/python3.11/site-packages/yaml/__init__.py"", line 125, in safe_load
    return load(stream, SafeLoader)
           ^^^^^^^^^^^^^^^^^^^^^^^^
  File ""/usr/local/lib/python3.11/site-packages/yaml/__init__.py"", line 81, in load
    return loader.get_single_data()
           ^^^^^^^^^^^^^^^^^^^^^^^^
  File ""/usr/local/lib/python3.11/site-packages/yaml/constructor.py"", line 49, in get_single_data
    node = self.get_single_node()
           ^^^^^^^^^^^^^^^^^^^^^^
  File ""/usr/local/lib/python3.11/site-packages/yaml/composer.py"", line 39, in get_single_node
    if not self.check_event(StreamEndEvent):
           ^^^^^^^^^^^^^^^^^^^^^^^^^^^^^^^^
  File ""/usr/local/lib/python3.11/site-packages/yaml/parser.py"", line 98, in check_event
    self.current_event = self.state()
                         ^^^^^^^^^^^^
  File ""/usr/local/lib/python3.11/site-packages/yaml/parser.py"", line 171, in parse_document_start
    raise ParserError(None, None,
yaml.parser.ParserError: expected '<document start>', but found '<block mapping start>'
  in ""<unicode string>"", line 3, column 3:
      invalid: indentation
      ^","def p_err_49():
    """"""YAML parse error""""""
    import yaml
    invalid_yaml = """"""
    key: value
  invalid: indentation
    """"""
    data = yaml.safe_load(invalid_yaml)




def _select_errors(range_pairs):
    selected = {}
    for name, func in AI_ERRORS.items():
        idx = _err_id(name)
        if any(start <= idx <= end for start, end in range_pairs):
            selected[name] = func
    return selected


",PythonError
"2025-11-24T11:47:37.038120 [INFO] [ERROR] p_err_50: FileExistsError
File ""/app/errors/python/__init__.py"", line 56, in _run_error_category
    error_func()
  File ""/app/errors/python/io_errors.py"", line 70, in p_err_50
    with open(temp_file, ""x"") as f:
         ^^^^^^^^^^^^^^^^^^^^
FileExistsError: [Errno 17] File exists: '/tmp/existing_file.txt'","def p_err_50():
    """"""File already exists""""""
    import os
    import tempfile
    
    temp_dir = tempfile.gettempdir()
    temp_file = os.path.join(temp_dir, ""existing_file.txt"")
    
    with open(temp_file, ""w"") as f:
        f.write(""test"")
    
    # Try to create exclusive
    with open(temp_file, ""x"") as f:
        f.write(""new"")




def _select_errors(range_pairs):
    selected = {}
    for name, func in AI_ERRORS.items():
        idx = _err_id(name)
        if any(start <= idx <= end for start, end in range_pairs):
            selected[name] = func
    return selected


",PythonError
"2025-11-24T11:47:37.039936 [INFO] [ERROR] p_err_51: FileNotFoundError
File ""/app/errors/python/__init__.py"", line 56, in _run_error_category
    error_func()
  File ""/app/errors/python/io_errors.py"", line 76, in p_err_51
    with open(""/nonexistent/directory/file.txt"", ""w"") as f:
         ^^^^^^^^^^^^^^^^^^^^^^^^^^^^^^^^^^^^^^^^^^^^
FileNotFoundError: [Errno 2] No such file or directory: '/nonexistent/directory/file.txt'","def p_err_51():
    """"""Directory not found""""""
    with open(""/nonexistent/directory/file.txt"", ""w"") as f:
        f.write(""test"")




def _select_errors(range_pairs):
    selected = {}
    for name, func in AI_ERRORS.items():
        idx = _err_id(name)
        if any(start <= idx <= end for start, end in range_pairs):
            selected[name] = func
    return selected


",PythonError
"2025-11-24T11:47:37.042510 [INFO] [ERROR] p_err_52: ValueError
File ""/app/errors/python/__init__.py"", line 56, in _run_error_category
    error_func()
  File ""/app/errors/python/io_errors.py"", line 84, in p_err_52
    f.write(""test"")
ValueError: I/O operation on closed file.","def p_err_52():
    """"""File closed error""""""
    f = open(""test.txt"", ""w"")
    f.close()
    f.write(""test"")




def _select_errors(range_pairs):
    selected = {}
    for name, func in AI_ERRORS.items():
        idx = _err_id(name)
        if any(start <= idx <= end for start, end in range_pairs):
            selected[name] = func
    return selected


",PythonError
"2025-11-24T11:47:37.044544 [INFO] [ERROR] p_err_53: TypeError
File ""/app/errors/python/__init__.py"", line 56, in _run_error_category
    error_func()
  File ""/app/errors/python/io_errors.py"", line 91, in p_err_53
    json_str = json.dumps(data)
               ^^^^^^^^^^^^^^^^
  File ""/usr/local/lib/python3.11/json/__init__.py"", line 231, in dumps
    return _default_encoder.encode(obj)
           ^^^^^^^^^^^^^^^^^^^^^^^^^^^^
  File ""/usr/local/lib/python3.11/json/encoder.py"", line 200, in encode
    chunks = self.iterencode(o, _one_shot=True)
             ^^^^^^^^^^^^^^^^^^^^^^^^^^^^^^^^^^
  File ""/usr/local/lib/python3.11/json/encoder.py"", line 258, in iterencode
    return _iterencode(o, 0)
           ^^^^^^^^^^^^^^^^^
  File ""/usr/local/lib/python3.11/json/encoder.py"", line 180, in default
    raise TypeError(f'Object of type {o.__class__.__name__} '
TypeError: Object of type set is not JSON serializable","def p_err_53():
    """"""JSON with invalid encoding""""""
    import json
    data = {'key': set([1, 2, 3])}
    json_str = json.dumps(data)




def _select_errors(range_pairs):
    selected = {}
    for name, func in AI_ERRORS.items():
        idx = _err_id(name)
        if any(start <= idx <= end for start, end in range_pairs):
            selected[name] = func
    return selected


",PythonError
"2025-11-24T11:47:37.046190 [INFO] [ERROR] p_err_54: UnsupportedOperation
File ""/app/errors/python/__init__.py"", line 56, in _run_error_category
    error_func()
  File ""/app/errors/python/io_errors.py"", line 102, in p_err_54
    data = f.read()
           ^^^^^^^^
io.UnsupportedOperation: not readable","def p_err_54():
    """"""Read from write-only file""""""
    import tempfile
    with tempfile.NamedTemporaryFile(mode='w', delete=False) as f:
        temp_file = f.name
    
    try:
        with open(temp_file, ""w"") as f:
            data = f.read()
    finally:
        os.remove(temp_file)




def _select_errors(range_pairs):
    selected = {}
    for name, func in AI_ERRORS.items():
        idx = _err_id(name)
        if any(start <= idx <= end for start, end in range_pairs):
            selected[name] = func
    return selected


",PythonError
"2025-11-24T11:47:37.047740 [INFO] [ERROR] p_err_55: IsADirectoryError
File ""/app/errors/python/__init__.py"", line 56, in _run_error_category
    error_func()
  File ""/app/errors/python/io_errors.py"", line 111, in p_err_55
    with open(temp_dir, ""r"") as f:
         ^^^^^^^^^^^^^^^^^^^
IsADirectoryError: [Errno 21] Is a directory: '/tmp'","def p_err_55():
    """"""Directory as file""""""
    import tempfile
    temp_dir = tempfile.gettempdir()
    with open(temp_dir, ""r"") as f:
        data = f.read()




def _select_errors(range_pairs):
    selected = {}
    for name, func in AI_ERRORS.items():
        idx = _err_id(name)
        if any(start <= idx <= end for start, end in range_pairs):
            selected[name] = func
    return selected


",PythonError
"2025-11-24T11:47:37.050269 [INFO] [ERROR] p_err_56: KeyError
File ""/app/errors/python/__init__.py"", line 56, in _run_error_category
    error_func()
  File ""/app/errors/python/io_errors.py"", line 120, in p_err_56
    value = data[""missing""]
            ~~~~^^^^^^^^^^^
KeyError: 'missing'","def p_err_56():
    """"""JSON key error - missing""""""
    import json
    json_str = '{""a"": 1}'
    data = json.loads(json_str)
    value = data[""missing""]




def _select_errors(range_pairs):
    selected = {}
    for name, func in AI_ERRORS.items():
        idx = _err_id(name)
        if any(start <= idx <= end for start, end in range_pairs):
            selected[name] = func
    return selected


",PythonError
"2025-11-24T11:47:37.053847 [INFO] [ERROR] p_err_57: UnicodeDecodeError
File ""/app/errors/python/__init__.py"", line 56, in _run_error_category
    error_func()
  File ""/app/errors/python/io_errors.py"", line 133, in p_err_57
    data = f.read()
           ^^^^^^^^
  File ""/usr/local/lib/python3.11/encodings/ascii.py"", line 26, in decode
    return codecs.ascii_decode(input, self.errors)[0]
           ^^^^^^^^^^^^^^^^^^^^^^^^^^^^^^^^^^^^^^^
UnicodeDecodeError: 'ascii' codec can't decode byte 0xe4 in position 5: ordinal not in range(128)","def p_err_57():
    """"""File encoding mismatch""""""
    import tempfile
    
    with tempfile.NamedTemporaryFile(mode='w', encoding='utf-8', delete=False) as f:
        f.write(""test 你好"")
        temp_file = f.name
    
    try:
        with open(temp_file, ""r"", encoding='ascii') as f:
            data = f.read()
    finally:
        os.remove(temp_file)




def _select_errors(range_pairs):
    selected = {}
    for name, func in AI_ERRORS.items():
        idx = _err_id(name)
        if any(start <= idx <= end for start, end in range_pairs):
            selected[name] = func
    return selected


",PythonError
"2025-11-24T11:47:37.056486 [INFO] [ERROR] p_err_58: ConstructorError
File ""/app/errors/python/__init__.py"", line 56, in _run_error_category
    error_func()
  File ""/app/errors/python/io_errors.py"", line 142, in p_err_58
    data = yaml.safe_load(invalid_yaml)
           ^^^^^^^^^^^^^^^^^^^^^^^^^^^^
  File ""/usr/local/lib/python3.11/site-packages/yaml/__init__.py"", line 125, in safe_load
    return load(stream, SafeLoader)
           ^^^^^^^^^^^^^^^^^^^^^^^^
  File ""/usr/local/lib/python3.11/site-packages/yaml/__init__.py"", line 81, in load
    return loader.get_single_data()
           ^^^^^^^^^^^^^^^^^^^^^^^^
  File ""/usr/local/lib/python3.11/site-packages/yaml/constructor.py"", line 51, in get_single_data
    return self.construct_document(node)
           ^^^^^^^^^^^^^^^^^^^^^^^^^^^^^
  File ""/usr/local/lib/python3.11/site-packages/yaml/constructor.py"", line 60, in construct_document
    for dummy in generator:
  File ""/usr/local/lib/python3.11/site-packages/yaml/constructor.py"", line 413, in construct_yaml_map
    value = self.construct_mapping(node)
            ^^^^^^^^^^^^^^^^^^^^^^^^^^^^
  File ""/usr/local/lib/python3.11/site-packages/yaml/constructor.py"", line 218, in construct_mapping
    return super().construct_mapping(node, deep=deep)
           ^^^^^^^^^^^^^^^^^^^^^^^^^^^^^^^^^^^^^^^^^^
  File ""/usr/local/lib/python3.11/site-packages/yaml/constructor.py"", line 143, in construct_mapping
    value = self.construct_object(value_node, deep=deep)
            ^^^^^^^^^^^^^^^^^^^^^^^^^^^^^^^^^^^^^^^^^^^^
  File ""/usr/local/lib/python3.11/site-packages/yaml/constructor.py"", line 100, in construct_object
    data = constructor(self, node)
           ^^^^^^^^^^^^^^^^^^^^^^^
  File ""/usr/local/lib/python3.11/site-packages/yaml/constructor.py"", line 427, in construct_undefined
    raise ConstructorError(None, None,
yaml.constructor.ConstructorError: could not determine a constructor for the tag 'tag:yaml.org,2002:unknown'
  in ""<unicode string>"", line 1, column 6:
    key: !!unknown tag
         ^","def p_err_58():
    """"""YAML type error""""""
    import yaml
    invalid_yaml = ""key: !!unknown tag""
    data = yaml.safe_load(invalid_yaml)




def _select_errors(range_pairs):
    selected = {}
    for name, func in AI_ERRORS.items():
        idx = _err_id(name)
        if any(start <= idx <= end for start, end in range_pairs):
            selected[name] = func
    return selected


",PythonError
"2025-11-24T11:47:37.058686 [INFO] [ERROR] p_err_59: KeyError
File ""/app/errors/python/__init__.py"", line 56, in _run_error_category
    error_func()
  File ""/app/errors/python/io_errors.py"", line 153, in p_err_59
    value = rows[0][""missing""]
            ~~~~~~~^^^^^^^^^^^
KeyError: 'missing'","def p_err_59():
    """"""CSV parsing error""""""
    import csv
    import io
    
    csv_data = ""a,b,c\n1,2,3""
    reader = csv.DictReader(io.StringIO(csv_data))
    rows = list(reader)
    value = rows[0][""missing""]




def _select_errors(range_pairs):
    selected = {}
    for name, func in AI_ERRORS.items():
        idx = _err_id(name)
        if any(start <= idx <= end for start, end in range_pairs):
            selected[name] = func
    return selected


",PythonError
"2025-11-24T11:47:37.061572 [INFO] [ERROR] p_err_60: FileExistsError
File ""/app/errors/python/__init__.py"", line 56, in _run_error_category
    error_func()
  File ""/app/errors/python/io_errors.py"", line 163, in p_err_60
    with open(temp_file, ""x"") as f:  # x mode on existing file
         ^^^^^^^^^^^^^^^^^^^^
FileExistsError: [Errno 17] File exists: '/tmp/tmp6vqdv1ik'","def p_err_60():
    """"""File mode error""""""
    import tempfile
    with tempfile.NamedTemporaryFile(mode='w', delete=False) as f:
        temp_file = f.name
    
    try:
        with open(temp_file, ""x"") as f:  # x mode on existing file
            f.write(""test"")
    finally:
        os.remove(temp_file)




def _select_errors(range_pairs):
    selected = {}
    for name, func in AI_ERRORS.items():
        idx = _err_id(name)
        if any(start <= idx <= end for start, end in range_pairs):
            selected[name] = func
    return selected


",PythonError
"2025-11-24T11:47:37.064329 [INFO] [ERROR] p_err_61: ValueError
File ""/app/errors/python/__init__.py"", line 56, in _run_error_category
    error_func()
  File ""/app/errors/python/io_errors.py"", line 171, in p_err_61
    with open(""\x00invalid\x00path.txt"", ""r"") as f:
         ^^^^^^^^^^^^^^^^^^^^^^^^^^^^^^^^^^^^
ValueError: embedded null byte","def p_err_61():
    """"""Path error - invalid path""""""
    with open(""\x00invalid\x00path.txt"", ""r"") as f:
        data = f.read()




def _select_errors(range_pairs):
    selected = {}
    for name, func in AI_ERRORS.items():
        idx = _err_id(name)
        if any(start <= idx <= end for start, end in range_pairs):
            selected[name] = func
    return selected


",PythonError
"2025-11-24T11:47:37.073774 [INFO] [ERROR] p_err_62: ValueError
File ""/app/errors/python/__init__.py"", line 56, in _run_error_category
    error_func()
  File ""/app/errors/python/io_errors.py"", line 185, in p_err_62
    json.dumps(data)
  File ""/usr/local/lib/python3.11/json/__init__.py"", line 231, in dumps
    return _default_encoder.encode(obj)
           ^^^^^^^^^^^^^^^^^^^^^^^^^^^^
  File ""/usr/local/lib/python3.11/json/encoder.py"", line 200, in encode
    chunks = self.iterencode(o, _one_shot=True)
             ^^^^^^^^^^^^^^^^^^^^^^^^^^^^^^^^^^
  File ""/usr/local/lib/python3.11/json/encoder.py"", line 258, in iterencode
    return _iterencode(o, 0)
           ^^^^^^^^^^^^^^^^^
ValueError: Circular reference detected","def p_err_62():
    """"""JSON parse with circular reference""""""
    import json
    


def _select_errors(range_pairs):
    selected = {}
    for name, func in AI_ERRORS.items():
        idx = _err_id(name)
        if any(start <= idx <= end for start, end in range_pairs):
            selected[name] = func
    return selected


",PythonError
"2025-11-24T11:47:38.104181 [INFO] [ERROR] p_err_65: TypeError
File ""/app/errors/python/__init__.py"", line 56, in _run_error_category
    error_func()
  File ""/app/errors/python/io_errors.py"", line 225, in p_err_65
    json.dumps(data)
  File ""/usr/local/lib/python3.11/json/__init__.py"", line 231, in dumps
    return _default_encoder.encode(obj)
           ^^^^^^^^^^^^^^^^^^^^^^^^^^^^
  File ""/usr/local/lib/python3.11/json/encoder.py"", line 200, in encode
    chunks = self.iterencode(o, _one_shot=True)
             ^^^^^^^^^^^^^^^^^^^^^^^^^^^^^^^^^^
  File ""/usr/local/lib/python3.11/json/encoder.py"", line 258, in iterencode
    return _iterencode(o, 0)
           ^^^^^^^^^^^^^^^^^
  File ""/usr/local/lib/python3.11/json/encoder.py"", line 180, in default
    raise TypeError(f'Object of type {o.__class__.__name__} '
TypeError: Object of type datetime is not JSON serializable","def p_err_65():
    """"""JSON default encoder""""""
    import json
    from datetime import datetime
    
    data = {'timestamp': datetime.now()}
    json.dumps(data)


# Registry
__all__ = [f'p_err_{i:02d}' for i in range(46, 66)]


def _select_errors(range_pairs):
    selected = {}
    for name, func in AI_ERRORS.items():
        idx = _err_id(name)
        if any(start <= idx <= end for start, end in range_pairs):
            selected[name] = func
    return selected


",PythonError
"2025-11-24T11:47:40.392769 [INFO] [ERROR] p_err_66: ZeroDivisionError
File ""/app/errors/python/__init__.py"", line 56, in _run_error_category
    error_func()
  File ""/app/errors/python/arithmetic_errors.py"", line 23, in p_err_66
    result = x / y
             ~~^~~
ZeroDivisionError: division by zero","def p_err_66():
    """"""Division by zero""""""
    x = 10
    y = 0
    result = x / y




def _select_errors(range_pairs):
    selected = {}
    for name, func in AI_ERRORS.items():
        idx = _err_id(name)
        if any(start <= idx <= end for start, end in range_pairs):
            selected[name] = func
    return selected


",PythonError
"2025-11-24T11:47:40.405441 [INFO] [ERROR] p_err_67: ZeroDivisionError
File ""/app/errors/python/__init__.py"", line 56, in _run_error_category
    error_func()
  File ""/app/errors/python/arithmetic_errors.py"", line 30, in p_err_67
    result = x % y
             ~~^~~
ZeroDivisionError: integer modulo by zero","def p_err_67():
    """"""Modulo by zero""""""
    x = 10
    y = 0
    result = x % y




def _select_errors(range_pairs):
    selected = {}
    for name, func in AI_ERRORS.items():
        idx = _err_id(name)
        if any(start <= idx <= end for start, end in range_pairs):
            selected[name] = func
    return selected


",PythonError
"2025-11-24T11:47:40.412765 [INFO] [ERROR] p_err_68: ValueError
File ""/app/errors/python/__init__.py"", line 56, in _run_error_category
    error_func()
  File ""/app/errors/python/arithmetic_errors.py"", line 35, in p_err_68
    result = math.sqrt(-1)
             ^^^^^^^^^^^^^
ValueError: math domain error","def p_err_68():
    """"""Math domain error - sqrt negative""""""
    result = math.sqrt(-1)




def _select_errors(range_pairs):
    selected = {}
    for name, func in AI_ERRORS.items():
        idx = _err_id(name)
        if any(start <= idx <= end for start, end in range_pairs):
            selected[name] = func
    return selected


",PythonError
"2025-11-24T11:47:40.422990 [INFO] [ERROR] p_err_69: ValueError
File ""/app/errors/python/__init__.py"", line 56, in _run_error_category
    error_func()
  File ""/app/errors/python/arithmetic_errors.py"", line 40, in p_err_69
    result = math.log(-1)
             ^^^^^^^^^^^^
ValueError: math domain error","def p_err_69():
    """"""Math domain error - log negative""""""
    result = math.log(-1)




def _select_errors(range_pairs):
    selected = {}
    for name, func in AI_ERRORS.items():
        idx = _err_id(name)
        if any(start <= idx <= end for start, end in range_pairs):
            selected[name] = func
    return selected


",PythonError
"2025-11-24T11:47:40.426675 [INFO] [ERROR] p_err_72: TypeError
File ""/app/errors/python/__init__.py"", line 56, in _run_error_category
    error_func()
  File ""/app/errors/python/arithmetic_errors.py"", line 56, in p_err_72
    result = x & 3
             ~~^~~
TypeError: unsupported operand type(s) for &: 'float' and 'int'","def p_err_72():
    """"""Bitwise operation on float""""""
    x = 5.5
    result = x & 3




def _select_errors(range_pairs):
    selected = {}
    for name, func in AI_ERRORS.items():
        idx = _err_id(name)
        if any(start <= idx <= end for start, end in range_pairs):
            selected[name] = func
    return selected


",PythonError
"2025-11-24T11:47:40.436988 [INFO] [ERROR] p_err_73: ValueError
File ""/app/errors/python/__init__.py"", line 56, in _run_error_category
    error_func()
  File ""/app/errors/python/arithmetic_errors.py"", line 61, in p_err_73
    result = math.asin(2)
             ^^^^^^^^^^^^
ValueError: math domain error","def p_err_73():
    """"""Math domain error - asin out of range""""""
    result = math.asin(2)




def _select_errors(range_pairs):
    selected = {}
    for name, func in AI_ERRORS.items():
        idx = _err_id(name)
        if any(start <= idx <= end for start, end in range_pairs):
            selected[name] = func
    return selected


",PythonError
"2025-11-24T11:47:40.442963 [INFO] [ERROR] p_err_74: ValueError
File ""/app/errors/python/__init__.py"", line 56, in _run_error_category
    error_func()
  File ""/app/errors/python/arithmetic_errors.py"", line 66, in p_err_74
    result = math.acos(2)
             ^^^^^^^^^^^^
ValueError: math domain error","def p_err_74():
    """"""Math domain error - acos out of range""""""
    result = math.acos(2)




def _select_errors(range_pairs):
    selected = {}
    for name, func in AI_ERRORS.items():
        idx = _err_id(name)
        if any(start <= idx <= end for start, end in range_pairs):
            selected[name] = func
    return selected


",PythonError
"2025-11-24T11:47:40.447320 [INFO] [ERROR] p_err_76: TypeError
File ""/app/errors/python/__init__.py"", line 56, in _run_error_category
    error_func()
  File ""/app/errors/python/arithmetic_errors.py"", line 78, in p_err_76
    result = x / y
             ~~^~~
TypeError: unsupported operand type(s) for /: 'str' and 'int'","def p_err_76():
    """"""Division with type mismatch""""""
    x = ""10""
    y = 2
    result = x / y




def _select_errors(range_pairs):
    selected = {}
    for name, func in AI_ERRORS.items():
        idx = _err_id(name)
        if any(start <= idx <= end for start, end in range_pairs):
            selected[name] = func
    return selected


",PythonError
"2025-11-24T11:47:40.460940 [INFO] [ERROR] p_err_77: ValueError
File ""/app/errors/python/__init__.py"", line 56, in _run_error_category
    error_func()
  File ""/app/errors/python/arithmetic_errors.py"", line 83, in p_err_77
    result = math.factorial(-1)
             ^^^^^^^^^^^^^^^^^^
ValueError: factorial() not defined for negative values","def p_err_77():
    """"""Factorial of negative number""""""
    result = math.factorial(-1)




def _select_errors(range_pairs):
    selected = {}
    for name, func in AI_ERRORS.items():
        idx = _err_id(name)
        if any(start <= idx <= end for start, end in range_pairs):
            selected[name] = func
    return selected


",PythonError
"2025-11-24T11:47:40.464311 [INFO] [ERROR] p_err_80: TypeError
File ""/app/errors/python/__init__.py"", line 56, in _run_error_category
    error_func()
  File ""/app/errors/python/arithmetic_errors.py"", line 98, in p_err_80
    result = math.gcd(5.5, 10)
             ^^^^^^^^^^^^^^^^^
TypeError: 'float' object cannot be interpreted as an integer","def p_err_80():
    """"""Gcd with non-integer""""""
    result = math.gcd(5.5, 10)




def _select_errors(range_pairs):
    selected = {}
    for name, func in AI_ERRORS.items():
        idx = _err_id(name)
        if any(start <= idx <= end for start, end in range_pairs):
            selected[name] = func
    return selected


",PythonError
"2025-11-24T11:47:40.469298 [INFO] [ERROR] p_err_81: ValueError
File ""/app/errors/python/__init__.py"", line 56, in _run_error_category
    error_func()
  File ""/app/errors/python/arithmetic_errors.py"", line 104, in p_err_81
    result = format(x, 'b100')  # Invalid format spec
             ^^^^^^^^^^^^^^^^^
ValueError: Invalid format specifier 'b100' for object of type 'int'","def p_err_81():
    """"""Base conversion with invalid base""""""
    x = 255
    result = format(x, 'b100')  # Invalid format spec




def _select_errors(range_pairs):
    selected = {}
    for name, func in AI_ERRORS.items():
        idx = _err_id(name)
        if any(start <= idx <= end for start, end in range_pairs):
            selected[name] = func
    return selected


",PythonError
"2025-11-24T11:47:40.473104 [INFO] [ERROR] p_err_82: ValueError
File ""/app/errors/python/__init__.py"", line 56, in _run_error_category
    error_func()
  File ""/app/errors/python/arithmetic_errors.py"", line 109, in p_err_82
    x = int(""ZZZ"", 2)  # Invalid for base 2
        ^^^^^^^^^^^^^
ValueError: invalid literal for int() with base 2: 'ZZZ'","def p_err_82():
    """"""Radix conversion error""""""
    x = int(""ZZZ"", 2)  # Invalid for base 2




def _select_errors(range_pairs):
    selected = {}
    for name, func in AI_ERRORS.items():
        idx = _err_id(name)
        if any(start <= idx <= end for start, end in range_pairs):
            selected[name] = func
    return selected


",PythonError
"2025-11-24T11:47:40.476070 [INFO] [ERROR] p_err_84: ZeroDivisionError
File ""/app/errors/python/__init__.py"", line 56, in _run_error_category
    error_func()
  File ""/app/errors/python/arithmetic_errors.py"", line 121, in p_err_84
    result = 0 ** (-1)
             ~~^^~~~~~
ZeroDivisionError: 0.0 cannot be raised to a negative power","def p_err_84():
    """"""Zero to negative power""""""
    result = 0 ** (-1)




def _select_errors(range_pairs):
    selected = {}
    for name, func in AI_ERRORS.items():
        idx = _err_id(name)
        if any(start <= idx <= end for start, end in range_pairs):
            selected[name] = func
    return selected


",PythonError
"2025-11-24T11:47:43.545483 [INFO] [ERROR] p_err_100: TypeError
File ""/app/errors/python/__init__.py"", line 56, in _run_error_category
    error_func()
  File ""/app/errors/python/iteration_errors.py"", line 125, in p_err_100
    result = sorted([1, ""two"", 3.0])
             ^^^^^^^^^^^^^^^^^^^^^^^
TypeError: '<' not supported between instances of 'str' and 'int'","def p_err_100():
    """"""Sorted on incompatible types""""""
    result = sorted([1, ""two"", 3.0])


# Registry
__all__ = [f'p_err_{i:02d}' for i in range(86, 101)]


def _select_errors(range_pairs):
    selected = {}
    for name, func in AI_ERRORS.items():
        idx = _err_id(name)
        if any(start <= idx <= end for start, end in range_pairs):
            selected[name] = func
    return selected


",PythonError
"2025-11-24T11:47:43.550429 [INFO] [ERROR] p_err_86: StopIteration
File ""/app/errors/python/__init__.py"", line 56, in _run_error_category
    error_func()
  File ""/app/errors/python/iteration_errors.py"", line 28, in p_err_86
    next(g)
StopIteration","def p_err_86():
    """"""Generator exhaustion""""""


def _select_errors(range_pairs):
    selected = {}
    for name, func in AI_ERRORS.items():
        idx = _err_id(name)
        if any(start <= idx <= end for start, end in range_pairs):
            selected[name] = func
    return selected


",PythonError
"2025-11-24T11:47:43.553601 [INFO] [ERROR] p_err_87: ValueError
File ""/app/errors/python/__init__.py"", line 56, in _run_error_category
    error_func()
  File ""/app/errors/python/iteration_errors.py"", line 33, in p_err_87
    for x, y, z in [[1, 2]]:
        ^^^^^^^
ValueError: not enough values to unpack (expected 3, got 2)","def p_err_87():
    """"""Loop unpacking error""""""
    for x, y, z in [[1, 2]]:
        pass




def _select_errors(range_pairs):
    selected = {}
    for name, func in AI_ERRORS.items():
        idx = _err_id(name)
        if any(start <= idx <= end for start, end in range_pairs):
            selected[name] = func
    return selected


",PythonError
"2025-11-24T11:47:43.555826 [INFO] [ERROR] p_err_88: TypeError
File ""/app/errors/python/__init__.py"", line 56, in _run_error_category
    error_func()
  File ""/app/errors/python/iteration_errors.py"", line 39, in p_err_88
    for idx in enumerate(123):
               ^^^^^^^^^^^^^^
TypeError: 'int' object is not iterable","def p_err_88():
    """"""Enumerate type error""""""
    for idx in enumerate(123):
        pass




def _select_errors(range_pairs):
    selected = {}
    for name, func in AI_ERRORS.items():
        idx = _err_id(name)
        if any(start <= idx <= end for start, end in range_pairs):
            selected[name] = func
    return selected


",PythonError
"2025-11-24T11:47:43.558044 [INFO] [ERROR] p_err_89: TypeError
File ""/app/errors/python/__init__.py"", line 56, in _run_error_category
    error_func()
  File ""/app/errors/python/iteration_errors.py"", line 49, in p_err_89
    for item in obj:
TypeError: 'NotIterator' object is not iterable","def p_err_89():
    """"""Iterator without __iter__""""""


def _select_errors(range_pairs):
    selected = {}
    for name, func in AI_ERRORS.items():
        idx = _err_id(name)
        if any(start <= idx <= end for start, end in range_pairs):
            selected[name] = func
    return selected


",PythonError
"2025-11-24T11:47:43.560407 [INFO] [ERROR] p_err_90: TypeError
File ""/app/errors/python/__init__.py"", line 56, in _run_error_category
    error_func()
  File ""/app/errors/python/iteration_errors.py"", line 60, in p_err_90
    next(it)
TypeError: 'BadIterator' object is not an iterator","def p_err_90():
    """"""Iterator without __next__""""""


def _select_errors(range_pairs):
    selected = {}
    for name, func in AI_ERRORS.items():
        idx = _err_id(name)
        if any(start <= idx <= end for start, end in range_pairs):
            selected[name] = func
    return selected


",PythonError
"2025-11-24T11:47:43.573999 [INFO] [ERROR] p_err_91: RecursionError
File ""/app/errors/python/__init__.py"", line 56, in _run_error_category
    error_func()
  File ""/app/errors/python/iteration_errors.py"", line 68, in p_err_91
    recursive()
  File ""/app/errors/python/iteration_errors.py"", line 66, in recursive
    return recursive()
           ^^^^^^^^^^^
  File ""/app/errors/python/iteration_errors.py"", line 66, in recursive
    return recursive()
           ^^^^^^^^^^^
  File ""/app/errors/python/iteration_errors.py"", line 66, in recursive
    return recursive()
           ^^^^^^^^^^^
  [Previous line repeated 990 more times]
RecursionError: maximum recursion depth exceeded","    def recursive():
        return recursive()
    
    recursive()




    def recursive():
        return recursive()
    
    recursive()




    def recursive():
        return recursive()
    
    recursive()




def p_err_91():
    """"""Recursion limit exceeded""""""


def _select_errors(range_pairs):
    selected = {}
    for name, func in AI_ERRORS.items():
        idx = _err_id(name)
        if any(start <= idx <= end for start, end in range_pairs):
            selected[name] = func
    return selected


",PythonError
"2025-11-24T11:47:43.576068 [INFO] [ERROR] p_err_92: TypeError
File ""/app/errors/python/__init__.py"", line 56, in _run_error_category
    error_func()
  File ""/app/errors/python/iteration_errors.py"", line 76, in p_err_92
    with BadContext():
TypeError: 'BadContext' object does not support the context manager protocol","def p_err_92():
    """"""Context manager missing __enter__""""""


def _select_errors(range_pairs):
    selected = {}
    for name, func in AI_ERRORS.items():
        idx = _err_id(name)
        if any(start <= idx <= end for start, end in range_pairs):
            selected[name] = func
    return selected


",PythonError
"2025-11-24T11:47:43.577650 [INFO] [ERROR] p_err_93: TypeError
File ""/app/errors/python/__init__.py"", line 56, in _run_error_category
    error_func()
  File ""/app/errors/python/iteration_errors.py"", line 86, in p_err_93
    with BadContext():
TypeError: 'BadContext' object does not support the context manager protocol (missed __exit__ method)","def p_err_93():
    """"""Context manager missing __exit__""""""


def _select_errors(range_pairs):
    selected = {}
    for name, func in AI_ERRORS.items():
        idx = _err_id(name)
        if any(start <= idx <= end for start, end in range_pairs):
            selected[name] = func
    return selected


",PythonError
"2025-11-24T11:47:43.579148 [INFO] [ERROR] p_err_94: TypeError
File ""/app/errors/python/__init__.py"", line 56, in _run_error_category
    error_func()
  File ""/app/errors/python/iteration_errors.py"", line 92, in p_err_94
    for item in 123:
TypeError: 'int' object is not iterable","def p_err_94():
    """"""For loop with non-iterable""""""
    for item in 123:
        pass




def _select_errors(range_pairs):
    selected = {}
    for name, func in AI_ERRORS.items():
        idx = _err_id(name)
        if any(start <= idx <= end for start, end in range_pairs):
            selected[name] = func
    return selected


",PythonError
"2025-11-24T11:47:43.580545 [INFO] [ERROR] p_err_95: TypeError
File ""/app/errors/python/__init__.py"", line 56, in _run_error_category
    error_func()
  File ""/app/errors/python/iteration_errors.py"", line 98, in p_err_95
    for idx, item in enumerate(None):
                     ^^^^^^^^^^^^^^^
TypeError: 'NoneType' object is not iterable","def p_err_95():
    """"""Enumerate on non-iterable""""""
    for idx, item in enumerate(None):
        pass




def _select_errors(range_pairs):
    selected = {}
    for name, func in AI_ERRORS.items():
        idx = _err_id(name)
        if any(start <= idx <= end for start, end in range_pairs):
            selected[name] = func
    return selected


",PythonError
"2025-11-24T11:47:43.583668 [INFO] [ERROR] p_err_96: TypeError
File ""/app/errors/python/__init__.py"", line 56, in _run_error_category
    error_func()
  File ""/app/errors/python/iteration_errors.py"", line 104, in p_err_96
    for a, b in zip([1, 2], None):
                ^^^^^^^^^^^^^^^^^
TypeError: 'NoneType' object is not iterable","def p_err_96():
    """"""Zip on non-iterable""""""
    for a, b in zip([1, 2], None):
        pass




def _select_errors(range_pairs):
    selected = {}
    for name, func in AI_ERRORS.items():
        idx = _err_id(name)
        if any(start <= idx <= end for start, end in range_pairs):
            selected[name] = func
    return selected


",PythonError
"2025-11-24T11:47:43.585778 [INFO] [ERROR] p_err_97: TypeError
File ""/app/errors/python/__init__.py"", line 56, in _run_error_category
    error_func()
  File ""/app/errors/python/iteration_errors.py"", line 110, in p_err_97
    result = list(map(str, None))
                  ^^^^^^^^^^^^^^
TypeError: 'NoneType' object is not iterable","def p_err_97():
    """"""Map on non-iterable""""""
    result = list(map(str, None))




def _select_errors(range_pairs):
    selected = {}
    for name, func in AI_ERRORS.items():
        idx = _err_id(name)
        if any(start <= idx <= end for start, end in range_pairs):
            selected[name] = func
    return selected


",PythonError
"2025-11-24T11:47:43.587553 [INFO] [ERROR] p_err_98: TypeError
File ""/app/errors/python/__init__.py"", line 56, in _run_error_category
    error_func()
  File ""/app/errors/python/iteration_errors.py"", line 115, in p_err_98
    result = list(filter(None, 123))
                  ^^^^^^^^^^^^^^^^^
TypeError: 'int' object is not iterable","def p_err_98():
    """"""Filter on non-iterable""""""
    result = list(filter(None, 123))




def _select_errors(range_pairs):
    selected = {}
    for name, func in AI_ERRORS.items():
        idx = _err_id(name)
        if any(start <= idx <= end for start, end in range_pairs):
            selected[name] = func
    return selected


",PythonError
"2025-11-24T11:47:43.588808 [INFO] [ERROR] p_err_99: TypeError
File ""/app/errors/python/__init__.py"", line 56, in _run_error_category
    error_func()
  File ""/app/errors/python/iteration_errors.py"", line 120, in p_err_99
    result = list(reversed(123))
                  ^^^^^^^^^^^^^
TypeError: 'int' object is not reversible","def p_err_99():
    """"""Reversed on non-iterable""""""
    result = list(reversed(123))




def _select_errors(range_pairs):
    selected = {}
    for name, func in AI_ERRORS.items():
        idx = _err_id(name)
        if any(start <= idx <= end for start, end in range_pairs):
            selected[name] = func
    return selected


",PythonError
"2025-11-24T11:47:46.445541 [INFO] [ERROR] p_err_101: TypeError
File ""/app/errors/python/__init__.py"", line 56, in _run_error_category
    error_func()
  File ""/app/errors/python/advanced_errors.py"", line 26, in p_err_101
    combo = value_left + value_right  # noqa: F841
            ~~~~~~~~~~~^~~~~~~~~~~~~
TypeError: unsupported operand type(s) for +: 'int' and 'str'","def p_err_101():
    """"""TypeError: unsupported operand types for +""""""
    value_left = 10
    value_right = ""ten""
    combo = value_left + value_right  # noqa: F841




def _select_errors(range_pairs):
    selected = {}
    for name, func in AI_ERRORS.items():
        idx = _err_id(name)
        if any(start <= idx <= end for start, end in range_pairs):
            selected[name] = func
    return selected


",PythonError
"2025-11-24T11:47:46.451782 [INFO] [ERROR] p_err_102: AttributeError
File ""/app/errors/python/__init__.py"", line 56, in _run_error_category
    error_func()
  File ""/app/errors/python/advanced_errors.py"", line 32, in p_err_102
    number_object.append(1)  # noqa: F841
    ^^^^^^^^^^^^^^^^^^^^
AttributeError: 'int' object has no attribute 'append'","def p_err_102():
    """"""AttributeError: calling list-only method on int""""""
    number_object = 42
    number_object.append(1)  # noqa: F841




def _select_errors(range_pairs):
    selected = {}
    for name, func in AI_ERRORS.items():
        idx = _err_id(name)
        if any(start <= idx <= end for start, end in range_pairs):
            selected[name] = func
    return selected


",PythonError
"2025-11-24T11:47:46.454805 [INFO] [ERROR] p_err_103: ValueError
File ""/app/errors/python/__init__.py"", line 56, in _run_error_category
    error_func()
  File ""/app/errors/python/advanced_errors.py"", line 38, in p_err_103
    result_int = int(numeric_string)  # noqa: F841
                 ^^^^^^^^^^^^^^^^^^^
ValueError: invalid literal for int() with base 10: 'xyz123'","def p_err_103():
    """"""ValueError: invalid literal for int()""""""
    numeric_string = ""xyz123""
    result_int = int(numeric_string)  # noqa: F841




def _select_errors(range_pairs):
    selected = {}
    for name, func in AI_ERRORS.items():
        idx = _err_id(name)
        if any(start <= idx <= end for start, end in range_pairs):
            selected[name] = func
    return selected


",PythonError
"2025-11-24T11:47:46.458032 [INFO] [ERROR] p_err_104: KeyError
File ""/app/errors/python/__init__.py"", line 56, in _run_error_category
    error_func()
  File ""/app/errors/python/advanced_errors.py"", line 44, in p_err_104
    missing = data_map[""gamma""]  # noqa: F841
              ~~~~~~~~^^^^^^^^^
KeyError: 'gamma'","def p_err_104():
    """"""KeyError: dictionary missing key""""""
    data_map = {""alpha"": 1, ""beta"": 2}
    missing = data_map[""gamma""]  # noqa: F841




def _select_errors(range_pairs):
    selected = {}
    for name, func in AI_ERRORS.items():
        idx = _err_id(name)
        if any(start <= idx <= end for start, end in range_pairs):
            selected[name] = func
    return selected


",PythonError
"2025-11-24T11:47:46.460522 [INFO] [ERROR] p_err_105: IndexError
File ""/app/errors/python/__init__.py"", line 56, in _run_error_category
    error_func()
  File ""/app/errors/python/advanced_errors.py"", line 50, in p_err_105
    out_of_bounds = collection[10]  # noqa: F841
                    ~~~~~~~~~~^^^^
IndexError: list index out of range","def p_err_105():
    """"""IndexError: list index out of range""""""
    collection = [0, 1, 2]
    out_of_bounds = collection[10]  # noqa: F841




def _select_errors(range_pairs):
    selected = {}
    for name, func in AI_ERRORS.items():
        idx = _err_id(name)
        if any(start <= idx <= end for start, end in range_pairs):
            selected[name] = func
    return selected


",PythonError
"2025-11-24T11:47:46.462278 [INFO] [ERROR] p_err_106: ZeroDivisionError
File ""/app/errors/python/__init__.py"", line 56, in _run_error_category
    error_func()
  File ""/app/errors/python/advanced_errors.py"", line 57, in p_err_106
    quotient_value = numerator_value / denominator_value  # noqa: F841
                     ~~~~~~~~~~~~~~~~^~~~~~~~~~~~~~~~~~~
ZeroDivisionError: division by zero","def p_err_106():
    """"""ZeroDivisionError: division by zero""""""
    numerator_value = 7
    denominator_value = 0
    quotient_value = numerator_value / denominator_value  # noqa: F841




def _select_errors(range_pairs):
    selected = {}
    for name, func in AI_ERRORS.items():
        idx = _err_id(name)
        if any(start <= idx <= end for start, end in range_pairs):
            selected[name] = func
    return selected


",PythonError
"2025-11-24T11:47:46.463989 [INFO] [ERROR] p_err_107: FileNotFoundError
File ""/app/errors/python/__init__.py"", line 56, in _run_error_category
    error_func()
  File ""/app/errors/python/advanced_errors.py"", line 62, in p_err_107
    with open(""non_existing_advanced_107.txt"", ""r"", encoding=""utf8"") as f:
         ^^^^^^^^^^^^^^^^^^^^^^^^^^^^^^^^^^^^^^^^^^^^^^^^^^^^^^^^^^^
FileNotFoundError: [Errno 2] No such file or directory: 'non_existing_advanced_107.txt'","def p_err_107():
    """"""FileNotFoundError: opening non-existing file""""""
    with open(""non_existing_advanced_107.txt"", ""r"", encoding=""utf8"") as f:
        content_data = f.read()  # noqa: F841




def _select_errors(range_pairs):
    selected = {}
    for name, func in AI_ERRORS.items():
        idx = _err_id(name)
        if any(start <= idx <= end for start, end in range_pairs):
            selected[name] = func
    return selected


",PythonError
"2025-11-24T11:47:46.472229 [INFO] [ERROR] p_err_108: JSONDecodeError
File ""/app/errors/python/__init__.py"", line 56, in _run_error_category
    error_func()
  File ""/app/errors/python/advanced_errors.py"", line 69, in p_err_108
    parsed_result = json.loads(broken_json)  # noqa: F841
                    ^^^^^^^^^^^^^^^^^^^^^^^
  File ""/usr/local/lib/python3.11/json/__init__.py"", line 346, in loads
    return _default_decoder.decode(s)
           ^^^^^^^^^^^^^^^^^^^^^^^^^^
  File ""/usr/local/lib/python3.11/json/decoder.py"", line 337, in decode
    obj, end = self.raw_decode(s, idx=_w(s, 0).end())
               ^^^^^^^^^^^^^^^^^^^^^^^^^^^^^^^^^^^^^^
  File ""/usr/local/lib/python3.11/json/decoder.py"", line 353, in raw_decode
    obj, end = self.scan_once(s, idx)
               ^^^^^^^^^^^^^^^^^^^^^^
json.decoder.JSONDecodeError: Expecting property name enclosed in double quotes: line 1 column 2 (char 1)","def p_err_108():
    """"""JSONDecodeError: invalid JSON string""""""
    broken_json = ""{invalid json: true""
    parsed_result = json.loads(broken_json)  # noqa: F841




def _select_errors(range_pairs):
    selected = {}
    for name, func in AI_ERRORS.items():
        idx = _err_id(name)
        if any(start <= idx <= end for start, end in range_pairs):
            selected[name] = func
    return selected


",PythonError
"2025-11-24T11:47:46.474222 [INFO] [ERROR] p_err_109: AssertionError
File ""/app/errors/python/__init__.py"", line 56, in _run_error_category
    error_func()
  File ""/app/errors/python/advanced_errors.py"", line 75, in p_err_109
    assert item_count == 10, ""Item count mismatch""
           ^^^^^^^^^^^^^^^^
AssertionError: Item count mismatch","def p_err_109():
    """"""AssertionError: manual assertion failure""""""
    item_count = 5
    assert item_count == 10, ""Item count mismatch""




def _select_errors(range_pairs):
    selected = {}
    for name, func in AI_ERRORS.items():
        idx = _err_id(name)
        if any(start <= idx <= end for start, end in range_pairs):
            selected[name] = func
    return selected


",PythonError
"2025-11-24T11:47:46.476019 [INFO] [ERROR] p_err_110: TypeError
File ""/app/errors/python/__init__.py"", line 56, in _run_error_category
    error_func()
  File ""/app/errors/python/advanced_errors.py"", line 84, in p_err_110
    computed = helper_function(1)  # noqa: F841
               ^^^^^^^^^^^^^^^^^^
TypeError: p_err_110.<locals>.helper_function() missing 1 required positional argument: 'b'","def p_err_110():
    """"""TypeError: wrong number of arguments to function""""""



def _select_errors(range_pairs):
    selected = {}
    for name, func in AI_ERRORS.items():
        idx = _err_id(name)
        if any(start <= idx <= end for start, end in range_pairs):
            selected[name] = func
    return selected


",PythonError
"2025-11-24T11:47:46.478316 [INFO] [ERROR] p_err_111: ModuleNotFoundError
File ""/app/errors/python/__init__.py"", line 56, in _run_error_category
    error_func()
  File ""/app/errors/python/advanced_errors.py"", line 89, in p_err_111
    __import__(""non_existing_advanced_module_111"")
ModuleNotFoundError: No module named 'non_existing_advanced_module_111'","def p_err_111():
    """"""ImportError: importing non-existing module""""""
    __import__(""non_existing_advanced_module_111"")




def _select_errors(range_pairs):
    selected = {}
    for name, func in AI_ERRORS.items():
        idx = _err_id(name)
        if any(start <= idx <= end for start, end in range_pairs):
            selected[name] = func
    return selected


",PythonError
"2025-11-24T11:47:46.480088 [INFO] [ERROR] p_err_112: UnicodeDecodeError
File ""/app/errors/python/__init__.py"", line 56, in _run_error_category
    error_func()
  File ""/app/errors/python/advanced_errors.py"", line 95, in p_err_112
    decoded_value = raw_bytes.decode(""utf-8"")  # noqa: F841
                    ^^^^^^^^^^^^^^^^^^^^^^^^^
UnicodeDecodeError: 'utf-8' codec can't decode byte 0xff in position 0: invalid start byte","def p_err_112():
    """"""UnicodeDecodeError: decoding bytes with wrong codec""""""
    raw_bytes = b""\xff\xfe\xfa""
    decoded_value = raw_bytes.decode(""utf-8"")  # noqa: F841




def _select_errors(range_pairs):
    selected = {}
    for name, func in AI_ERRORS.items():
        idx = _err_id(name)
        if any(start <= idx <= end for start, end in range_pairs):
            selected[name] = func
    return selected


",PythonError
"2025-11-24T11:47:46.491756 [INFO] [ERROR] p_err_113: UnicodeEncodeError
File ""/app/errors/python/__init__.py"", line 56, in _run_error_category
    error_func()
  File ""/app/errors/python/advanced_errors.py"", line 101, in p_err_113
    encoded_bytes = unicode_text.encode(""ascii"")  # noqa: F841
                    ^^^^^^^^^^^^^^^^^^^^^^^^^^^^
UnicodeEncodeError: 'ascii' codec can't encode character '\u20ac' in position 9: ordinal not in range(128)","def p_err_113():
    """"""UnicodeEncodeError: encoding non-ASCII to ASCII""""""
    unicode_text = ""price: 10€""
    encoded_bytes = unicode_text.encode(""ascii"")  # noqa: F841




def _select_errors(range_pairs):
    selected = {}
    for name, func in AI_ERRORS.items():
        idx = _err_id(name)
        if any(start <= idx <= end for start, end in range_pairs):
            selected[name] = func
    return selected


",PythonError
"2025-11-24T11:47:46.494251 [INFO] [ERROR] p_err_114: IsADirectoryError
File ""/app/errors/python/__init__.py"", line 56, in _run_error_category
    error_func()
  File ""/app/errors/python/advanced_errors.py"", line 106, in p_err_114
    handle = open(""."", ""r"")  # noqa: F841
             ^^^^^^^^^^^^^^
IsADirectoryError: [Errno 21] Is a directory: '.'","def p_err_114():
    """"""IsADirectoryError: trying to open directory as file""""""
    handle = open(""."", ""r"")  # noqa: F841




def _select_errors(range_pairs):
    selected = {}
    for name, func in AI_ERRORS.items():
        idx = _err_id(name)
        if any(start <= idx <= end for start, end in range_pairs):
            selected[name] = func
    return selected


",PythonError
"2025-11-24T11:47:46.496784 [INFO] [ERROR] p_err_115: FileNotFoundError
File ""/app/errors/python/__init__.py"", line 56, in _run_error_category
    error_func()
  File ""/app/errors/python/advanced_errors.py"", line 113, in p_err_115
    os.remove(""non_existing_advanced_115.tmp"")
FileNotFoundError: [Errno 2] No such file or directory: 'non_existing_advanced_115.tmp'","def p_err_115():
    """"""OSError: invalid file operation on path""""""
    # Trying to remove a file that is very unlikely to exist
    import os
    os.remove(""non_existing_advanced_115.tmp"")




def _select_errors(range_pairs):
    selected = {}
    for name, func in AI_ERRORS.items():
        idx = _err_id(name)
        if any(start <= idx <= end for start, end in range_pairs):
            selected[name] = func
    return selected


",PythonError
"2025-11-24T11:47:46.518507 [INFO] [ERROR] p_err_116: RecursionError
File ""/app/errors/python/__init__.py"", line 56, in _run_error_category
    error_func()
  File ""/app/errors/python/advanced_errors.py"", line 122, in p_err_116
    recursive_call(0)
  File ""/app/errors/python/advanced_errors.py"", line 120, in recursive_call
    return recursive_call(level + 1)
           ^^^^^^^^^^^^^^^^^^^^^^^^^
  File ""/app/errors/python/advanced_errors.py"", line 120, in recursive_call
    return recursive_call(level + 1)
           ^^^^^^^^^^^^^^^^^^^^^^^^^
  File ""/app/errors/python/advanced_errors.py"", line 120, in recursive_call
    return recursive_call(level + 1)
           ^^^^^^^^^^^^^^^^^^^^^^^^^
  [Previous line repeated 990 more times]
RecursionError: maximum recursion depth exceeded","    def recursive_call(level):
        return recursive_call(level + 1)

    recursive_call(0)




    def recursive_call(level):
        return recursive_call(level + 1)

    recursive_call(0)




    def recursive_call(level):
        return recursive_call(level + 1)

    recursive_call(0)




def p_err_116():
    """"""RecursionError: maximum recursion depth exceeded""""""



def _select_errors(range_pairs):
    selected = {}
    for name, func in AI_ERRORS.items():
        idx = _err_id(name)
        if any(start <= idx <= end for start, end in range_pairs):
            selected[name] = func
    return selected


",PythonError
"2025-11-24T11:47:46.521017 [INFO] [ERROR] p_err_117: RuntimeError
File ""/app/errors/python/__init__.py"", line 56, in _run_error_category
    error_func()
  File ""/app/errors/python/advanced_errors.py"", line 127, in p_err_117
    raise RuntimeError(""Advanced runtime failure in p_err_117"")
RuntimeError: Advanced runtime failure in p_err_117","def p_err_117():
    """"""RuntimeError: explicit runtime error""""""
    raise RuntimeError(""Advanced runtime failure in p_err_117"")




def _select_errors(range_pairs):
    selected = {}
    for name, func in AI_ERRORS.items():
        idx = _err_id(name)
        if any(start <= idx <= end for start, end in range_pairs):
            selected[name] = func
    return selected


",PythonError
"2025-11-24T11:47:46.522927 [INFO] [ERROR] p_err_118: NameError
File ""/app/errors/python/__init__.py"", line 56, in _run_error_category
    error_func()
  File ""/app/errors/python/advanced_errors.py"", line 132, in p_err_118
    value_result = undefined_advanced_variable_118  # noqa: F821,F841
                   ^^^^^^^^^^^^^^^^^^^^^^^^^^^^^^^
NameError: name 'undefined_advanced_variable_118' is not defined","def p_err_118():
    """"""NameError: using undefined variable""""""
    value_result = undefined_advanced_variable_118  # noqa: F821,F841




def _select_errors(range_pairs):
    selected = {}
    for name, func in AI_ERRORS.items():
        idx = _err_id(name)
        if any(start <= idx <= end for start, end in range_pairs):
            selected[name] = func
    return selected


",PythonError
"2025-11-24T11:47:46.525017 [INFO] [ERROR] p_err_120: TypeError
File ""/app/errors/python/__init__.py"", line 56, in _run_error_category
    error_func()
  File ""/app/errors/python/advanced_errors.py"", line 149, in p_err_120
    value_item = sequence_items[""index""]  # noqa: F841
                 ~~~~~~~~~~~~~~^^^^^^^^^
TypeError: list indices must be integers or slices, not str","def p_err_120():
    """"""TypeError: list indices must be integers, not string""""""
    sequence_items = [10, 20, 30]
    value_item = sequence_items[""index""]  # noqa: F841




def _select_errors(range_pairs):
    selected = {}
    for name, func in AI_ERRORS.items():
        idx = _err_id(name)
        if any(start <= idx <= end for start, end in range_pairs):
            selected[name] = func
    return selected


",PythonError
"2025-11-24T11:47:46.526873 [INFO] [ERROR] p_err_121: StopIteration
File ""/app/errors/python/__init__.py"", line 56, in _run_error_category
    error_func()
  File ""/app/errors/python/advanced_errors.py"", line 155, in p_err_121
    item_val = next(iterator_obj)  # noqa: F841
               ^^^^^^^^^^^^^^^^^^
StopIteration","def p_err_121():
    """"""StopIteration: next() on exhausted iterator""""""
    iterator_obj = iter([])
    item_val = next(iterator_obj)  # noqa: F841




def _select_errors(range_pairs):
    selected = {}
    for name, func in AI_ERRORS.items():
        idx = _err_id(name)
        if any(start <= idx <= end for start, end in range_pairs):
            selected[name] = func
    return selected


",PythonError
"2025-11-24T11:47:46.534224 [INFO] [ERROR] p_err_122: ValueError
File ""/app/errors/python/__init__.py"", line 56, in _run_error_category
    error_func()
  File ""/app/errors/python/advanced_errors.py"", line 161, in p_err_122
    first_val, second_val = pair_values  # noqa: F841
    ^^^^^^^^^^^^^^^^^^^^^
ValueError: not enough values to unpack (expected 2, got 1)","def p_err_122():
    """"""ValueError: not enough values to unpack""""""
    pair_values = [1]
    first_val, second_val = pair_values  # noqa: F841




def _select_errors(range_pairs):
    selected = {}
    for name, func in AI_ERRORS.items():
        idx = _err_id(name)
        if any(start <= idx <= end for start, end in range_pairs):
            selected[name] = func
    return selected


",PythonError
"2025-11-24T11:47:46.536214 [INFO] [ERROR] p_err_123: OverflowError
File ""/app/errors/python/__init__.py"", line 56, in _run_error_category
    error_func()
  File ""/app/errors/python/advanced_errors.py"", line 166, in p_err_123
    huge_exp = math.exp(1000)  # noqa: F841
               ^^^^^^^^^^^^^^
OverflowError: math range error","def p_err_123():
    """"""OverflowError: math range error""""""
    huge_exp = math.exp(1000)  # noqa: F841




def _select_errors(range_pairs):
    selected = {}
    for name, func in AI_ERRORS.items():
        idx = _err_id(name)
        if any(start <= idx <= end for start, end in range_pairs):
            selected[name] = func
    return selected


",PythonError
"2025-11-24T11:47:46.537929 [INFO] [ERROR] p_err_124: TypeError
File ""/app/errors/python/__init__.py"", line 56, in _run_error_category
    error_func()
  File ""/app/errors/python/advanced_errors.py"", line 172, in p_err_124
    result_call = callable_like()  # noqa: F841
                  ^^^^^^^^^^^^^^^
TypeError: 'int' object is not callable","def p_err_124():
    """"""TypeError: calling non-callable object""""""
    callable_like = 42
    result_call = callable_like()  # noqa: F841




def _select_errors(range_pairs):
    selected = {}
    for name, func in AI_ERRORS.items():
        idx = _err_id(name)
        if any(start <= idx <= end for start, end in range_pairs):
            selected[name] = func
    return selected


",PythonError
"2025-11-24T11:47:46.539588 [INFO] [ERROR] p_err_125: KeyError
File ""/app/errors/python/__init__.py"", line 56, in _run_error_category
    error_func()
  File ""/app/errors/python/advanced_errors.py"", line 178, in p_err_125
    removed_value = storage_map.pop(""missing-key"")  # noqa: F841
                    ^^^^^^^^^^^^^^^^^^^^^^^^^^^^^^
KeyError: 'missing-key'","def p_err_125():
    """"""KeyError: popping missing key from dictionary""""""
    storage_map = {""one"": 1}
    removed_value = storage_map.pop(""missing-key"")  # noqa: F841




def _select_errors(range_pairs):
    selected = {}
    for name, func in AI_ERRORS.items():
        idx = _err_id(name)
        if any(start <= idx <= end for start, end in range_pairs):
            selected[name] = func
    return selected


",PythonError
"2025-11-24T11:47:46.541380 [INFO] [ERROR] p_err_126: IndexError
File ""/app/errors/python/__init__.py"", line 56, in _run_error_category
    error_func()
  File ""/app/errors/python/advanced_errors.py"", line 184, in p_err_126
    removed_element = empty_list_obj.pop()  # noqa: F841
                      ^^^^^^^^^^^^^^^^^^^^
IndexError: pop from empty list","def p_err_126():
    """"""IndexError: popping from empty list""""""
    empty_list_obj = []
    removed_element = empty_list_obj.pop()  # noqa: F841




def _select_errors(range_pairs):
    selected = {}
    for name, func in AI_ERRORS.items():
        idx = _err_id(name)
        if any(start <= idx <= end for start, end in range_pairs):
            selected[name] = func
    return selected


",PythonError
"2025-11-24T11:47:46.542972 [INFO] [ERROR] p_err_127: error
File ""/app/errors/python/__init__.py"", line 56, in _run_error_category
    error_func()
  File ""/app/errors/python/advanced_errors.py"", line 190, in p_err_127
    compiled_pattern = re.compile(pattern_text)  # noqa: F841
                       ^^^^^^^^^^^^^^^^^^^^^^^^
  File ""/usr/local/lib/python3.11/re/__init__.py"", line 227, in compile
    return _compile(pattern, flags)
           ^^^^^^^^^^^^^^^^^^^^^^^^
  File ""/usr/local/lib/python3.11/re/__init__.py"", line 294, in _compile
    p = _compiler.compile(pattern, flags)
        ^^^^^^^^^^^^^^^^^^^^^^^^^^^^^^^^^
  File ""/usr/local/lib/python3.11/re/_compiler.py"", line 745, in compile
    p = _parser.parse(p, flags)
        ^^^^^^^^^^^^^^^^^^^^^^^
  File ""/usr/local/lib/python3.11/re/_parser.py"", line 989, in parse
    p = _parse_sub(source, state, flags & SRE_FLAG_VERBOSE, 0)
        ^^^^^^^^^^^^^^^^^^^^^^^^^^^^^^^^^^^^^^^^^^^^^^^^^^^^^^
  File ""/usr/local/lib/python3.11/re/_parser.py"", line 464, in _parse_sub
    itemsappend(_parse(source, state, verbose, nested + 1,
                ^^^^^^^^^^^^^^^^^^^^^^^^^^^^^^^^^^^^^^^^^^
  File ""/usr/local/lib/python3.11/re/_parser.py"", line 572, in _parse
    raise source.error(""unterminated character set"",
re.error: unterminated character set at position 0","def p_err_127():
    """"""re.error: invalid regular expression""""""
    pattern_text = r""[unclosed""
    compiled_pattern = re.compile(pattern_text)  # noqa: F841




def _select_errors(range_pairs):
    selected = {}
    for name, func in AI_ERRORS.items():
        idx = _err_id(name)
        if any(start <= idx <= end for start, end in range_pairs):
            selected[name] = func
    return selected


",PythonError
"2025-11-24T11:47:46.544450 [INFO] [ERROR] p_err_128: TypeError
File ""/app/errors/python/__init__.py"", line 56, in _run_error_category
    error_func()
  File ""/app/errors/python/advanced_errors.py"", line 196, in p_err_128
    for _value in none_sequence:  # noqa: F841
TypeError: 'NoneType' object is not iterable","def p_err_128():
    """"""TypeError: 'NoneType' object is not iterable""""""
    none_sequence = None
    for _value in none_sequence:  # noqa: F841
        pass




def _select_errors(range_pairs):
    selected = {}
    for name, func in AI_ERRORS.items():
        idx = _err_id(name)
        if any(start <= idx <= end for start, end in range_pairs):
            selected[name] = func
    return selected


",PythonError
"2025-11-24T11:47:46.564407 [INFO] [ERROR] p_err_129: ValueError
File ""/app/errors/python/__init__.py"", line 56, in _run_error_category
    error_func()
  File ""/app/errors/python/advanced_errors.py"", line 203, in p_err_129
    parsed_time = datetime.strptime(timestamp_text, ""%Y-%m-%d %H:%M"")  # noqa: F841
                  ^^^^^^^^^^^^^^^^^^^^^^^^^^^^^^^^^^^^^^^^^^^^^^^^^^^
  File ""/usr/local/lib/python3.11/_strptime.py"", line 567, in _strptime_datetime
    tt, fraction, gmtoff_fraction = _strptime(data_string, format)
                                    ^^^^^^^^^^^^^^^^^^^^^^^^^^^^^^
  File ""/usr/local/lib/python3.11/_strptime.py"", line 349, in _strptime
    raise ValueError(""time data %r does not match format %r"" %
ValueError: time data '2025/30/99 25:61' does not match format '%Y-%m-%d %H:%M'","def p_err_129():
    """"""ValueError: invalid date format for strptime""""""
    timestamp_text = ""2025/30/99 25:61""
    parsed_time = datetime.strptime(timestamp_text, ""%Y-%m-%d %H:%M"")  # noqa: F841




def _select_errors(range_pairs):
    selected = {}
    for name, func in AI_ERRORS.items():
        idx = _err_id(name)
        if any(start <= idx <= end for start, end in range_pairs):
            selected[name] = func
    return selected


",PythonError
"2025-11-24T11:47:46.569982 [INFO] [ERROR] p_err_130: ZeroDivisionError
File ""/app/errors/python/__init__.py"", line 56, in _run_error_category
    error_func()
  File ""/app/errors/python/advanced_errors.py"", line 210, in p_err_130
    floor_result = dividend_val // divisor_val  # noqa: F841
                   ~~~~~~~~~~~~~^^~~~~~~~~~~~~
ZeroDivisionError: integer division or modulo by zero","def p_err_130():
    """"""ZeroDivisionError: integer floor division by zero""""""
    dividend_val = 100
    divisor_val = 0
    floor_result = dividend_val // divisor_val  # noqa: F841


__all__ = [f""p_err_{i:03d}"" for i in range(101, 131)]


def _select_errors(range_pairs):
    selected = {}
    for name, func in AI_ERRORS.items():
        idx = _err_id(name)
        if any(start <= idx <= end for start, end in range_pairs):
            selected[name] = func
    return selected


",PythonError
"2025-11-24T11:47:48.708185 [INFO] [ERROR] e_ai_02: KeyError
File ""/app/errors/ai/__init__.py"", line 97, in _run_error_category
    error_func()
  File ""/app/errors/ai/preprocessing_errors.py"", line 36, in e_ai_02
    selected = incoming[expected_cols]
               ~~~~~~~~^^^^^^^^^^^^^^^
  File ""/usr/local/lib/python3.11/site-packages/pandas/core/frame.py"", line 4119, in __getitem__
    indexer = self.columns._get_indexer_strict(key, ""columns"")[1]
              ^^^^^^^^^^^^^^^^^^^^^^^^^^^^^^^^^^^^^^^^^^^^^^^^
  File ""/usr/local/lib/python3.11/site-packages/pandas/core/indexes/base.py"", line 6212, in _get_indexer_strict
    self._raise_if_missing(keyarr, indexer, axis_name)
  File ""/usr/local/lib/python3.11/site-packages/pandas/core/indexes/base.py"", line 6264, in _raise_if_missing
    raise KeyError(f""{not_found} not in index"")
KeyError: ""['feature3'] not in index""","def e_ai_02():
    """"""Missing required columns""""""
    import pandas as pd
    expected_cols = [""feature1"", ""feature2"", ""feature3""]
    incoming = pd.DataFrame({""feature1"": [1, 2], ""feature2"": [3, 4]})
    selected = incoming[expected_cols]




def _select_errors(range_pairs):
    selected = {}
    for name, func in AI_ERRORS.items():
        idx = _err_id(name)
        if any(start <= idx <= end for start, end in range_pairs):
            selected[name] = func
    return selected


",MLError
"2025-11-24T11:47:48.711729 [INFO] [ERROR] e_ai_03: ValueError
File ""/app/errors/ai/__init__.py"", line 97, in _run_error_category
    error_func()
  File ""/app/errors/ai/preprocessing_errors.py"", line 46, in e_ai_03
    model.fit(X, y)
  File ""/usr/local/lib/python3.11/site-packages/sklearn/base.py"", line 1365, in wrapper
    return fit_method(estimator, *args, **kwargs)
           ^^^^^^^^^^^^^^^^^^^^^^^^^^^^^^^^^^^^^^
  File ""/usr/local/lib/python3.11/site-packages/sklearn/linear_model/_base.py"", line 618, in fit
    X, y = validate_data(
           ^^^^^^^^^^^^^^
  File ""/usr/local/lib/python3.11/site-packages/sklearn/utils/validation.py"", line 2971, in validate_data
    X, y = check_X_y(X, y, **check_params)
           ^^^^^^^^^^^^^^^^^^^^^^^^^^^^^^^
  File ""/usr/local/lib/python3.11/site-packages/sklearn/utils/validation.py"", line 1368, in check_X_y
    X = check_array(
        ^^^^^^^^^^^^
  File ""/usr/local/lib/python3.11/site-packages/sklearn/utils/validation.py"", line 1094, in check_array
    raise ValueError(
ValueError: dtype='numeric' is not compatible with arrays of bytes/strings.Convert your data to numeric values explicitly instead.","def e_ai_03():
    """"""String data to numeric model""""""
    import numpy as np
    from sklearn.linear_model import LinearRegression
    X = np.array([[""one"", ""two""], [""three"", ""four""]])
    y = np.array([1.0, 2.0])
    model = LinearRegression()
    model.fit(X, y)




def _select_errors(range_pairs):
    selected = {}
    for name, func in AI_ERRORS.items():
        idx = _err_id(name)
        if any(start <= idx <= end for start, end in range_pairs):
            selected[name] = func
    return selected


",MLError
"2025-11-24T11:47:48.713594 [INFO] [ERROR] e_ai_05: ModuleNotFoundError
File ""/app/errors/ai/__init__.py"", line 97, in _run_error_category
    error_func()
  File ""/app/errors/ai/preprocessing_errors.py"", line 62, in e_ai_05
    import torch
ModuleNotFoundError: No module named 'torch'","def e_ai_05():
    """"""PyTorch version incompatibility""""""
    import torch
    required_version = ""2.1.0""
    current = torch.__version__
    version_tuple = tuple(map(int, current.split(""."")[:2]))
    required_tuple = tuple(map(int, required_version.split(""."")[:2]))
    if version_tuple < required_tuple:
        _ = 1 / 0




def _select_errors(range_pairs):
    selected = {}
    for name, func in AI_ERRORS.items():
        idx = _err_id(name)
        if any(start <= idx <= end for start, end in range_pairs):
            selected[name] = func
    return selected


",AIError
"2025-11-24T11:47:48.724877 [INFO] [ERROR] e_ai_07: ModuleNotFoundError
File ""/app/errors/ai/__init__.py"", line 97, in _run_error_category
    error_func()
  File ""/app/errors/ai/preprocessing_errors.py"", line 84, in e_ai_07
    import torch
ModuleNotFoundError: No module named 'torch'","def e_ai_07():
    """"""Neural network shape mismatch""""""
    import torch
    from torch import nn
    model = nn.Sequential(
        nn.Linear(128, 64),
        nn.ReLU(),
        nn.Linear(32, 10)
    )
    x = torch.randn(1, 128)
    output = model(x)




def _select_errors(range_pairs):
    selected = {}
    for name, func in AI_ERRORS.items():
        idx = _err_id(name)
        if any(start <= idx <= end for start, end in range_pairs):
            selected[name] = func
    return selected


",AIError
"2025-11-24T11:47:48.727130 [INFO] [ERROR] e_ai_08: ModuleNotFoundError
File ""/app/errors/ai/__init__.py"", line 97, in _run_error_category
    error_func()
  File ""/app/errors/ai/preprocessing_errors.py"", line 97, in e_ai_08
    import tensorflow as tf
ModuleNotFoundError: No module named 'tensorflow'","def e_ai_08():
    """"""TensorFlow input shape error""""""
    import tensorflow as tf
    model = tf.keras.Sequential([
        tf.keras.layers.Dense(16, input_shape=(10,)),
        tf.keras.layers.Dense(4)
    ])
    batch = tf.random.uniform((1, 8))
    result = model(batch)




def _select_errors(range_pairs):
    selected = {}
    for name, func in AI_ERRORS.items():
        idx = _err_id(name)
        if any(start <= idx <= end for start, end in range_pairs):
            selected[name] = func
    return selected


",AIError
"2025-11-24T11:47:48.728953 [INFO] [ERROR] e_ai_09: ModuleNotFoundError
File ""/app/errors/ai/__init__.py"", line 97, in _run_error_category
    error_func()
  File ""/app/errors/ai/preprocessing_errors.py"", line 108, in e_ai_09
    import torch
ModuleNotFoundError: No module named 'torch'","def e_ai_09():
    """"""Model state dict shape incompatibility""""""
    import torch
    from torch import nn
    model = nn.Linear(10, 2)
    bogus_state = {""weight"": torch.rand((3, 3)), ""bias"": torch.rand(4)}
    model.load_state_dict(bogus_state, strict=False)
    out = model(torch.randn(1, 10))




def _select_errors(range_pairs):
    selected = {}
    for name, func in AI_ERRORS.items():
        idx = _err_id(name)
        if any(start <= idx <= end for start, end in range_pairs):
            selected[name] = func
    return selected


",AIError
"2025-11-24T11:47:48.730586 [INFO] [ERROR] e_ai_10: ModuleNotFoundError
File ""/app/errors/ai/__init__.py"", line 97, in _run_error_category
    error_func()
  File ""/app/errors/ai/preprocessing_errors.py"", line 118, in e_ai_10
    import torch
ModuleNotFoundError: No module named 'torch'","def e_ai_10():
    """"""Backpropagation on non-leaf tensor""""""
    import torch
    x = torch.tensor([1.0], requires_grad=False)
    y = x * 2
    z = y.sum()
    z.backward()




def _select_errors(range_pairs):
    selected = {}
    for name, func in AI_ERRORS.items():
        idx = _err_id(name)
        if any(start <= idx <= end for start, end in range_pairs):
            selected[name] = func
    return selected


",AIError
"2025-11-24T11:47:48.736379 [INFO] [ERROR] e_ai_101: ValueError
File ""/app/errors/ai/__init__.py"", line 97, in _run_error_category
    error_func()
  File ""/app/errors/ai/nextgen_errors.py"", line 23, in e_ai_101
    pd.to_datetime(series, format=""%Y-%m-%dT%H:%M:%SZ"", exact=True)
  File ""/usr/local/lib/python3.11/site-packages/pandas/core/tools/datetimes.py"", line 1072, in to_datetime
    values = convert_listlike(arg._values, format)
             ^^^^^^^^^^^^^^^^^^^^^^^^^^^^^^^^^^^^^
  File ""/usr/local/lib/python3.11/site-packages/pandas/core/tools/datetimes.py"", line 435, in _convert_listlike_datetimes
    return _array_strptime_with_fallback(arg, name, utc, format, exact, errors)
           ^^^^^^^^^^^^^^^^^^^^^^^^^^^^^^^^^^^^^^^^^^^^^^^^^^^^^^^^^^^^^^^^^^^^
  File ""/usr/local/lib/python3.11/site-packages/pandas/core/tools/datetimes.py"", line 469, in _array_strptime_with_fallback
    result, tz_out = array_strptime(arg, fmt, exact=exact, errors=errors, utc=utc)
                     ^^^^^^^^^^^^^^^^^^^^^^^^^^^^^^^^^^^^^^^^^^^^^^^^^^^^^^^^^^^^^
  File ""pandas/_libs/tslibs/strptime.pyx"", line 501, in pandas._libs.tslibs.strptime.array_strptime
  File ""pandas/_libs/tslibs/strptime.pyx"", line 451, in pandas._libs.tslibs.strptime.array_strptime
  File ""pandas/_libs/tslibs/strptime.pyx"", line 583, in pandas._libs.tslibs.strptime._parse_with_format
ValueError: time data ""2024/31/12 61:00"" doesn't match format ""%Y-%m-%dT%H:%M:%SZ"", at position 1. You might want to try:
    - passing `format` if your strings have a consistent format;
    - passing `format='ISO8601'` if your strings are all ISO8601 but not necessarily in exactly the same format;
    - passing `format='mixed'`, and the format will be inferred for each element individually. You might want to use `dayfirst` alongside this.","def e_ai_101():
    """"""Strict timestamp parsing fails for malformed ingest payloads""""""
    import pandas as pd
    series = pd.Series([""2024-01-01T00:00:00Z"", ""2024/31/12 61:00""])
    pd.to_datetime(series, format=""%Y-%m-%dT%H:%M:%SZ"", exact=True)




def _select_errors(range_pairs):
    selected = {}
    for name, func in AI_ERRORS.items():
        idx = _err_id(name)
        if any(start <= idx <= end for start, end in range_pairs):
            selected[name] = func
    return selected


",PythonError
"2025-11-24T11:47:48.741116 [INFO] [ERROR] e_ai_102: KeyError
File ""/app/errors/ai/__init__.py"", line 97, in _run_error_category
    error_func()
  File ""/app/errors/ai/nextgen_errors.py"", line 31, in e_ai_102
    pd.merge(left, right, on=""session"")
  File ""/usr/local/lib/python3.11/site-packages/pandas/core/reshape/merge.py"", line 170, in merge
    op = _MergeOperation(
         ^^^^^^^^^^^^^^^^
  File ""/usr/local/lib/python3.11/site-packages/pandas/core/reshape/merge.py"", line 794, in __init__
    ) = self._get_merge_keys()
        ^^^^^^^^^^^^^^^^^^^^^^
  File ""/usr/local/lib/python3.11/site-packages/pandas/core/reshape/merge.py"", line 1311, in _get_merge_keys
    left_keys.append(left._get_label_or_level_values(lk))
                     ^^^^^^^^^^^^^^^^^^^^^^^^^^^^^^^^^^^
  File ""/usr/local/lib/python3.11/site-packages/pandas/core/generic.py"", line 1914, in _get_label_or_level_values
    raise KeyError(key)
KeyError: 'session'","def e_ai_102():
    """"""Join failures when required keys are missing in upstream tables""""""
    import pandas as pd
    left = pd.DataFrame({""id"": [1, 2], ""value"": [10, 11]})
    right = pd.DataFrame({""session"": [""a"", ""b""], ""score"": [0.1, 0.2]})
    pd.merge(left, right, on=""session"")




def _select_errors(range_pairs):
    selected = {}
    for name, func in AI_ERRORS.items():
        idx = _err_id(name)
        if any(start <= idx <= end for start, end in range_pairs):
            selected[name] = func
    return selected


",MLError
"2025-11-24T11:47:48.759435 [INFO] [ERROR] e_ai_103: ValueError
File ""/app/errors/ai/__init__.py"", line 97, in _run_error_category
    error_func()
  File ""/app/errors/ai/nextgen_errors.py"", line 39, in e_ai_103
    SimpleImputer(strategy=""median"").fit_transform(df)
  File ""/usr/local/lib/python3.11/site-packages/sklearn/utils/_set_output.py"", line 316, in wrapped
    data_to_wrap = f(self, X, *args, **kwargs)
                   ^^^^^^^^^^^^^^^^^^^^^^^^^^^
  File ""/usr/local/lib/python3.11/site-packages/sklearn/base.py"", line 894, in fit_transform
    return self.fit(X, **fit_params).transform(X)
           ^^^^^^^^^^^^^^^^^^^^^^^^^
  File ""/usr/local/lib/python3.11/site-packages/sklearn/base.py"", line 1365, in wrapper
    return fit_method(estimator, *args, **kwargs)
           ^^^^^^^^^^^^^^^^^^^^^^^^^^^^^^^^^^^^^^
  File ""/usr/local/lib/python3.11/site-packages/sklearn/impute/_base.py"", line 452, in fit
    X = self._validate_input(X, in_fit=True)
        ^^^^^^^^^^^^^^^^^^^^^^^^^^^^^^^^^^^^
  File ""/usr/local/lib/python3.11/site-packages/sklearn/impute/_base.py"", line 377, in _validate_input
    raise new_ve from None
ValueError: Cannot use median strategy with non-numeric data:
could not convert string to float: 'basic'","def e_ai_103():
    """"""Median imputation on categorical column surfaces dtype issues""""""
    import pandas as pd
    from sklearn.impute import SimpleImputer
    df = pd.DataFrame({""plan"": [""basic"", ""pro"", None]})
    SimpleImputer(strategy=""median"").fit_transform(df)




def _select_errors(range_pairs):
    selected = {}
    for name, func in AI_ERRORS.items():
        idx = _err_id(name)
        if any(start <= idx <= end for start, end in range_pairs):
            selected[name] = func
    return selected


",MLError
"2025-11-24T11:47:48.763534 [INFO] [ERROR] e_ai_104: ValueError
File ""/usr/local/lib/python3.11/site-packages/pandas/core/indexes/base.py"", line 3812, in get_loc
    return self._engine.get_loc(casted_key)
           ^^^^^^^^^^^^^^^^^^^^^^^^^^^^^^^^
  File ""pandas/_libs/index.pyx"", line 167, in pandas._libs.index.IndexEngine.get_loc
  File ""pandas/_libs/index.pyx"", line 196, in pandas._libs.index.IndexEngine.get_loc
  File ""pandas/_libs/hashtable_class_helper.pxi"", line 7088, in pandas._libs.hashtable.PyObjectHashTable.get_item
  File ""pandas/_libs/hashtable_class_helper.pxi"", line 7096, in pandas._libs.hashtable.PyObjectHashTable.get_item
KeyError: 'num_c'

The above exception was the direct cause of the following exception:


  File ""/usr/local/lib/python3.11/site-packages/sklearn/utils/_indexing.py"", line 443, in _get_column_indices
    col_idx = all_columns.get_loc(col)
              ^^^^^^^^^^^^^^^^^^^^^^^^
  File ""/usr/local/lib/python3.11/site-packages/pandas/core/indexes/base.py"", line 3819, in get_loc
    raise KeyError(key) from err
KeyError: 'num_c'

The above exception was the direct cause of the following exception:


  File ""/app/errors/ai/__init__.py"", line 97, in _run_error_category
    error_func()
  File ""/app/errors/ai/nextgen_errors.py"", line 50, in e_ai_104
    transformer.fit_transform(df)
  File ""/usr/local/lib/python3.11/site-packages/sklearn/utils/_set_output.py"", line 316, in wrapped
    data_to_wrap = f(self, X, *args, **kwargs)
                   ^^^^^^^^^^^^^^^^^^^^^^^^^^^
  File ""/usr/local/lib/python3.11/site-packages/sklearn/base.py"", line 1365, in wrapper
    return fit_method(estimator, *args, **kwargs)
           ^^^^^^^^^^^^^^^^^^^^^^^^^^^^^^^^^^^^^^
  File ""/usr/local/lib/python3.11/site-packages/sklearn/compose/_column_transformer.py"", line 988, in fit_transform
    self._validate_column_callables(X)
  File ""/usr/local/lib/python3.11/site-packages/sklearn/compose/_column_transformer.py"", line 541, in _validate_column_callables
    transformer_to_input_indices[name] = _get_column_indices(X, columns)
                                         ^^^^^^^^^^^^^^^^^^^^^^^^^^^^^^^
  File ""/usr/local/lib/python3.11/site-packages/sklearn/utils/_indexing.py"", line 451, in _get_column_indices
    raise ValueError(""A given column is not a column of the dataframe"") from e
ValueError: A given column is not a column of the dataframe","def e_ai_104():
    """"""ColumnTransformer referencing stale feature list""""""
    import pandas as pd
    from sklearn.compose import ColumnTransformer
    df = pd.DataFrame({""num_a"": [1, 2], ""num_b"": [3, 4]})
    transformer = ColumnTransformer([
        (""num"", ""passthrough"", [""num_a"", ""num_c""])
    ])
    transformer.fit_transform(df)




def _select_errors(range_pairs):
    selected = {}
    for name, func in AI_ERRORS.items():
        idx = _err_id(name)
        if any(start <= idx <= end for start, end in range_pairs):
            selected[name] = func
    return selected


",MLError
"2025-11-24T11:47:48.777909 [INFO] [ERROR] e_ai_105: InvalidParameterError
File ""/app/errors/ai/__init__.py"", line 97, in _run_error_category
    error_func()
  File ""/app/errors/ai/nextgen_errors.py"", line 58, in e_ai_105
    KBinsDiscretizer(n_bins=-1).fit(data)
  File ""/usr/local/lib/python3.11/site-packages/sklearn/base.py"", line 1358, in wrapper
    estimator._validate_params()
  File ""/usr/local/lib/python3.11/site-packages/sklearn/base.py"", line 471, in _validate_params
    validate_parameter_constraints(
  File ""/usr/local/lib/python3.11/site-packages/sklearn/utils/_param_validation.py"", line 98, in validate_parameter_constraints
    raise InvalidParameterError(
sklearn.utils._param_validation.InvalidParameterError: The 'n_bins' parameter of KBinsDiscretizer must be an int in the range [2, inf) or an array-like. Got -1 instead.","def e_ai_105():
    """"""KBinsDiscretizer configured with invalid bin count""""""
    import numpy as np
    from sklearn.preprocessing import KBinsDiscretizer
    data = np.random.rand(8, 1)
    KBinsDiscretizer(n_bins=-1).fit(data)




def _select_errors(range_pairs):
    selected = {}
    for name, func in AI_ERRORS.items():
        idx = _err_id(name)
        if any(start <= idx <= end for start, end in range_pairs):
            selected[name] = func
    return selected


",MLError
"2025-11-24T11:47:48.781515 [INFO] [ERROR] e_ai_106: KeyError
File ""/app/errors/ai/__init__.py"", line 97, in _run_error_category
    error_func()
  File ""/app/errors/ai/nextgen_errors.py"", line 65, in e_ai_106
    df.astype({""y"": ""float""})
  File ""/usr/local/lib/python3.11/site-packages/pandas/core/generic.py"", line 6627, in astype
    raise KeyError(
KeyError: ""Only a column name can be used for the key in a dtype mappings argument. 'y' not found in columns.""","def e_ai_106():
    """"""astype mapping references a dropped column""""""
    import pandas as pd
    df = pd.DataFrame({""x"": [1, 2, 3]})
    df.astype({""y"": ""float""})




def _select_errors(range_pairs):
    selected = {}
    for name, func in AI_ERRORS.items():
        idx = _err_id(name)
        if any(start <= idx <= end for start, end in range_pairs):
            selected[name] = func
    return selected


",PythonError
"2025-11-24T11:47:48.785990 [INFO] [ERROR] e_ai_108: ValueError
File ""/app/errors/ai/__init__.py"", line 97, in _run_error_category
    error_func()
  File ""/app/errors/ai/nextgen_errors.py"", line 80, in e_ai_108
    PowerTransformer(method=""box-cox"").fit_transform(data)
  File ""/usr/local/lib/python3.11/site-packages/sklearn/utils/_set_output.py"", line 316, in wrapped
    data_to_wrap = f(self, X, *args, **kwargs)
                   ^^^^^^^^^^^^^^^^^^^^^^^^^^^
  File ""/usr/local/lib/python3.11/site-packages/sklearn/base.py"", line 1365, in wrapper
    return fit_method(estimator, *args, **kwargs)
           ^^^^^^^^^^^^^^^^^^^^^^^^^^^^^^^^^^^^^^
  File ""/usr/local/lib/python3.11/site-packages/sklearn/preprocessing/_data.py"", line 3337, in fit_transform
    return self._fit(X, y, force_transform=True)
           ^^^^^^^^^^^^^^^^^^^^^^^^^^^^^^^^^^^^^
  File ""/usr/local/lib/python3.11/site-packages/sklearn/preprocessing/_data.py"", line 3340, in _fit
    X = self._check_input(X, in_fit=True, check_positive=True)
        ^^^^^^^^^^^^^^^^^^^^^^^^^^^^^^^^^^^^^^^^^^^^^^^^^^^^^^
  File ""/usr/local/lib/python3.11/site-packages/sklearn/preprocessing/_data.py"", line 3581, in _check_input
    raise ValueError(
ValueError: The Box-Cox transformation can only be applied to strictly positive data","def e_ai_108():
    """"""PowerTransformer with Box-Cox rejects negative feature values""""""
    import numpy as np
    from sklearn.preprocessing import PowerTransformer
    data = np.array([[-1.0], [2.0], [3.0]])
    PowerTransformer(method=""box-cox"").fit_transform(data)




def _select_errors(range_pairs):
    selected = {}
    for name, func in AI_ERRORS.items():
        idx = _err_id(name)
        if any(start <= idx <= end for start, end in range_pairs):
            selected[name] = func
    return selected


",MLError
"2025-11-24T11:47:48.828756 [INFO] [ERROR] e_ai_109: KeyError
File ""/app/errors/ai/__init__.py"", line 97, in _run_error_category
    error_func()
  File ""/app/errors/ai/nextgen_errors.py"", line 87, in e_ai_109
    pd.get_dummies(df, columns=[""country""])
  File ""/usr/local/lib/python3.11/site-packages/pandas/core/reshape/encoding.py"", line 170, in get_dummies
    data_to_encode = data[columns]
                     ~~~~^^^^^^^^^
  File ""/usr/local/lib/python3.11/site-packages/pandas/core/frame.py"", line 4119, in __getitem__
    indexer = self.columns._get_indexer_strict(key, ""columns"")[1]
              ^^^^^^^^^^^^^^^^^^^^^^^^^^^^^^^^^^^^^^^^^^^^^^^^
  File ""/usr/local/lib/python3.11/site-packages/pandas/core/indexes/base.py"", line 6212, in _get_indexer_strict
    self._raise_if_missing(keyarr, indexer, axis_name)
  File ""/usr/local/lib/python3.11/site-packages/pandas/core/indexes/base.py"", line 6261, in _raise_if_missing
    raise KeyError(f""None of [{key}] are in the [{axis_name}]"")
KeyError: ""None of [Index(['country'], dtype='object')] are in the [columns]""","def e_ai_109():
    """"""One-hot expansion requested for column that does not exist""""""
    import pandas as pd
    df = pd.DataFrame({""city"": [""Paris"", ""Berlin""]})
    pd.get_dummies(df, columns=[""country""])




def _select_errors(range_pairs):
    selected = {}
    for name, func in AI_ERRORS.items():
        idx = _err_id(name)
        if any(start <= idx <= end for start, end in range_pairs):
            selected[name] = func
    return selected


",MLError
"2025-11-24T11:47:48.834372 [INFO] [ERROR] e_ai_11: ModuleNotFoundError
File ""/app/errors/ai/__init__.py"", line 97, in _run_error_category
    error_func()
  File ""/app/errors/ai/preprocessing_errors.py"", line 127, in e_ai_11
    import torch
ModuleNotFoundError: No module named 'torch'","def e_ai_11():
    """"""NaN loss propagation""""""
    import torch
    from torch import nn
    pred = torch.tensor([float(""nan"")])
    target = torch.tensor([1.0])
    loss_fn = nn.MSELoss()
    loss = loss_fn(pred, target)
    if torch.isnan(loss):
        _ = loss.item() + (1 / (1 - loss.item()))




def _select_errors(range_pairs):
    selected = {}
    for name, func in AI_ERRORS.items():
        idx = _err_id(name)
        if any(start <= idx <= end for start, end in range_pairs):
            selected[name] = func
    return selected


",AIError
"2025-11-24T11:47:48.838283 [INFO] [ERROR] e_ai_110: ValueError
File ""/app/errors/ai/__init__.py"", line 97, in _run_error_category
    error_func()
  File ""/app/errors/ai/nextgen_errors.py"", line 96, in e_ai_110
    encoder.transform([[""durian""]]).toarray()
    ^^^^^^^^^^^^^^^^^^^^^^^^^^^^^^^
  File ""/usr/local/lib/python3.11/site-packages/sklearn/utils/_set_output.py"", line 316, in wrapped
    data_to_wrap = f(self, X, *args, **kwargs)
                   ^^^^^^^^^^^^^^^^^^^^^^^^^^^
  File ""/usr/local/lib/python3.11/site-packages/sklearn/preprocessing/_encoders.py"", line 1043, in transform
    X_int, X_mask = self._transform(
                    ^^^^^^^^^^^^^^^^
  File ""/usr/local/lib/python3.11/site-packages/sklearn/preprocessing/_encoders.py"", line 218, in _transform
    raise ValueError(msg)
ValueError: Found unknown categories ['durian'] in column 0 during transform","def e_ai_110():
    """"""Unknown categoricals appear at inference with OneHotEncoder""""""
    import numpy as np
    from sklearn.preprocessing import OneHotEncoder
    encoder = OneHotEncoder(handle_unknown=""error"")
    encoder.fit([[""apple""], [""banana""]])
    encoder.transform([[""durian""]]).toarray()




def _select_errors(range_pairs):
    selected = {}
    for name, func in AI_ERRORS.items():
        idx = _err_id(name)
        if any(start <= idx <= end for start, end in range_pairs):
            selected[name] = func
    return selected


",MLError
"2025-11-24T11:47:48.842056 [INFO] [ERROR] e_ai_111: ValueError
File ""/app/errors/ai/__init__.py"", line 97, in _run_error_category
    error_func()
  File ""/app/errors/ai/nextgen_errors.py"", line 103, in e_ai_111
    df.set_index(""id"", verify_integrity=True)
  File ""/usr/local/lib/python3.11/site-packages/pandas/core/frame.py"", line 6204, in set_index
    raise ValueError(f""Index has duplicate keys: {duplicates}"")
ValueError: Index has duplicate keys: Index([42], dtype='int64', name='id')","def e_ai_111():
    """"""Index integrity enforcement reveals duplicate primary keys""""""
    import pandas as pd
    df = pd.DataFrame({""id"": [42, 42], ""value"": [1, 2]})
    df.set_index(""id"", verify_integrity=True)




def _select_errors(range_pairs):
    selected = {}
    for name, func in AI_ERRORS.items():
        idx = _err_id(name)
        if any(start <= idx <= end for start, end in range_pairs):
            selected[name] = func
    return selected


",MLError
"2025-11-24T11:47:48.844174 [INFO] [ERROR] e_ai_112: RuntimeError
File ""/app/errors/ai/__init__.py"", line 97, in _run_error_category
    error_func()
  File ""/app/errors/ai/nextgen_errors.py"", line 112, in e_ai_112
    raise RuntimeError(""Feature order mismatch between training and serving"")
RuntimeError: Feature order mismatch between training and serving","def e_ai_112():
    """"""Serving feature order diverges from training schema""""""
    import pandas as pd
    train = pd.DataFrame({""f1"": [0.1], ""f2"": [0.2]})
    serving = pd.DataFrame({""f2"": [0.2], ""f1"": [0.1]})
    if list(train.columns) != list(serving.columns):
        raise RuntimeError(""Feature order mismatch between training and serving"")




def _select_errors(range_pairs):
    selected = {}
    for name, func in AI_ERRORS.items():
        idx = _err_id(name)
        if any(start <= idx <= end for start, end in range_pairs):
            selected[name] = func
    return selected


",PythonError
"2025-11-24T11:47:48.847803 [INFO] [ERROR] e_ai_113: TypeError
File ""/app/errors/ai/__init__.py"", line 97, in _run_error_category
    error_func()
  File ""/app/errors/ai/nextgen_errors.py"", line 119, in e_ai_113
    df.resample(""1H"").mean()
    ^^^^^^^^^^^^^^^^^
  File ""/usr/local/lib/python3.11/site-packages/pandas/core/generic.py"", line 9834, in resample
    return get_resampler(
           ^^^^^^^^^^^^^^
  File ""/usr/local/lib/python3.11/site-packages/pandas/core/resample.py"", line 2044, in get_resampler
    return tg._get_resampler(obj, kind=kind)
           ^^^^^^^^^^^^^^^^^^^^^^^^^^^^^^^^^
  File ""/usr/local/lib/python3.11/site-packages/pandas/core/resample.py"", line 2258, in _get_resampler
    raise TypeError(
TypeError: Only valid with DatetimeIndex, TimedeltaIndex or PeriodIndex, but got an instance of 'Index'","def e_ai_113():
    """"""Resampling requested without datetime index""""""
    import pandas as pd
    df = pd.DataFrame({""y"": [1, 2, 3]}, index=[0, 1, 2])
    df.resample(""1H"").mean()




def _select_errors(range_pairs):
    selected = {}
    for name, func in AI_ERRORS.items():
        idx = _err_id(name)
        if any(start <= idx <= end for start, end in range_pairs):
            selected[name] = func
    return selected


",PythonError
"2025-11-24T11:47:48.864350 [INFO] [ERROR] e_ai_114: ValueError
File ""/app/errors/ai/__init__.py"", line 97, in _run_error_category
    error_func()
  File ""/app/errors/ai/nextgen_errors.py"", line 126, in e_ai_114
    np.pad(arr, pad_width=(-1, 2))
  File ""/usr/local/lib/python3.11/site-packages/numpy/lib/_arraypad_impl.py"", line 756, in pad
    pad_width = _as_pairs(pad_width, array.ndim, as_index=True)
                ^^^^^^^^^^^^^^^^^^^^^^^^^^^^^^^^^^^^^^^^^^^^^^^
  File ""/usr/local/lib/python3.11/site-packages/numpy/lib/_arraypad_impl.py"", line 525, in _as_pairs
    raise ValueError(""index can't contain negative values"")
ValueError: index can't contain negative values","def e_ai_114():
    """"""Negative padding widths corrupt tiled batches""""""
    import numpy as np
    arr = np.arange(6).reshape(2, 3)
    np.pad(arr, pad_width=(-1, 2))




def _select_errors(range_pairs):
    selected = {}
    for name, func in AI_ERRORS.items():
        idx = _err_id(name)
        if any(start <= idx <= end for start, end in range_pairs):
            selected[name] = func
    return selected


",PythonError
"2025-11-24T11:47:48.869177 [INFO] [ERROR] e_ai_115: ValueError
File ""/app/errors/ai/__init__.py"", line 97, in _run_error_category
    error_func()
  File ""/app/errors/ai/nextgen_errors.py"", line 135, in e_ai_115
    raise ValueError(f""Label leakage detected via columns: {leakage}"")
ValueError: Label leakage detected via columns: ['target_proba']","def e_ai_115():
    """"""Model monitoring catches label leakage columns""""""
    import pandas as pd
    df = pd.DataFrame({""feature"": [1, 2], ""target_proba"": [0.9, 0.1]})
    leakage = [c for c in df.columns if c.startswith(""target"")]
    if leakage:
        raise ValueError(f""Label leakage detected via columns: {leakage}"")




def _select_errors(range_pairs):
    selected = {}
    for name, func in AI_ERRORS.items():
        idx = _err_id(name)
        if any(start <= idx <= end for start, end in range_pairs):
            selected[name] = func
    return selected


",PythonError
"2025-11-24T11:47:48.871629 [INFO] [ERROR] e_ai_116: ValueError
File ""/app/errors/ai/__init__.py"", line 97, in _run_error_category
    error_func()
  File ""/app/errors/ai/nextgen_errors.py"", line 143, in e_ai_116
    encoder.transform([[""critical""]])
  File ""/usr/local/lib/python3.11/site-packages/sklearn/utils/_set_output.py"", line 316, in wrapped
    data_to_wrap = f(self, X, *args, **kwargs)
                   ^^^^^^^^^^^^^^^^^^^^^^^^^^^
  File ""/usr/local/lib/python3.11/site-packages/sklearn/preprocessing/_encoders.py"", line 1597, in transform
    X_int, X_mask = self._transform(
                    ^^^^^^^^^^^^^^^^
  File ""/usr/local/lib/python3.11/site-packages/sklearn/preprocessing/_encoders.py"", line 218, in _transform
    raise ValueError(msg)
ValueError: Found unknown categories ['critical'] in column 0 during transform","def e_ai_116():
    """"""OrdinalEncoder categories mismatch surfaces inference failure""""""
    from sklearn.preprocessing import OrdinalEncoder
    encoder = OrdinalEncoder(categories=[[""low"", ""medium"", ""high""]])
    encoder.fit([[""low""], [""medium""]])
    encoder.transform([[""critical""]])




def _select_errors(range_pairs):
    selected = {}
    for name, func in AI_ERRORS.items():
        idx = _err_id(name)
        if any(start <= idx <= end for start, end in range_pairs):
            selected[name] = func
    return selected


",MLError
"2025-11-24T11:47:48.875154 [INFO] [ERROR] e_ai_118: RuntimeError
File ""/app/errors/ai/__init__.py"", line 97, in _run_error_category
    error_func()
  File ""/app/errors/ai/nextgen_errors.py"", line 160, in e_ai_118
    raise RuntimeError(
RuntimeError: Dataset contract mismatch: expected 2024.10, got 2023.12","def e_ai_118():
    """"""Pipeline refuses to run when data version drifts""""""
    catalog_version = ""2024.10""
    runtime_version = ""2023.12""
    if catalog_version != runtime_version:
        raise RuntimeError(
            f""Dataset contract mismatch: expected {catalog_version}, got {runtime_version}""
        )




def _select_errors(range_pairs):
    selected = {}
    for name, func in AI_ERRORS.items():
        idx = _err_id(name)
        if any(start <= idx <= end for start, end in range_pairs):
            selected[name] = func
    return selected


",PythonError
"2025-11-24T11:47:48.880671 [INFO] [ERROR] e_ai_119: ValueError
File ""/app/errors/ai/__init__.py"", line 97, in _run_error_category
    error_func()
  File ""/app/errors/ai/nextgen_errors.py"", line 168, in e_ai_119
    pd.IntervalIndex.from_breaks([0, 2, 1, 4])
  File ""/usr/local/lib/python3.11/site-packages/pandas/core/indexes/interval.py"", line 275, in from_breaks
    array = IntervalArray.from_breaks(
            ^^^^^^^^^^^^^^^^^^^^^^^^^^
  File ""/usr/local/lib/python3.11/site-packages/pandas/core/arrays/interval.py"", line 464, in from_breaks
    return cls.from_arrays(breaks[:-1], breaks[1:], closed, copy=copy, dtype=dtype)
           ^^^^^^^^^^^^^^^^^^^^^^^^^^^^^^^^^^^^^^^^^^^^^^^^^^^^^^^^^^^^^^^^^^^^^^^^
  File ""/usr/local/lib/python3.11/site-packages/pandas/core/arrays/interval.py"", line 552, in from_arrays
    cls._validate(left, right, dtype=dtype)
  File ""/usr/local/lib/python3.11/site-packages/pandas/core/arrays/interval.py"", line 667, in _validate
    raise ValueError(msg)
ValueError: left side of interval must be <= right side","def e_ai_119():
    """"""Interval index creation fails with unsorted edges""""""
    import pandas as pd
    pd.IntervalIndex.from_breaks([0, 2, 1, 4])




def _select_errors(range_pairs):
    selected = {}
    for name, func in AI_ERRORS.items():
        idx = _err_id(name)
        if any(start <= idx <= end for start, end in range_pairs):
            selected[name] = func
    return selected


",PythonError
"2025-11-24T11:47:48.886647 [INFO] [ERROR] e_ai_12: ModuleNotFoundError
File ""/app/errors/ai/__init__.py"", line 97, in _run_error_category
    error_func()
  File ""/app/errors/ai/preprocessing_errors.py"", line 139, in e_ai_12
    import torch
ModuleNotFoundError: No module named 'torch'","def e_ai_12():
    """"""Missing checkpoint file""""""
    import torch
    import os
    checkpoint_path = ""non_existent_checkpoint.pt""
    if not os.path.exists(checkpoint_path):
        checkpoint_path[0] = ""x""




def _select_errors(range_pairs):
    selected = {}
    for name, func in AI_ERRORS.items():
        idx = _err_id(name)
        if any(start <= idx <= end for start, end in range_pairs):
            selected[name] = func
    return selected


",AIError
"2025-11-24T11:47:48.889648 [INFO] [ERROR] e_ai_120: ModuleNotFoundError
File ""/app/errors/ai/__init__.py"", line 97, in _run_error_category
    error_func()
  File ""/app/errors/ai/nextgen_errors.py"", line 173, in e_ai_120
    import tensorflow as tf
ModuleNotFoundError: No module named 'tensorflow'","def e_ai_120():
    """"""Tensor slices require consistent leading dimensions""""""
    import tensorflow as tf
    features = tf.constant([[1.0, 2.0], [3.0, 4.0]])
    labels = tf.constant([1, 0, 1])
    tf.data.Dataset.from_tensor_slices((features, labels))

# ============================================================
# Vision & Perception Errors (121 - 140)
# ============================================================



def _select_errors(range_pairs):
    selected = {}
    for name, func in AI_ERRORS.items():
        idx = _err_id(name)
        if any(start <= idx <= end for start, end in range_pairs):
            selected[name] = func
    return selected


",AIError
"2025-11-24T11:47:48.893452 [INFO] [ERROR] e_ai_13: ModuleNotFoundError
File ""/app/errors/ai/__init__.py"", line 97, in _run_error_category
    error_func()
  File ""/app/errors/ai/preprocessing_errors.py"", line 148, in e_ai_13
    from transformers import AutoTokenizer
ModuleNotFoundError: No module named 'transformers'","def e_ai_13():
    """"""Tokenizer model not found""""""
    from transformers import AutoTokenizer
    model_name = ""nonexistent-model-123""
    tokenizer = AutoTokenizer.from_pretrained(model_name)




def _select_errors(range_pairs):
    selected = {}
    for name, func in AI_ERRORS.items():
        idx = _err_id(name)
        if any(start <= idx <= end for start, end in range_pairs):
            selected[name] = func
    return selected


",AIError
"2025-11-24T11:47:48.895472 [INFO] [ERROR] e_ai_14: ModuleNotFoundError
File ""/app/errors/ai/__init__.py"", line 97, in _run_error_category
    error_func()
  File ""/app/errors/ai/preprocessing_errors.py"", line 155, in e_ai_14
    from transformers import BertModel
ModuleNotFoundError: No module named 'transformers'","def e_ai_14():
    """"""BERT state dict strict loading error""""""
    from transformers import BertModel
    model = BertModel.from_pretrained(""bert-base-uncased"")
    wrong_state = {""unexpected_key"": 42}
    model.load_state_dict(wrong_state, strict=True)




def _select_errors(range_pairs):
    selected = {}
    for name, func in AI_ERRORS.items():
        idx = _err_id(name)
        if any(start <= idx <= end for start, end in range_pairs):
            selected[name] = func
    return selected


",AIError
"2025-11-24T11:47:48.903143 [INFO] [ERROR] e_ai_15: ModuleNotFoundError
File ""/app/errors/ai/__init__.py"", line 97, in _run_error_category
    error_func()
  File ""/app/errors/ai/preprocessing_errors.py"", line 163, in e_ai_15
    from transformers import AutoModelForSequenceClassification, AutoTokenizer
ModuleNotFoundError: No module named 'transformers'","def e_ai_15():
    """"""Classification model wrong label format""""""
    from transformers import AutoModelForSequenceClassification, AutoTokenizer
    import torch
    model = AutoModelForSequenceClassification.from_pretrained(""bert-base-uncased"")
    tokenizer = AutoTokenizer.from_pretrained(""bert-base-uncased"")
    inputs = tokenizer(""Hello"", return_tensors=""pt"")
    outputs = model(**inputs, labels=torch.tensor([[1, 0]]))




def _select_errors(range_pairs):
    selected = {}
    for name, func in AI_ERRORS.items():
        idx = _err_id(name)
        if any(start <= idx <= end for start, end in range_pairs):
            selected[name] = func
    return selected


",AIError
"2025-11-24T11:47:48.910485 [INFO] [ERROR] e_ai_16: ModuleNotFoundError
File ""/app/errors/ai/__init__.py"", line 97, in _run_error_category
    error_func()
  File ""/app/errors/ai/preprocessing_errors.py"", line 173, in e_ai_16
    from openai import OpenAI
ModuleNotFoundError: No module named 'openai'","def e_ai_16():
    """"""OpenAI API invalid parameters""""""
    from openai import OpenAI
    client = OpenAI()
    response = client.chat.completions.create(
        model=""gpt-4"",
        messages=[{""role"": ""user"", ""content"": ""Hello!""}],
        max_tokens=-5
    )




def _select_errors(range_pairs):
    selected = {}
    for name, func in AI_ERRORS.items():
        idx = _err_id(name)
        if any(start <= idx <= end for start, end in range_pairs):
            selected[name] = func
    return selected


",PythonError
"2025-11-24T11:47:48.925314 [INFO] [ERROR] e_ai_17: LinAlgError
File ""/app/errors/ai/__init__.py"", line 97, in _run_error_category
    error_func()
  File ""/app/errors/ai/preprocessing_errors.py"", line 186, in e_ai_17
    inv = np.linalg.inv(matrix)
          ^^^^^^^^^^^^^^^^^^^^^
  File ""/usr/local/lib/python3.11/site-packages/numpy/linalg/_linalg.py"", line 669, in inv
    ainv = _umath_linalg.inv(a, signature=signature)
           ^^^^^^^^^^^^^^^^^^^^^^^^^^^^^^^^^^^^^^^^^
  File ""/usr/local/lib/python3.11/site-packages/numpy/linalg/_linalg.py"", line 163, in _raise_linalgerror_singular
    raise LinAlgError(""Singular matrix"")
numpy.linalg.LinAlgError: Singular matrix","def e_ai_17():
    """"""Singular matrix inversion""""""
    import numpy as np
    matrix = np.zeros((3, 3))
    inv = np.linalg.inv(matrix)




def _select_errors(range_pairs):
    selected = {}
    for name, func in AI_ERRORS.items():
        idx = _err_id(name)
        if any(start <= idx <= end for start, end in range_pairs):
            selected[name] = func
    return selected


",PythonError
"2025-11-24T11:47:48.930134 [INFO] [ERROR] e_ai_18: ValueError
File ""/app/errors/ai/__init__.py"", line 97, in _run_error_category
    error_func()
  File ""/app/errors/ai/preprocessing_errors.py"", line 195, in e_ai_18
    result = scaler.fit_transform(df)
             ^^^^^^^^^^^^^^^^^^^^^^^^
  File ""/usr/local/lib/python3.11/site-packages/sklearn/utils/_set_output.py"", line 316, in wrapped
    data_to_wrap = f(self, X, *args, **kwargs)
                   ^^^^^^^^^^^^^^^^^^^^^^^^^^^
  File ""/usr/local/lib/python3.11/site-packages/sklearn/base.py"", line 894, in fit_transform
    return self.fit(X, **fit_params).transform(X)
           ^^^^^^^^^^^^^^^^^^^^^^^^^
  File ""/usr/local/lib/python3.11/site-packages/sklearn/preprocessing/_data.py"", line 454, in fit
    return self.partial_fit(X, y)
           ^^^^^^^^^^^^^^^^^^^^^^
  File ""/usr/local/lib/python3.11/site-packages/sklearn/base.py"", line 1365, in wrapper
    return fit_method(estimator, *args, **kwargs)
           ^^^^^^^^^^^^^^^^^^^^^^^^^^^^^^^^^^^^^^
  File ""/usr/local/lib/python3.11/site-packages/sklearn/preprocessing/_data.py"", line 494, in partial_fit
    X = validate_data(
        ^^^^^^^^^^^^^^
  File ""/usr/local/lib/python3.11/site-packages/sklearn/utils/validation.py"", line 2954, in validate_data
    out = check_array(X, input_name=""X"", **check_params)
          ^^^^^^^^^^^^^^^^^^^^^^^^^^^^^^^^^^^^^^^^^^^^^^
  File ""/usr/local/lib/python3.11/site-packages/sklearn/utils/validation.py"", line 1053, in check_array
    array = _asarray_with_order(array, order=order, dtype=dtype, xp=xp)
            ^^^^^^^^^^^^^^^^^^^^^^^^^^^^^^^^^^^^^^^^^^^^^^^^^^^^^^^^^^^
  File ""/usr/local/lib/python3.11/site-packages/sklearn/utils/_array_api.py"", line 757, in _asarray_with_order
    array = numpy.asarray(array, order=order, dtype=dtype)
            ^^^^^^^^^^^^^^^^^^^^^^^^^^^^^^^^^^^^^^^^^^^^^^
  File ""/usr/local/lib/python3.11/site-packages/pandas/core/generic.py"", line 2171, in __array__
    arr = np.asarray(values, dtype=dtype)
          ^^^^^^^^^^^^^^^^^^^^^^^^^^^^^^^
ValueError: could not convert string to float: 'a'","def e_ai_18():
    """"""Scaler on non-numeric data""""""
    import pandas as pd
    from sklearn.preprocessing import MinMaxScaler
    df = pd.DataFrame({""x"": [""a"", ""b"", ""c""]})
    scaler = MinMaxScaler()
    result = scaler.fit_transform(df)




def _select_errors(range_pairs):
    selected = {}
    for name, func in AI_ERRORS.items():
        idx = _err_id(name)
        if any(start <= idx <= end for start, end in range_pairs):
            selected[name] = func
    return selected


",MLError
"2025-11-24T11:47:48.936545 [INFO] [ERROR] e_ai_19: ModuleNotFoundError
File ""/app/errors/ai/__init__.py"", line 97, in _run_error_category
    error_func()
  File ""/app/errors/ai/preprocessing_errors.py"", line 200, in e_ai_19
    import tensorflow as tf
ModuleNotFoundError: No module named 'tensorflow'","def e_ai_19():
    """"""Matrix multiplication dimension error""""""
    import tensorflow as tf
    x = tf.random.uniform((2, 3))
    y = tf.random.uniform((4, 5))
    z = tf.matmul(x, y)




def _select_errors(range_pairs):
    selected = {}
    for name, func in AI_ERRORS.items():
        idx = _err_id(name)
        if any(start <= idx <= end for start, end in range_pairs):
            selected[name] = func
    return selected


",AIError
"2025-11-24T11:47:48.944213 [INFO] [ERROR] e_ai_20: FileNotFoundError
File ""/app/errors/ai/__init__.py"", line 97, in _run_error_category
    error_func()
  File ""/app/errors/ai/preprocessing_errors.py"", line 213, in e_ai_20
    loaded = joblib.load(model_path)
             ^^^^^^^^^^^^^^^^^^^^^^^
  File ""/usr/local/lib/python3.11/site-packages/joblib/numpy_pickle.py"", line 735, in load
    with open(filename, ""rb"") as f:
         ^^^^^^^^^^^^^^^^^^^^
FileNotFoundError: [Errno 2] No such file or directory: 'not_found_model.pkl'","def e_ai_20():
    """"""Missing pickle file""""""
    import joblib
    import os
    model_path = ""missing_model.pkl""
    if not os.path.exists(model_path):
        model_path = model_path.replace(""missing"", ""not_found"")
    loaded = joblib.load(model_path)


# Registry
__all__ = [f'e_ai_{i:02d}' for i in range(1, 21)]


def _select_errors(range_pairs):
    selected = {}
    for name, func in AI_ERRORS.items():
        idx = _err_id(name)
        if any(start <= idx <= end for start, end in range_pairs):
            selected[name] = func
    return selected


",MLError
"2025-11-24T11:47:51.254170 [INFO] [ERROR] e_ai_121: ModuleNotFoundError
File ""/app/errors/ai/__init__.py"", line 97, in _run_error_category
    error_func()
  File ""/app/errors/ai/nextgen_errors.py"", line 184, in e_ai_121
    import torch
ModuleNotFoundError: No module named 'torch'","def e_ai_121():
    """"""Channel-wise normalization configured with mismatched stats""""""
    import torch
    from torchvision import transforms
    img = torch.rand(3, 32, 32)
    norm = transforms.Normalize(mean=[0.5], std=[0.1, 0.2])
    norm(img)




def _select_errors(range_pairs):
    selected = {}
    for name, func in AI_ERRORS.items():
        idx = _err_id(name)
        if any(start <= idx <= end for start, end in range_pairs):
            selected[name] = func
    return selected


",AIError
"2025-11-24T11:47:51.258273 [INFO] [ERROR] e_ai_122: ModuleNotFoundError
File ""/app/errors/ai/__init__.py"", line 97, in _run_error_category
    error_func()
  File ""/app/errors/ai/nextgen_errors.py"", line 193, in e_ai_122
    from torchvision import transforms
ModuleNotFoundError: No module named 'torchvision'","def e_ai_122():
    """"""RandomResizedCrop receives an invalid scaling range""""""
    from torchvision import transforms
    from PIL import Image
    crop = transforms.RandomResizedCrop(size=64, scale=(1.2, 1.0))
    img = Image.new(""RGB"", (128, 128), color=""black"")
    crop(img)




def _select_errors(range_pairs):
    selected = {}
    for name, func in AI_ERRORS.items():
        idx = _err_id(name)
        if any(start <= idx <= end for start, end in range_pairs):
            selected[name] = func
    return selected


",AIError
"2025-11-24T11:47:51.260755 [INFO] [ERROR] e_ai_123: ModuleNotFoundError
File ""/app/errors/ai/__init__.py"", line 97, in _run_error_category
    error_func()
  File ""/app/errors/ai/nextgen_errors.py"", line 202, in e_ai_123
    import torch
ModuleNotFoundError: No module named 'torch'","def e_ai_123():
    """"""GroupNorm requires num_channels divisible by num_groups""""""
    import torch
    layer = torch.nn.GroupNorm(num_groups=3, num_channels=8)
    layer(torch.randn(2, 8, 16, 16))




def _select_errors(range_pairs):
    selected = {}
    for name, func in AI_ERRORS.items():
        idx = _err_id(name)
        if any(start <= idx <= end for start, end in range_pairs):
            selected[name] = func
    return selected


",AIError
"2025-11-24T11:47:51.263069 [INFO] [ERROR] e_ai_124: ModuleNotFoundError
File ""/app/errors/ai/__init__.py"", line 97, in _run_error_category
    error_func()
  File ""/app/errors/ai/nextgen_errors.py"", line 209, in e_ai_124
    from torchvision import transforms
ModuleNotFoundError: No module named 'torchvision'","def e_ai_124():
    """"""ColorJitter brightness bounds are inverted""""""
    from torchvision import transforms
    from PIL import Image
    jitter = transforms.ColorJitter(brightness=(-0.5, 0.5))
    img = Image.new(""RGB"", (32, 32), color=""white"")
    jitter(img)




def _select_errors(range_pairs):
    selected = {}
    for name, func in AI_ERRORS.items():
        idx = _err_id(name)
        if any(start <= idx <= end for start, end in range_pairs):
            selected[name] = func
    return selected


",AIError
"2025-11-24T11:47:51.265704 [INFO] [ERROR] e_ai_125: ModuleNotFoundError
File ""/app/errors/ai/__init__.py"", line 97, in _run_error_category
    error_func()
  File ""/app/errors/ai/nextgen_errors.py"", line 218, in e_ai_125
    import tensorflow as tf
ModuleNotFoundError: No module named 'tensorflow'","def e_ai_125():
    """"""RGB to grayscale conversion fed tensor with 4 channels""""""
    import tensorflow as tf
    image = tf.random.uniform((1, 32, 32, 4))
    tf.image.rgb_to_grayscale(image)




def _select_errors(range_pairs):
    selected = {}
    for name, func in AI_ERRORS.items():
        idx = _err_id(name)
        if any(start <= idx <= end for start, end in range_pairs):
            selected[name] = func
    return selected


",AIError
"2025-11-24T11:47:51.268236 [INFO] [ERROR] e_ai_126: ModuleNotFoundError
File ""/app/errors/ai/__init__.py"", line 97, in _run_error_category
    error_func()
  File ""/app/errors/ai/nextgen_errors.py"", line 225, in e_ai_126
    import torch
ModuleNotFoundError: No module named 'torch'","def e_ai_126():
    """"""Interpolate configured with align_corners for nearest mode""""""
    import torch
    import torch.nn.functional as F
    tensor = torch.randn(1, 3, 16, 16)
    F.interpolate(tensor, size=(8, 8), mode=""nearest"", align_corners=True)




def _select_errors(range_pairs):
    selected = {}
    for name, func in AI_ERRORS.items():
        idx = _err_id(name)
        if any(start <= idx <= end for start, end in range_pairs):
            selected[name] = func
    return selected


",AIError
"2025-11-24T11:47:51.270923 [INFO] [ERROR] e_ai_127: ValueError
File ""/app/errors/ai/__init__.py"", line 97, in _run_error_category
    error_func()
  File ""/app/errors/ai/nextgen_errors.py"", line 237, in e_ai_127
    raise ValueError(""Bounding boxes exceed image dimensions"")
ValueError: Bounding boxes exceed image dimensions","def e_ai_127():
    """"""Bounding boxes exceed frame dimensions during augmentation""""""
    import numpy as np
    img_w, img_h = 128, 128
    boxes = np.array([[10, 10, 200, 200]])
    if (boxes[:, 2] > img_w).any() or (boxes[:, 3] > img_h).any():
        raise ValueError(""Bounding boxes exceed image dimensions"")




def _select_errors(range_pairs):
    selected = {}
    for name, func in AI_ERRORS.items():
        idx = _err_id(name)
        if any(start <= idx <= end for start, end in range_pairs):
            selected[name] = func
    return selected


",AIError
"2025-11-24T11:47:51.273118 [INFO] [ERROR] e_ai_128: ModuleNotFoundError
File ""/app/errors/ai/__init__.py"", line 97, in _run_error_category
    error_func()
  File ""/app/errors/ai/nextgen_errors.py"", line 242, in e_ai_128
    import tensorflow as tf
ModuleNotFoundError: No module named 'tensorflow'","def e_ai_128():
    """"""Crop-to-bounding-box spans outside tensor""""""
    import tensorflow as tf
    image = tf.random.uniform((64, 64, 3))
    tf.image.crop_to_bounding_box(image, offset_height=40, offset_width=40, target_height=40, target_width=40)




def _select_errors(range_pairs):
    selected = {}
    for name, func in AI_ERRORS.items():
        idx = _err_id(name)
        if any(start <= idx <= end for start, end in range_pairs):
            selected[name] = func
    return selected


",AIError
"2025-11-24T11:47:51.305105 [INFO] [ERROR] e_ai_129: ValueError
File ""/app/errors/ai/__init__.py"", line 97, in _run_error_category
    error_func()
  File ""/app/errors/ai/nextgen_errors.py"", line 252, in e_ai_129
    raise ValueError(""Padding values must be non-negative"")
ValueError: Padding values must be non-negative","def e_ai_129():
    """"""Pad transform given negative padding width""""""
    from PIL import Image
    padding = (-5, 5)
    if any(p < 0 for p in padding):
        raise ValueError(""Padding values must be non-negative"")
    Image.new(""RGB"", (16, 16))




def _select_errors(range_pairs):
    selected = {}
    for name, func in AI_ERRORS.items():
        idx = _err_id(name)
        if any(start <= idx <= end for start, end in range_pairs):
            selected[name] = func
    return selected


",AIError
"2025-11-24T11:47:51.307990 [INFO] [ERROR] e_ai_130: ModuleNotFoundError
File ""/app/errors/ai/__init__.py"", line 97, in _run_error_category
    error_func()
  File ""/app/errors/ai/nextgen_errors.py"", line 258, in e_ai_130
    import torch
ModuleNotFoundError: No module named 'torch'","def e_ai_130():
    """"""Conv2d dilation cannot be zero""""""
    import torch
    layer = torch.nn.Conv2d(3, 8, kernel_size=3, dilation=0)
    layer(torch.randn(1, 3, 32, 32))




def _select_errors(range_pairs):
    selected = {}
    for name, func in AI_ERRORS.items():
        idx = _err_id(name)
        if any(start <= idx <= end for start, end in range_pairs):
            selected[name] = func
    return selected


",AIError
"2025-11-24T11:47:51.309833 [INFO] [ERROR] e_ai_131: RuntimeError
File ""/app/errors/ai/__init__.py"", line 97, in _run_error_category
    error_func()
  File ""/app/errors/ai/nextgen_errors.py"", line 269, in e_ai_131
    raise RuntimeError(""Segmentation mask resolution mismatch"")
RuntimeError: Segmentation mask resolution mismatch","def e_ai_131():
    """"""Segmentation mask resolution diverges from image resolution""""""
    import numpy as np
    image = np.zeros((256, 256))
    mask = np.zeros((128, 128))
    if image.shape != mask.shape:
        raise RuntimeError(""Segmentation mask resolution mismatch"")




def _select_errors(range_pairs):
    selected = {}
    for name, func in AI_ERRORS.items():
        idx = _err_id(name)
        if any(start <= idx <= end for start, end in range_pairs):
            selected[name] = func
    return selected


",AIError
"2025-11-24T11:47:51.311369 [INFO] [ERROR] e_ai_132: ModuleNotFoundError
File ""/app/errors/ai/__init__.py"", line 97, in _run_error_category
    error_func()
  File ""/app/errors/ai/nextgen_errors.py"", line 274, in e_ai_132
    import torch
ModuleNotFoundError: No module named 'torch'","def e_ai_132():
    """"""Histogram equalization requires uint8 inputs""""""
    import torch
    from torchvision.transforms import functional as F
    tensor = torch.rand(3, 32, 32)
    F.equalize(tensor)




def _select_errors(range_pairs):
    selected = {}
    for name, func in AI_ERRORS.items():
        idx = _err_id(name)
        if any(start <= idx <= end for start, end in range_pairs):
            selected[name] = func
    return selected


",AIError
"2025-11-24T11:47:51.312753 [INFO] [ERROR] e_ai_133: ValueError
File ""/app/errors/ai/__init__.py"", line 97, in _run_error_category
    error_func()
  File ""/app/errors/ai/nextgen_errors.py"", line 284, in e_ai_133
    raise ValueError(""Target size must be positive for resize operations"")
ValueError: Target size must be positive for resize operations","def e_ai_133():
    """"""Resize cannot be invoked with non-positive target""""""
    target_size = 0
    if target_size <= 0:
        raise ValueError(""Target size must be positive for resize operations"")




def _select_errors(range_pairs):
    selected = {}
    for name, func in AI_ERRORS.items():
        idx = _err_id(name)
        if any(start <= idx <= end for start, end in range_pairs):
            selected[name] = func
    return selected


",AIError
"2025-11-24T11:47:51.315056 [INFO] [ERROR] e_ai_134: ModuleNotFoundError
File ""/app/errors/ai/__init__.py"", line 97, in _run_error_category
    error_func()
  File ""/app/errors/ai/nextgen_errors.py"", line 289, in e_ai_134
    import torch
ModuleNotFoundError: No module named 'torch'","def e_ai_134():
    """"""Pad tuple length must match dimensions""""""
    import torch
    import torch.nn.functional as F
    tensor = torch.randn(1, 1, 16)
    F.pad(tensor, (1, 2, 3))




def _select_errors(range_pairs):
    selected = {}
    for name, func in AI_ERRORS.items():
        idx = _err_id(name)
        if any(start <= idx <= end for start, end in range_pairs):
            selected[name] = func
    return selected


",AIError
"2025-11-24T11:47:51.316514 [INFO] [ERROR] e_ai_135: RuntimeError
File ""/app/errors/ai/__init__.py"", line 97, in _run_error_category
    error_func()
  File ""/app/errors/ai/nextgen_errors.py"", line 300, in e_ai_135
    raise RuntimeError(""HDR pipeline received SDR bit depth"")
RuntimeError: HDR pipeline received SDR bit depth","def e_ai_135():
    """"""HDR pipeline rejects SDR frames""""""
    import numpy as np
    metadata = {""bit_depth"": 8}
    if metadata[""bit_depth""] < 10:
        raise RuntimeError(""HDR pipeline received SDR bit depth"")




def _select_errors(range_pairs):
    selected = {}
    for name, func in AI_ERRORS.items():
        idx = _err_id(name)
        if any(start <= idx <= end for start, end in range_pairs):
            selected[name] = func
    return selected


",AIError
"2025-11-24T11:47:51.317685 [INFO] [ERROR] e_ai_136: RuntimeError
File ""/app/errors/ai/__init__.py"", line 97, in _run_error_category
    error_func()
  File ""/app/errors/ai/nextgen_errors.py"", line 308, in e_ai_136
    raise RuntimeError(""Capture aspect ratio violates rendering contract"")
RuntimeError: Capture aspect ratio violates rendering contract","def e_ai_136():
    """"""Camera metadata announces unsupported capture resolution""""""
    metadata = {""sensor_width"": 1920, ""sensor_height"": 1080, ""required_aspect"": 1.0}
    aspect = metadata[""sensor_width""] / metadata[""sensor_height""]
    if abs(aspect - metadata[""required_aspect""]) > 0.2:
        raise RuntimeError(""Capture aspect ratio violates rendering contract"")




def _select_errors(range_pairs):
    selected = {}
    for name, func in AI_ERRORS.items():
        idx = _err_id(name)
        if any(start <= idx <= end for start, end in range_pairs):
            selected[name] = func
    return selected


",AIError
"2025-11-24T11:47:51.318850 [INFO] [ERROR] e_ai_137: ModuleNotFoundError
File ""/app/errors/ai/__init__.py"", line 97, in _run_error_category
    error_func()
  File ""/app/errors/ai/nextgen_errors.py"", line 313, in e_ai_137
    import torch
ModuleNotFoundError: No module named 'torch'","def e_ai_137():
    """"""Non-maximum suppression inputs must share lengths""""""
    import torch
    from torchvision.ops import nms
    boxes = torch.tensor([[0., 0., 10., 10.]])
    scores = torch.tensor([0.9, 0.8])
    nms(boxes, scores, 0.5)




def _select_errors(range_pairs):
    selected = {}
    for name, func in AI_ERRORS.items():
        idx = _err_id(name)
        if any(start <= idx <= end for start, end in range_pairs):
            selected[name] = func
    return selected


",AIError
"2025-11-24T11:47:51.320026 [INFO] [ERROR] e_ai_138: RuntimeError
File ""/app/errors/ai/__init__.py"", line 97, in _run_error_category
    error_func()
  File ""/app/errors/ai/nextgen_errors.py"", line 324, in e_ai_138
    raise RuntimeError(""Perspective augmentation probabilities exceed 1.0"")
RuntimeError: Perspective augmentation probabilities exceed 1.0","def e_ai_138():
    """"""Perspective transform probabilities must sum to <=1""""""
    probabilities = [0.6, 0.5]
    if sum(probabilities) > 1.0:
        raise RuntimeError(""Perspective augmentation probabilities exceed 1.0"")




def _select_errors(range_pairs):
    selected = {}
    for name, func in AI_ERRORS.items():
        idx = _err_id(name)
        if any(start <= idx <= end for start, end in range_pairs):
            selected[name] = func
    return selected


",AIError
"2025-11-24T11:47:51.321349 [INFO] [ERROR] e_ai_139: ModuleNotFoundError
File ""/app/errors/ai/__init__.py"", line 97, in _run_error_category
    error_func()
  File ""/app/errors/ai/nextgen_errors.py"", line 329, in e_ai_139
    import torch
ModuleNotFoundError: No module named 'torch'","def e_ai_139():
    """"""Channel shuffle configured with divisor that does not divide features""""""
    import torch
    tensor = torch.randn(1, 5, 16, 16)
    groups = 2
    if tensor.shape[1] % groups != 0:
        raise ValueError(""Channel shuffle groups must divide channels"")




def _select_errors(range_pairs):
    selected = {}
    for name, func in AI_ERRORS.items():
        idx = _err_id(name)
        if any(start <= idx <= end for start, end in range_pairs):
            selected[name] = func
    return selected


",AIError
"2025-11-24T11:47:51.322572 [INFO] [ERROR] e_ai_140: RuntimeError
File ""/app/errors/ai/__init__.py"", line 97, in _run_error_category
    error_func()
  File ""/app/errors/ai/nextgen_errors.py"", line 341, in e_ai_140
    raise RuntimeError(""Stride window must be positive for tiling"")
RuntimeError: Stride window must be positive for tiling","def e_ai_140():
    """"""Vision batching rejects negative stride window""""""
    import numpy as np
    window = -4
    if window <= 0:
        raise RuntimeError(""Stride window must be positive for tiling"")

# ============================================================
# Embeddings & NLP Stack Errors (141 - 160)
# ============================================================



def _select_errors(range_pairs):
    selected = {}
    for name, func in AI_ERRORS.items():
        idx = _err_id(name)
        if any(start <= idx <= end for start, end in range_pairs):
            selected[name] = func
    return selected


",AIError
"2025-11-24T11:47:51.327490 [INFO] [ERROR] e_ai_21: ModuleNotFoundError
File ""/app/errors/ai/__init__.py"", line 97, in _run_error_category
    error_func()
  File ""/app/errors/ai/vision_errors.py"", line 20, in e_ai_21
    import torch
ModuleNotFoundError: No module named 'torch'","def e_ai_21():
    """"""Linear layer dimension mismatch""""""
    import torch
    layer = torch.nn.Linear(5, 5)
    input_tensor = torch.randn(10, 3)
    output = layer(input_tensor)




def _select_errors(range_pairs):
    selected = {}
    for name, func in AI_ERRORS.items():
        idx = _err_id(name)
        if any(start <= idx <= end for start, end in range_pairs):
            selected[name] = func
    return selected


",AIError
"2025-11-24T11:47:51.331808 [INFO] [ERROR] e_ai_22: FileNotFoundError
File ""/app/errors/ai/__init__.py"", line 97, in _run_error_category
    error_func()
  File ""/app/errors/ai/vision_errors.py"", line 33, in e_ai_22
    df = pd.read_csv(csv_path)
         ^^^^^^^^^^^^^^^^^^^^^
  File ""/usr/local/lib/python3.11/site-packages/pandas/io/parsers/readers.py"", line 1026, in read_csv
    return _read(filepath_or_buffer, kwds)
           ^^^^^^^^^^^^^^^^^^^^^^^^^^^^^^^
  File ""/usr/local/lib/python3.11/site-packages/pandas/io/parsers/readers.py"", line 620, in _read
    parser = TextFileReader(filepath_or_buffer, **kwds)
             ^^^^^^^^^^^^^^^^^^^^^^^^^^^^^^^^^^^^^^^^^^
  File ""/usr/local/lib/python3.11/site-packages/pandas/io/parsers/readers.py"", line 1620, in __init__
    self._engine = self._make_engine(f, self.engine)
                   ^^^^^^^^^^^^^^^^^^^^^^^^^^^^^^^^^
  File ""/usr/local/lib/python3.11/site-packages/pandas/io/parsers/readers.py"", line 1880, in _make_engine
    self.handles = get_handle(
                   ^^^^^^^^^^^
  File ""/usr/local/lib/python3.11/site-packages/pandas/io/common.py"", line 873, in get_handle
    handle = open(
             ^^^^^
FileNotFoundError: [Errno 2] No such file or directory: '../definitely_missing_file_abc123.csv'","def e_ai_22():
    """"""CSV file not found""""""
    import pandas as pd
    import os
    csv_path = ""definitely_missing_file_abc123.csv""
    if not os.path.exists(csv_path):
        csv_path = ""../"" + csv_path
    df = pd.read_csv(csv_path)




def _select_errors(range_pairs):
    selected = {}
    for name, func in AI_ERRORS.items():
        idx = _err_id(name)
        if any(start <= idx <= end for start, end in range_pairs):
            selected[name] = func
    return selected


",PythonError
"2025-11-24T11:47:51.333383 [INFO] [ERROR] e_ai_23: ValueError
File ""/app/errors/ai/__init__.py"", line 97, in _run_error_category
    error_func()
  File ""/app/errors/ai/vision_errors.py"", line 40, in e_ai_23
    reshaped = arr.reshape((3, 3))
               ^^^^^^^^^^^^^^^^^^^
ValueError: cannot reshape array of size 5 into shape (3,3)","def e_ai_23():
    """"""Reshape incompatible dimensions""""""
    import numpy as np
    arr = np.arange(5)
    reshaped = arr.reshape((3, 3))




def _select_errors(range_pairs):
    selected = {}
    for name, func in AI_ERRORS.items():
        idx = _err_id(name)
        if any(start <= idx <= end for start, end in range_pairs):
            selected[name] = func
    return selected


",AIError
"2025-11-24T11:47:51.334718 [INFO] [ERROR] e_ai_24: ModuleNotFoundError
File ""/app/errors/ai/__init__.py"", line 97, in _run_error_category
    error_func()
  File ""/app/errors/ai/vision_errors.py"", line 45, in e_ai_24
    import torch
ModuleNotFoundError: No module named 'torch'","def e_ai_24():
    """"""CUDA device not available""""""
    import torch
    try:
        tensor = torch.zeros((10, 10), device=""cuda:50"")
    except:
        tensor = torch.zeros((10, 10), device=""invalid_device"")




def _select_errors(range_pairs):
    selected = {}
    for name, func in AI_ERRORS.items():
        idx = _err_id(name)
        if any(start <= idx <= end for start, end in range_pairs):
            selected[name] = func
    return selected


",AIError
"2025-11-24T11:47:51.337233 [INFO] [ERROR] e_ai_25: ValueError
File ""/app/errors/ai/__init__.py"", line 97, in _run_error_category
    error_func()
  File ""/app/errors/ai/vision_errors.py"", line 58, in e_ai_25
    result = imputer.fit_transform(df)
             ^^^^^^^^^^^^^^^^^^^^^^^^^
  File ""/usr/local/lib/python3.11/site-packages/sklearn/utils/_set_output.py"", line 316, in wrapped
    data_to_wrap = f(self, X, *args, **kwargs)
                   ^^^^^^^^^^^^^^^^^^^^^^^^^^^
  File ""/usr/local/lib/python3.11/site-packages/sklearn/base.py"", line 894, in fit_transform
    return self.fit(X, **fit_params).transform(X)
           ^^^^^^^^^^^^^^^^^^^^^^^^^
  File ""/usr/local/lib/python3.11/site-packages/sklearn/base.py"", line 1365, in wrapper
    return fit_method(estimator, *args, **kwargs)
           ^^^^^^^^^^^^^^^^^^^^^^^^^^^^^^^^^^^^^^
  File ""/usr/local/lib/python3.11/site-packages/sklearn/impute/_base.py"", line 452, in fit
    X = self._validate_input(X, in_fit=True)
        ^^^^^^^^^^^^^^^^^^^^^^^^^^^^^^^^^^^^
  File ""/usr/local/lib/python3.11/site-packages/sklearn/impute/_base.py"", line 377, in _validate_input
    raise new_ve from None
ValueError: Cannot use mean strategy with non-numeric data:
could not convert string to float: 'x'","def e_ai_25():
    """"""Imputer on mixed types""""""
    import pandas as pd
    from sklearn.impute import SimpleImputer
    df = pd.DataFrame({""a"": [1, 2, 3], ""b"": [""x"", ""y"", ""z""]})
    imputer = SimpleImputer(strategy=""mean"")
    result = imputer.fit_transform(df)




def _select_errors(range_pairs):
    selected = {}
    for name, func in AI_ERRORS.items():
        idx = _err_id(name)
        if any(start <= idx <= end for start, end in range_pairs):
            selected[name] = func
    return selected


",MLError
"2025-11-24T11:47:51.338606 [INFO] [ERROR] e_ai_26: ModuleNotFoundError
File ""/app/errors/ai/__init__.py"", line 97, in _run_error_category
    error_func()
  File ""/app/errors/ai/vision_errors.py"", line 63, in e_ai_26
    import tensorflow as tf
ModuleNotFoundError: No module named 'tensorflow'","def e_ai_26():
    """"""LSTM input shape mismatch""""""
    import tensorflow as tf
    model = tf.keras.Sequential([tf.keras.layers.LSTM(4)])
    input_data = tf.random.uniform((1, 5))
    output = model(input_data)




def _select_errors(range_pairs):
    selected = {}
    for name, func in AI_ERRORS.items():
        idx = _err_id(name)
        if any(start <= idx <= end for start, end in range_pairs):
            selected[name] = func
    return selected


",AIError
"2025-11-24T11:47:51.339852 [INFO] [ERROR] e_ai_27: ModuleNotFoundError
File ""/app/errors/ai/__init__.py"", line 97, in _run_error_category
    error_func()
  File ""/app/errors/ai/vision_errors.py"", line 71, in e_ai_27
    import transformers
ModuleNotFoundError: No module named 'transformers'","def e_ai_27():
    """"""Tokenizer missing pad token""""""
    import transformers
    tokenizer = transformers.AutoTokenizer.from_pretrained(""bert-base-uncased"")
    tokenizer.pad_token = None
    tokens = tokenizer([""a"", ""b""], padding=True)




def _select_errors(range_pairs):
    selected = {}
    for name, func in AI_ERRORS.items():
        idx = _err_id(name)
        if any(start <= idx <= end for start, end in range_pairs):
            selected[name] = func
    return selected


",AIError
"2025-11-24T11:47:51.341116 [INFO] [ERROR] e_ai_28: ModuleNotFoundError
File ""/app/errors/ai/__init__.py"", line 97, in _run_error_category
    error_func()
  File ""/app/errors/ai/vision_errors.py"", line 79, in e_ai_28
    import torch
ModuleNotFoundError: No module named 'torch'","def e_ai_28():
    """"""Backward on detached tensor""""""
    import torch
    x = torch.randn((5, 5), requires_grad=True)
    y = x.detach()
    y.backward(torch.ones_like(y))




def _select_errors(range_pairs):
    selected = {}
    for name, func in AI_ERRORS.items():
        idx = _err_id(name)
        if any(start <= idx <= end for start, end in range_pairs):
            selected[name] = func
    return selected


",AIError
"2025-11-24T11:47:51.342313 [INFO] [ERROR] e_ai_29: ValueError
File ""/app/errors/ai/__init__.py"", line 97, in _run_error_category
    error_func()
  File ""/app/errors/ai/vision_errors.py"", line 89, in e_ai_29
    choice = np.random.choice(empty_array)
             ^^^^^^^^^^^^^^^^^^^^^^^^^^^^^
  File ""numpy/random/mtrand.pyx"", line 970, in numpy.random.mtrand.RandomState.choice
ValueError: 'a' cannot be empty unless no samples are taken","def e_ai_29():
    """"""Random choice from empty array""""""
    import numpy as np
    empty_array = np.array([])
    choice = np.random.choice(empty_array)




def _select_errors(range_pairs):
    selected = {}
    for name, func in AI_ERRORS.items():
        idx = _err_id(name)
        if any(start <= idx <= end for start, end in range_pairs):
            selected[name] = func
    return selected


",AIError
"2025-11-24T11:47:51.343509 [INFO] [ERROR] e_ai_30: InvalidParameterError
File ""/app/errors/ai/__init__.py"", line 97, in _run_error_category
    error_func()
  File ""/app/errors/ai/vision_errors.py"", line 96, in e_ai_30
    clf.fit([[1, 2], [3, 4]], [0, 1])
  File ""/usr/local/lib/python3.11/site-packages/sklearn/base.py"", line 1358, in wrapper
    estimator._validate_params()
  File ""/usr/local/lib/python3.11/site-packages/sklearn/base.py"", line 471, in _validate_params
    validate_parameter_constraints(
  File ""/usr/local/lib/python3.11/site-packages/sklearn/utils/_param_validation.py"", line 98, in validate_parameter_constraints
    raise InvalidParameterError(
sklearn.utils._param_validation.InvalidParameterError: The 'max_depth' parameter of DecisionTreeClassifier must be an int in the range [1, inf) or None. Got 'not_a_number' instead.","def e_ai_30():
    """"""Decision tree invalid max_depth""""""
    from sklearn.tree import DecisionTreeClassifier
    clf = DecisionTreeClassifier(max_depth=""not_a_number"")
    clf.fit([[1, 2], [3, 4]], [0, 1])




def _select_errors(range_pairs):
    selected = {}
    for name, func in AI_ERRORS.items():
        idx = _err_id(name)
        if any(start <= idx <= end for start, end in range_pairs):
            selected[name] = func
    return selected


",MLError
"2025-11-24T11:47:51.344844 [INFO] [ERROR] e_ai_31: ModuleNotFoundError
File ""/app/errors/ai/__init__.py"", line 97, in _run_error_category
    error_func()
  File ""/app/errors/ai/vision_errors.py"", line 101, in e_ai_31
    import tensorflow as tf
ModuleNotFoundError: No module named 'tensorflow'","def e_ai_31():
    """"""TensorFlow model not found""""""
    import tensorflow as tf
    import os
    model_dir = ""missing_model_dir/""
    if not os.path.exists(model_dir):
        model_dir = model_dir.replace(""missing"", ""not_found"")
    model = tf.keras.models.load_model(model_dir)




def _select_errors(range_pairs):
    selected = {}
    for name, func in AI_ERRORS.items():
        idx = _err_id(name)
        if any(start <= idx <= end for start, end in range_pairs):
            selected[name] = func
    return selected


",AIError
"2025-11-24T11:47:51.361314 [INFO] [ERROR] e_ai_32: ModuleNotFoundError
File ""/app/errors/ai/__init__.py"", line 97, in _run_error_category
    error_func()
  File ""/app/errors/ai/vision_errors.py"", line 111, in e_ai_32
    import torch
ModuleNotFoundError: No module named 'torch'","def e_ai_32():
    """"""Memory error - huge tensor""""""
    import torch
    huge_tensor = torch.randn(int(1e15), int(1e15))
    torch.save(huge_tensor, ""bigfile.pt"")




def _select_errors(range_pairs):
    selected = {}
    for name, func in AI_ERRORS.items():
        idx = _err_id(name)
        if any(start <= idx <= end for start, end in range_pairs):
            selected[name] = func
    return selected


",AIError
"2025-11-24T11:47:51.365910 [INFO] [ERROR] e_ai_33: ModuleNotFoundError
File ""/app/errors/ai/__init__.py"", line 97, in _run_error_category
    error_func()
  File ""/app/errors/ai/vision_errors.py"", line 118, in e_ai_33
    import transformers
ModuleNotFoundError: No module named 'transformers'","def e_ai_33():
    """"""Unknown model revision""""""
    import transformers
    model = transformers.AutoModel.from_pretrained(
        ""bert-base-uncased"",
        revision=""unknown_tag_12345""
    )




def _select_errors(range_pairs):
    selected = {}
    for name, func in AI_ERRORS.items():
        idx = _err_id(name)
        if any(start <= idx <= end for start, end in range_pairs):
            selected[name] = func
    return selected


",AIError
"2025-11-24T11:47:51.381592 [INFO] [ERROR] e_ai_34: TypeError
File ""/app/errors/ai/__init__.py"", line 97, in _run_error_category
    error_func()
  File ""/app/errors/ai/vision_errors.py"", line 129, in e_ai_34
    df[""bad""] = df[""x""].apply(lambda v: v[""bad""])
                ^^^^^^^^^^^^^^^^^^^^^^^^^^^^^^^^^
  File ""/usr/local/lib/python3.11/site-packages/pandas/core/series.py"", line 4943, in apply
    ).apply()
      ^^^^^^^
  File ""/usr/local/lib/python3.11/site-packages/pandas/core/apply.py"", line 1422, in apply
    return self.apply_standard()
           ^^^^^^^^^^^^^^^^^^^^^
  File ""/usr/local/lib/python3.11/site-packages/pandas/core/apply.py"", line 1502, in apply_standard
    mapped = obj._map_values(
             ^^^^^^^^^^^^^^^^
  File ""/usr/local/lib/python3.11/site-packages/pandas/core/base.py"", line 925, in _map_values
    return algorithms.map_array(arr, mapper, na_action=na_action, convert=convert)
           ^^^^^^^^^^^^^^^^^^^^^^^^^^^^^^^^^^^^^^^^^^^^^^^^^^^^^^^^^^^^^^^^^^^^^^^
  File ""/usr/local/lib/python3.11/site-packages/pandas/core/algorithms.py"", line 1743, in map_array
    return lib.map_infer(values, mapper, convert=convert)
           ^^^^^^^^^^^^^^^^^^^^^^^^^^^^^^^^^^^^^^^^^^^^^^
  File ""pandas/_libs/lib.pyx"", line 2999, in pandas._libs.lib.map_infer
  File ""/app/errors/ai/vision_errors.py"", line 129, in <lambda>
    df[""bad""] = df[""x""].apply(lambda v: v[""bad""])
                                        ~^^^^^^^
TypeError: 'int' object is not subscriptable","def e_ai_34():
    """"""Invalid dictionary indexing""""""
    import pandas as pd
    df = pd.DataFrame({""x"": [1, 2, 3]})
    df[""bad""] = df[""x""].apply(lambda v: v[""bad""])




def e_ai_34():
    """"""Invalid dictionary indexing""""""
    import pandas as pd
    df = pd.DataFrame({""x"": [1, 2, 3]})
    df[""bad""] = df[""x""].apply(lambda v: v[""bad""])




def _select_errors(range_pairs):
    selected = {}
    for name, func in AI_ERRORS.items():
        idx = _err_id(name)
        if any(start <= idx <= end for start, end in range_pairs):
            selected[name] = func
    return selected


",PythonError
"2025-11-24T11:47:51.385622 [INFO] [ERROR] e_ai_35: TypeError
File ""/app/errors/ai/__init__.py"", line 97, in _run_error_category
    error_func()
  File ""/app/errors/ai/vision_errors.py"", line 136, in e_ai_35
    processed = 1 / len(pipeline_output)
                    ^^^^^^^^^^^^^^^^^^^^
TypeError: object of type 'NoneType' has no len()","def e_ai_35():
    """"""Null pointer dereference""""""
    pipeline_output = None
    if pipeline_output is None:
        processed = 1 / len(pipeline_output)




def _select_errors(range_pairs):
    selected = {}
    for name, func in AI_ERRORS.items():
        idx = _err_id(name)
        if any(start <= idx <= end for start, end in range_pairs):
            selected[name] = func
    return selected


",PythonError
"2025-11-24T11:47:51.388673 [INFO] [ERROR] e_ai_36: ModuleNotFoundError
File ""/app/errors/ai/__init__.py"", line 97, in _run_error_category
    error_func()
  File ""/app/errors/ai/vision_errors.py"", line 141, in e_ai_36
    import torch
ModuleNotFoundError: No module named 'torch'","def e_ai_36():
    """"""ResNet channel mismatch""""""
    import torch
    import torchvision
    image = torch.randn(1, 4, 224, 224)
    model = torchvision.models.resnet18(pretrained=False)
    output = model(image)




def _select_errors(range_pairs):
    selected = {}
    for name, func in AI_ERRORS.items():
        idx = _err_id(name)
        if any(start <= idx <= end for start, end in range_pairs):
            selected[name] = func
    return selected


",AIError
"2025-11-24T11:47:51.391075 [INFO] [ERROR] e_ai_37: ModuleNotFoundError
File ""/app/errors/ai/__init__.py"", line 97, in _run_error_category
    error_func()
  File ""/app/errors/ai/vision_errors.py"", line 150, in e_ai_37
    import torch.nn as nn
ModuleNotFoundError: No module named 'torch'","def e_ai_37():
    """"""Conv2D applied to wrong tensor""""""
    import torch.nn as nn
    import torch
    layer = nn.Linear(10, 5)
    x = torch.randn(5, 10)
    y = layer(x)
    z = nn.Conv2d(5, 16, 3)(y)




def _select_errors(range_pairs):
    selected = {}
    for name, func in AI_ERRORS.items():
        idx = _err_id(name)
        if any(start <= idx <= end for start, end in range_pairs):
            selected[name] = func
    return selected


",AIError
"2025-11-24T11:47:51.393113 [INFO] [ERROR] e_ai_38: ModuleNotFoundError
File ""/app/errors/ai/__init__.py"", line 97, in _run_error_category
    error_func()
  File ""/app/errors/ai/vision_errors.py"", line 160, in e_ai_38
    import tensorflow as tf
ModuleNotFoundError: No module named 'tensorflow'","def e_ai_38():
    """"""Autoencoder shape mismatch""""""
    import tensorflow as tf
    encoder = tf.keras.Sequential([tf.keras.layers.Dense(10, input_shape=(20,))])
    decoder = tf.keras.Sequential([tf.keras.layers.Dense(20)])
    x = tf.random.uniform((1, 15))
    z = encoder(x)
    y = decoder(z)




def _select_errors(range_pairs):
    selected = {}
    for name, func in AI_ERRORS.items():
        idx = _err_id(name)
        if any(start <= idx <= end for start, end in range_pairs):
            selected[name] = func
    return selected


",AIError
"2025-11-24T11:47:51.395161 [INFO] [ERROR] e_ai_39: ModuleNotFoundError
File ""/app/errors/ai/__init__.py"", line 97, in _run_error_category
    error_func()
  File ""/app/errors/ai/vision_errors.py"", line 170, in e_ai_39
    import torch
ModuleNotFoundError: No module named 'torch'","def e_ai_39():
    """"""Negative learning rate""""""
    import torch
    from torch.optim import Adam
    model = torch.nn.Linear(5, 2)
    optimizer = Adam(model.parameters(), lr=-0.001)
    x = torch.randn(1, 5)
    loss = model(x).sum()




def _select_errors(range_pairs):
    selected = {}
    for name, func in AI_ERRORS.items():
        idx = _err_id(name)
        if any(start <= idx <= end for start, end in range_pairs):
            selected[name] = func
    return selected


",AIError
"2025-11-24T11:47:51.397852 [INFO] [ERROR] e_ai_40: ModuleNotFoundError
File ""/app/errors/ai/__init__.py"", line 97, in _run_error_category
    error_func()
  File ""/app/errors/ai/vision_errors.py"", line 180, in e_ai_40
    import torch
ModuleNotFoundError: No module named 'torch'","def e_ai_40():
    """"""Embedding index out of bounds""""""
    import torch
    import torch.nn as nn
    embedding_layer = nn.Embedding(100, 50)
    indices = torch.LongTensor([0, 105, 50])
    embeddings = embedding_layer(indices)


# Registry
__all__ = [f'e_ai_{i:02d}' for i in range(21, 41)]


def _select_errors(range_pairs):
    selected = {}
    for name, func in AI_ERRORS.items():
        idx = _err_id(name)
        if any(start <= idx <= end for start, end in range_pairs):
            selected[name] = func
    return selected


",AIError
"2025-11-24T11:47:53.511533 [INFO] [ERROR] e_ai_141: ModuleNotFoundError
File ""/app/errors/ai/__init__.py"", line 97, in _run_error_category
    error_func()
  File ""/app/errors/ai/nextgen_errors.py"", line 349, in e_ai_141
    import torch
ModuleNotFoundError: No module named 'torch'","def e_ai_141():
    """"""Embedding padding index configured beyond vocabulary size""""""
    import torch
    torch.nn.Embedding(num_embeddings=8, embedding_dim=4, padding_idx=12)




def _select_errors(range_pairs):
    selected = {}
    for name, func in AI_ERRORS.items():
        idx = _err_id(name)
        if any(start <= idx <= end for start, end in range_pairs):
            selected[name] = func
    return selected


",AIError
"2025-11-24T11:47:53.515676 [INFO] [ERROR] e_ai_142: ValueError
File ""/app/errors/ai/__init__.py"", line 97, in _run_error_category
    error_func()
  File ""/app/errors/ai/nextgen_errors.py"", line 359, in e_ai_142
    raise ValueError(""Embedding dimension mismatch between document and query"")
ValueError: Embedding dimension mismatch between document and query","def e_ai_142():
    """"""Similarity search fails when vector dimensions diverge""""""
    import numpy as np
    doc = np.random.rand(768)
    query = np.random.rand(512)
    if doc.shape[0] != query.shape[0]:
        raise ValueError(""Embedding dimension mismatch between document and query"")




def _select_errors(range_pairs):
    selected = {}
    for name, func in AI_ERRORS.items():
        idx = _err_id(name)
        if any(start <= idx <= end for start, end in range_pairs):
            selected[name] = func
    return selected


",AIError
"2025-11-24T11:47:53.518847 [INFO] [ERROR] e_ai_143: ValueError
File ""/app/errors/ai/__init__.py"", line 97, in _run_error_category
    error_func()
  File ""/app/errors/ai/nextgen_errors.py"", line 366, in e_ai_143
    np.stack(vectors)
  File ""/usr/local/lib/python3.11/site-packages/numpy/_core/shape_base.py"", line 460, in stack
    raise ValueError('all input arrays must have the same shape')
ValueError: all input arrays must have the same shape","def e_ai_143():
    """"""Stacking ragged sentence embeddings raises ValueError""""""
    import numpy as np
    vectors = [np.random.rand(384), np.random.rand(256)]
    np.stack(vectors)




def _select_errors(range_pairs):
    selected = {}
    for name, func in AI_ERRORS.items():
        idx = _err_id(name)
        if any(start <= idx <= end for start, end in range_pairs):
            selected[name] = func
    return selected


",AIError
"2025-11-24T11:47:53.521949 [INFO] [ERROR] e_ai_144: ValueError
File ""/app/errors/ai/__init__.py"", line 97, in _run_error_category
    error_func()
  File ""/app/errors/ai/nextgen_errors.py"", line 375, in e_ai_144
    cosine_similarity(a, b)
  File ""/usr/local/lib/python3.11/site-packages/sklearn/utils/_param_validation.py"", line 218, in wrapper
    return func(*args, **kwargs)
           ^^^^^^^^^^^^^^^^^^^^^
  File ""/usr/local/lib/python3.11/site-packages/sklearn/metrics/pairwise.py"", line 1728, in cosine_similarity
    X, Y = check_pairwise_arrays(X, Y)
           ^^^^^^^^^^^^^^^^^^^^^^^^^^^
  File ""/usr/local/lib/python3.11/site-packages/sklearn/metrics/pairwise.py"", line 229, in check_pairwise_arrays
    raise ValueError(
ValueError: Incompatible dimension for X and Y matrices: X.shape[1] == 512 while Y.shape[1] == 256","def e_ai_144():
    """"""Cosine similarity expects equal latent sizes""""""
    import numpy as np
    from sklearn.metrics.pairwise import cosine_similarity
    a = np.random.rand(2, 512)
    b = np.random.rand(2, 256)
    cosine_similarity(a, b)




def _select_errors(range_pairs):
    selected = {}
    for name, func in AI_ERRORS.items():
        idx = _err_id(name)
        if any(start <= idx <= end for start, end in range_pairs):
            selected[name] = func
    return selected


",MLError
"2025-11-24T11:47:53.533155 [INFO] [ERROR] e_ai_145: ValueError
File ""/app/errors/ai/__init__.py"", line 97, in _run_error_category
    error_func()
  File ""/app/errors/ai/nextgen_errors.py"", line 383, in e_ai_145
    TSNE(perplexity=50).fit_transform(X)
  File ""/usr/local/lib/python3.11/site-packages/sklearn/utils/_set_output.py"", line 316, in wrapped
    data_to_wrap = f(self, X, *args, **kwargs)
                   ^^^^^^^^^^^^^^^^^^^^^^^^^^^
  File ""/usr/local/lib/python3.11/site-packages/sklearn/base.py"", line 1365, in wrapper
    return fit_method(estimator, *args, **kwargs)
           ^^^^^^^^^^^^^^^^^^^^^^^^^^^^^^^^^^^^^^
  File ""/usr/local/lib/python3.11/site-packages/sklearn/manifold/_t_sne.py"", line 1143, in fit_transform
    self._check_params_vs_input(X)
  File ""/usr/local/lib/python3.11/site-packages/sklearn/manifold/_t_sne.py"", line 847, in _check_params_vs_input
    raise ValueError(
ValueError: perplexity (50) must be less than n_samples (10)","def e_ai_145():
    """"""t-SNE perplexity cannot exceed sample count""""""
    import numpy as np
    from sklearn.manifold import TSNE
    X = np.random.rand(10, 64)
    TSNE(perplexity=50).fit_transform(X)




def _select_errors(range_pairs):
    selected = {}
    for name, func in AI_ERRORS.items():
        idx = _err_id(name)
        if any(start <= idx <= end for start, end in range_pairs):
            selected[name] = func
    return selected


",MLError
"2025-11-24T11:47:53.544680 [INFO] [ERROR] e_ai_146: RuntimeError
File ""/app/errors/ai/__init__.py"", line 97, in _run_error_category
    error_func()
  File ""/app/errors/ai/nextgen_errors.py"", line 391, in e_ai_146
    raise RuntimeError(""Tokenizer version drift detected"")
RuntimeError: Tokenizer version drift detected","def e_ai_146():
    """"""Tokenizer registry missing expected vocabulary version""""""
    expected = {""checksum"": ""abc123"", ""version"": ""v5""}
    runtime = {""checksum"": ""abc123"", ""version"": ""v4""}
    if expected[""version""] != runtime[""version""]:
        raise RuntimeError(""Tokenizer version drift detected"")




def _select_errors(range_pairs):
    selected = {}
    for name, func in AI_ERRORS.items():
        idx = _err_id(name)
        if any(start <= idx <= end for start, end in range_pairs):
            selected[name] = func
    return selected


",AIError
"2025-11-24T11:47:53.554073 [INFO] [ERROR] e_ai_147: ModuleNotFoundError
File ""/app/errors/ai/__init__.py"", line 97, in _run_error_category
    error_func()
  File ""/app/errors/ai/nextgen_errors.py"", line 396, in e_ai_147
    import torch
ModuleNotFoundError: No module named 'torch'","def e_ai_147():
    """"""Embedding bag offsets must be strictly increasing""""""
    import torch
    embedding = torch.nn.EmbeddingBag(10, 4)
    indices = torch.tensor([1, 2, 3])
    offsets = torch.tensor([0, 0, 2])
    embedding(indices, offsets)




def _select_errors(range_pairs):
    selected = {}
    for name, func in AI_ERRORS.items():
        idx = _err_id(name)
        if any(start <= idx <= end for start, end in range_pairs):
            selected[name] = func
    return selected


",AIError
"2025-11-24T11:47:53.557694 [INFO] [ERROR] e_ai_148: KeyError
File ""/app/errors/ai/__init__.py"", line 97, in _run_error_category
    error_func()
  File ""/app/errors/ai/nextgen_errors.py"", line 408, in e_ai_148
    raise KeyError(""SentencePiece vocabulary missing <unk> token mapping"")
KeyError: 'SentencePiece vocabulary missing <unk> token mapping'","def e_ai_148():
    """"""SentencePiece vocabulary lookup fails for reserved tokens""""""
    tokens = {""<s>"": 0, ""</s>"": 1}
    query = ""<unk>""
    if query not in tokens:
        raise KeyError(""SentencePiece vocabulary missing <unk> token mapping"")




def _select_errors(range_pairs):
    selected = {}
    for name, func in AI_ERRORS.items():
        idx = _err_id(name)
        if any(start <= idx <= end for start, end in range_pairs):
            selected[name] = func
    return selected


",AIError
"2025-11-24T11:47:53.560525 [INFO] [ERROR] e_ai_150: RuntimeError
File ""/app/errors/ai/__init__.py"", line 97, in _run_error_category
    error_func()
  File ""/app/errors/ai/nextgen_errors.py"", line 423, in e_ai_150
    raise RuntimeError(""ANN shard centroid dimension mismatch"")
RuntimeError: ANN shard centroid dimension mismatch","def e_ai_150():
    """"""ANN shard reports inconsistent centroid dimension""""""
    catalog = {""centroid_dim"": 256}
    shard_dim = 300
    if catalog[""centroid_dim""] != shard_dim:
        raise RuntimeError(""ANN shard centroid dimension mismatch"")




def _select_errors(range_pairs):
    selected = {}
    for name, func in AI_ERRORS.items():
        idx = _err_id(name)
        if any(start <= idx <= end for start, end in range_pairs):
            selected[name] = func
    return selected


",AIError
"2025-11-24T11:47:53.564968 [INFO] [ERROR] e_ai_151: ValueError
File ""/app/errors/ai/__init__.py"", line 97, in _run_error_category
    error_func()
  File ""/app/errors/ai/nextgen_errors.py"", line 430, in e_ai_151
    raise ValueError(""Quantizer bit width must be positive"")
ValueError: Quantizer bit width must be positive","def e_ai_151():
    """"""Embedding quantizer rejects negative bit width""""""
    bit_width = -2
    if bit_width <= 0:
        raise ValueError(""Quantizer bit width must be positive"")




def _select_errors(range_pairs):
    selected = {}
    for name, func in AI_ERRORS.items():
        idx = _err_id(name)
        if any(start <= idx <= end for start, end in range_pairs):
            selected[name] = func
    return selected


",AIError
"2025-11-24T11:47:53.568288 [INFO] [ERROR] e_ai_152: RuntimeError
File ""/app/errors/ai/__init__.py"", line 97, in _run_error_category
    error_func()
  File ""/app/errors/ai/nextgen_errors.py"", line 438, in e_ai_152
    raise RuntimeError(""Detected locale not supported by embedding router"")
RuntimeError: Detected locale not supported by embedding router","def e_ai_152():
    """"""Language detector returns unsupported locale code""""""
    detected = ""xx-YY""
    supported = {""en-US"", ""fr-FR""}
    if detected not in supported:
        raise RuntimeError(""Detected locale not supported by embedding router"")




def _select_errors(range_pairs):
    selected = {}
    for name, func in AI_ERRORS.items():
        idx = _err_id(name)
        if any(start <= idx <= end for start, end in range_pairs):
            selected[name] = func
    return selected


",AIError
"2025-11-24T11:47:53.571120 [INFO] [ERROR] e_ai_153: ValueError
File ""/app/errors/ai/__init__.py"", line 97, in _run_error_category
    error_func()
  File ""/app/errors/ai/nextgen_errors.py"", line 446, in e_ai_153
    raise ValueError(""Sequence length exceeds tokenizer max_tokens"")
ValueError: Sequence length exceeds tokenizer max_tokens","def e_ai_153():
    """"""Tokenizer splits exceed configured max tokens""""""
    max_tokens = 8
    actual_tokens = list(range(20))
    if len(actual_tokens) > max_tokens:
        raise ValueError(""Sequence length exceeds tokenizer max_tokens"")




def _select_errors(range_pairs):
    selected = {}
    for name, func in AI_ERRORS.items():
        idx = _err_id(name)
        if any(start <= idx <= end for start, end in range_pairs):
            selected[name] = func
    return selected


",AIError
"2025-11-24T11:47:53.574607 [INFO] [ERROR] e_ai_154: ModuleNotFoundError
File ""/app/errors/ai/__init__.py"", line 97, in _run_error_category
    error_func()
  File ""/app/errors/ai/nextgen_errors.py"", line 451, in e_ai_154
    import torch
ModuleNotFoundError: No module named 'torch'","def e_ai_154():
    """"""Contrastive loss expects paired embeddings""""""
    import torch
    from torch.nn import functional as F
    anchor = torch.randn(1, 128)
    positives = torch.randn(1, 64)
    F.cosine_embedding_loss(anchor, positives, torch.ones(1))




def _select_errors(range_pairs):
    selected = {}
    for name, func in AI_ERRORS.items():
        idx = _err_id(name)
        if any(start <= idx <= end for start, end in range_pairs):
            selected[name] = func
    return selected


",AIError
"2025-11-24T11:47:53.577951 [INFO] [ERROR] e_ai_155: ModuleNotFoundError
File ""/app/errors/ai/__init__.py"", line 97, in _run_error_category
    error_func()
  File ""/app/errors/ai/nextgen_errors.py"", line 460, in e_ai_155
    from tensorflow.keras.layers import TextVectorization
ModuleNotFoundError: No module named 'tensorflow'","def e_ai_155():
    """"""Text vectorization fails because vocabulary not adapted""""""
    from tensorflow.keras.layers import TextVectorization
    layer = TextVectorization(max_tokens=100)
    layer([""hello world""])




def _select_errors(range_pairs):
    selected = {}
    for name, func in AI_ERRORS.items():
        idx = _err_id(name)
        if any(start <= idx <= end for start, end in range_pairs):
            selected[name] = func
    return selected


",AIError
"2025-11-24T11:47:53.583246 [INFO] [ERROR] e_ai_156: ValueError
File ""/app/errors/ai/__init__.py"", line 97, in _run_error_category
    error_func()
  File ""/app/errors/ai/nextgen_errors.py"", line 470, in e_ai_156
    raise ValueError(""Encountered NaN values during embedding normalization"")
ValueError: Encountered NaN values during embedding normalization","def e_ai_156():
    """"""Embedding normalization rejects NaN vectors""""""
    import numpy as np
    vector = np.array([1.0, np.nan, 3.0])
    if np.isnan(vector).any():
        raise ValueError(""Encountered NaN values during embedding normalization"")




def _select_errors(range_pairs):
    selected = {}
    for name, func in AI_ERRORS.items():
        idx = _err_id(name)
        if any(start <= idx <= end for start, end in range_pairs):
            selected[name] = func
    return selected


",AIError
"2025-11-24T11:47:53.585982 [INFO] [ERROR] e_ai_157: KeyError
File ""/app/errors/ai/__init__.py"", line 97, in _run_error_category
    error_func()
  File ""/app/errors/ai/nextgen_errors.py"", line 477, in e_ai_157
    raise KeyError(""Tokenizer configuration missing 'truncate' strategy"")
KeyError: ""Tokenizer configuration missing 'truncate' strategy""","def e_ai_157():
    """"""Tokenizer truncation strategy missing required key""""""
    strategy = {}
    if ""truncate"" not in strategy:
        raise KeyError(""Tokenizer configuration missing 'truncate' strategy"")




def _select_errors(range_pairs):
    selected = {}
    for name, func in AI_ERRORS.items():
        idx = _err_id(name)
        if any(start <= idx <= end for start, end in range_pairs):
            selected[name] = func
    return selected


",AIError
"2025-11-24T11:47:53.588205 [INFO] [ERROR] e_ai_158: KeyError
File ""/app/errors/ai/__init__.py"", line 97, in _run_error_category
    error_func()
  File ""/app/errors/ai/nextgen_errors.py"", line 485, in e_ai_158
    raise KeyError(""Cannot evict document embedding that never existed"")
KeyError: 'Cannot evict document embedding that never existed'","def e_ai_158():
    """"""Embedding cache tries to evict non-existent document""""""
    cache = {""doc-1"": [0.1, 0.2]}
    target = ""doc-99""
    if target not in cache:
        raise KeyError(""Cannot evict document embedding that never existed"")




def _select_errors(range_pairs):
    selected = {}
    for name, func in AI_ERRORS.items():
        idx = _err_id(name)
        if any(start <= idx <= end for start, end in range_pairs):
            selected[name] = func
    return selected


",AIError
"2025-11-24T11:47:53.590020 [INFO] [ERROR] e_ai_159: RuntimeError
File ""/app/errors/ai/__init__.py"", line 97, in _run_error_category
    error_func()
  File ""/app/errors/ai/nextgen_errors.py"", line 492, in e_ai_159
    raise RuntimeError(""Window stride must be positive for embedding windows"")
RuntimeError: Window stride must be positive for embedding windows","def e_ai_159():
    """"""Sentence window generator rejects negative stride""""""
    stride = -3
    if stride <= 0:
        raise RuntimeError(""Window stride must be positive for embedding windows"")




def _select_errors(range_pairs):
    selected = {}
    for name, func in AI_ERRORS.items():
        idx = _err_id(name)
        if any(start <= idx <= end for start, end in range_pairs):
            selected[name] = func
    return selected


",AIError
"2025-11-24T11:47:53.592067 [INFO] [ERROR] e_ai_160: ValueError
File ""/app/errors/ai/__init__.py"", line 97, in _run_error_category
    error_func()
  File ""/app/errors/ai/nextgen_errors.py"", line 500, in e_ai_160
    raise ValueError(""Replica count must be divisible by shard count"")
ValueError: Replica count must be divisible by shard count","def e_ai_160():
    """"""Vector database shard count must evenly divide replica count""""""
    shards = 3
    replicas = 4
    if replicas % shards != 0:
        raise ValueError(""Replica count must be divisible by shard count"")

# ============================================================
# Autograd, Optimization & Sequence Errors (161 - 180)
# ============================================================



def _select_errors(range_pairs):
    selected = {}
    for name, func in AI_ERRORS.items():
        idx = _err_id(name)
        if any(start <= idx <= end for start, end in range_pairs):
            selected[name] = func
    return selected


",PythonError
"2025-11-24T11:47:53.605935 [INFO] [ERROR] e_ai_41: ModuleNotFoundError
File ""/app/errors/ai/__init__.py"", line 97, in _run_error_category
    error_func()
  File ""/app/errors/ai/embeddings_errors.py"", line 20, in e_ai_41
    import tensorflow as tf
ModuleNotFoundError: No module named 'tensorflow'","def e_ai_41():
    """"""Embedding with out-of-vocabulary index""""""
    import tensorflow as tf
    model = tf.keras.Sequential([
        tf.keras.layers.Embedding(50, 32, input_length=10),
        tf.keras.layers.LSTM(16),
        tf.keras.layers.Dense(1, activation='sigmoid')
    ])
    x = tf.random.uniform((1, 10), maxval=100, dtype=tf.int32)
    y = model(x)




def _select_errors(range_pairs):
    selected = {}
    for name, func in AI_ERRORS.items():
        idx = _err_id(name)
        if any(start <= idx <= end for start, end in range_pairs):
            selected[name] = func
    return selected


",AIError
"2025-11-24T11:47:53.608595 [INFO] [ERROR] e_ai_42: InvalidParameterError
File ""/app/errors/ai/__init__.py"", line 97, in _run_error_category
    error_func()
  File ""/app/errors/ai/embeddings_errors.py"", line 37, in e_ai_42
    model.fit(X, y)
  File ""/usr/local/lib/python3.11/site-packages/sklearn/base.py"", line 1358, in wrapper
    estimator._validate_params()
  File ""/usr/local/lib/python3.11/site-packages/sklearn/base.py"", line 471, in _validate_params
    validate_parameter_constraints(
  File ""/usr/local/lib/python3.11/site-packages/sklearn/utils/_param_validation.py"", line 98, in validate_parameter_constraints
    raise InvalidParameterError(
sklearn.utils._param_validation.InvalidParameterError: The 'max_depth' parameter of RandomForestRegressor must be an int in the range [1, inf) or None. Got 'invalid' instead.","def e_ai_42():
    """"""Random forest invalid max_depth""""""
    import numpy as np
    from sklearn.ensemble import RandomForestRegressor
    X = np.random.randn(50, 5)
    y = np.random.randn(50)
    model = RandomForestRegressor(max_depth=""invalid"")
    model.fit(X, y)




def _select_errors(range_pairs):
    selected = {}
    for name, func in AI_ERRORS.items():
        idx = _err_id(name)
        if any(start <= idx <= end for start, end in range_pairs):
            selected[name] = func
    return selected


",MLError
"2025-11-24T11:47:53.611539 [INFO] [ERROR] e_ai_43: ModuleNotFoundError
File ""/app/errors/ai/__init__.py"", line 97, in _run_error_category
    error_func()
  File ""/app/errors/ai/embeddings_errors.py"", line 42, in e_ai_43
    import torch
ModuleNotFoundError: No module named 'torch'","def e_ai_43():
    """"""Double backward error""""""
    import torch
    x = torch.randn(5, 5, requires_grad=True)
    y = (x ** 2).sum()
    y.backward()
    z = (y ** 2).sum()
    z.backward()




def _select_errors(range_pairs):
    selected = {}
    for name, func in AI_ERRORS.items():
        idx = _err_id(name)
        if any(start <= idx <= end for start, end in range_pairs):
            selected[name] = func
    return selected


",AIError
"2025-11-24T11:47:53.621319 [INFO] [ERROR] e_ai_44: ModuleNotFoundError
File ""/app/errors/ai/__init__.py"", line 97, in _run_error_category
    error_func()
  File ""/app/errors/ai/embeddings_errors.py"", line 52, in e_ai_44
    import tensorflow as tf
ModuleNotFoundError: No module named 'tensorflow'","def e_ai_44():
    """"""TensorFlow tape already used""""""
    import tensorflow as tf
    x = tf.Variable([[1.0, 2.0], [3.0, 4.0]])
    with tf.GradientTape() as tape:
        y = tf.reduce_sum(x ** 2)
    grad = tape.gradient(y, x)
    grad = tape.gradient(y, x)




def _select_errors(range_pairs):
    selected = {}
    for name, func in AI_ERRORS.items():
        idx = _err_id(name)
        if any(start <= idx <= end for start, end in range_pairs):
            selected[name] = func
    return selected


",AIError
"2025-11-24T11:47:53.624257 [INFO] [ERROR] e_ai_45: ValueError
File ""/app/errors/ai/__init__.py"", line 97, in _run_error_category
    error_func()
  File ""/app/errors/ai/embeddings_errors.py"", line 65, in e_ai_45
    score = metrics.accuracy_score(y_true, y_pred)
            ^^^^^^^^^^^^^^^^^^^^^^^^^^^^^^^^^^^^^^
  File ""/usr/local/lib/python3.11/site-packages/sklearn/utils/_param_validation.py"", line 218, in wrapper
    return func(*args, **kwargs)
           ^^^^^^^^^^^^^^^^^^^^^
  File ""/usr/local/lib/python3.11/site-packages/sklearn/metrics/_classification.py"", line 359, in accuracy_score
    y_type, y_true, y_pred = _check_targets(y_true, y_pred)
                             ^^^^^^^^^^^^^^^^^^^^^^^^^^^^^^
  File ""/usr/local/lib/python3.11/site-packages/sklearn/metrics/_classification.py"", line 97, in _check_targets
    check_consistent_length(y_true, y_pred)
  File ""/usr/local/lib/python3.11/site-packages/sklearn/utils/validation.py"", line 473, in check_consistent_length
    raise ValueError(
ValueError: Found input variables with inconsistent numbers of samples: [3, 2]","def e_ai_45():
    """"""Metric length mismatch""""""
    import sklearn.metrics as metrics
    y_true = [0, 1, 2]
    y_pred = [0, 2]
    score = metrics.accuracy_score(y_true, y_pred)




def _select_errors(range_pairs):
    selected = {}
    for name, func in AI_ERRORS.items():
        idx = _err_id(name)
        if any(start <= idx <= end for start, end in range_pairs):
            selected[name] = func
    return selected


",MLError
"2025-11-24T11:47:53.626092 [INFO] [ERROR] e_ai_46: ModuleNotFoundError
File ""/app/errors/ai/__init__.py"", line 97, in _run_error_category
    error_func()
  File ""/app/errors/ai/embeddings_errors.py"", line 70, in e_ai_46
    import torch
ModuleNotFoundError: No module named 'torch'","def e_ai_46():
    """"""Packed sequence length incompatibility""""""
    import torch
    from torch.nn.utils.rnn import pack_padded_sequence
    x = torch.randn(10, 20)
    lengths = torch.LongTensor([25, 15, 20])
    packed = pack_padded_sequence(x, lengths, enforce_sorted=False)




def _select_errors(range_pairs):
    selected = {}
    for name, func in AI_ERRORS.items():
        idx = _err_id(name)
        if any(start <= idx <= end for start, end in range_pairs):
            selected[name] = func
    return selected


",AIError
"2025-11-24T11:47:53.627728 [INFO] [ERROR] e_ai_47: ModuleNotFoundError
File ""/app/errors/ai/__init__.py"", line 97, in _run_error_category
    error_func()
  File ""/app/errors/ai/embeddings_errors.py"", line 79, in e_ai_47
    import tensorflow as tf
ModuleNotFoundError: No module named 'tensorflow'","def e_ai_47():
    """"""Model loss computation""""""
    import tensorflow as tf
    model = tf.keras.Sequential([tf.keras.layers.Dense(10)])
    model.compile(optimizer=""adam"", loss=""sparse_categorical_crossentropy"")
    x = tf.random.uniform((5, 5))
    y = tf.constant([0, 1, 2, 3, 4])
    model.fit(x, y, epochs=1)




def _select_errors(range_pairs):
    selected = {}
    for name, func in AI_ERRORS.items():
        idx = _err_id(name)
        if any(start <= idx <= end for start, end in range_pairs):
            selected[name] = func
    return selected


",AIError
"2025-11-24T11:47:53.629171 [INFO] [ERROR] e_ai_48: ModuleNotFoundError
File ""/app/errors/ai/__init__.py"", line 97, in _run_error_category
    error_func()
  File ""/app/errors/ai/embeddings_errors.py"", line 89, in e_ai_48
    from transformers import AutoConfig, AutoModel
ModuleNotFoundError: No module named 'transformers'","def e_ai_48():
    """"""Transformer config with negative hidden size""""""
    from transformers import AutoConfig, AutoModel
    import torch
    config = AutoConfig.from_pretrained(""bert-base-uncased"")
    config.hidden_size = -100
    model = AutoModel.from_config(config)
    model(torch.randn(1, 10, config.hidden_size))




def _select_errors(range_pairs):
    selected = {}
    for name, func in AI_ERRORS.items():
        idx = _err_id(name)
        if any(start <= idx <= end for start, end in range_pairs):
            selected[name] = func
    return selected


",AIError
"2025-11-24T11:47:53.637134 [INFO] [ERROR] e_ai_49: ModuleNotFoundError
File ""/app/errors/ai/__init__.py"", line 97, in _run_error_category
    error_func()
  File ""/app/errors/ai/embeddings_errors.py"", line 99, in e_ai_49
    import torch
ModuleNotFoundError: No module named 'torch'","def e_ai_49():
    """"""Batch norm incompatible dimensions""""""
    import torch
    model = torch.nn.Sequential(
        torch.nn.Linear(10, 20),
        torch.nn.BatchNorm1d(10)
    )
    x = torch.randn(5, 10)
    y = model(x)




def _select_errors(range_pairs):
    selected = {}
    for name, func in AI_ERRORS.items():
        idx = _err_id(name)
        if any(start <= idx <= end for start, end in range_pairs):
            selected[name] = func
    return selected


",AIError
"2025-11-24T11:47:53.639023 [INFO] [ERROR] e_ai_50: ValueError
File ""/app/errors/ai/__init__.py"", line 97, in _run_error_category
    error_func()
  File ""/app/errors/ai/embeddings_errors.py"", line 114, in e_ai_50
    X_transformed = pca.fit_transform(X)
                    ^^^^^^^^^^^^^^^^^^^^
  File ""/usr/local/lib/python3.11/site-packages/sklearn/utils/_set_output.py"", line 316, in wrapped
    data_to_wrap = f(self, X, *args, **kwargs)
                   ^^^^^^^^^^^^^^^^^^^^^^^^^^^
  File ""/usr/local/lib/python3.11/site-packages/sklearn/base.py"", line 1365, in wrapper
    return fit_method(estimator, *args, **kwargs)
           ^^^^^^^^^^^^^^^^^^^^^^^^^^^^^^^^^^^^^^
  File ""/usr/local/lib/python3.11/site-packages/sklearn/decomposition/_pca.py"", line 466, in fit_transform
    U, S, _, X, x_is_centered, xp = self._fit(X)
                                    ^^^^^^^^^^^^
  File ""/usr/local/lib/python3.11/site-packages/sklearn/decomposition/_pca.py"", line 540, in _fit
    return self._fit_full(X, n_components, xp, is_array_api_compliant)
           ^^^^^^^^^^^^^^^^^^^^^^^^^^^^^^^^^^^^^^^^^^^^^^^^^^^^^^^^^^^
  File ""/usr/local/lib/python3.11/site-packages/sklearn/decomposition/_pca.py"", line 554, in _fit_full
    raise ValueError(
ValueError: n_components=150 must be between 0 and min(n_samples, n_features)=5 with svd_solver='full'","def e_ai_50():
    """"""PCA more components than samples""""""
    import numpy as np
    from sklearn.decomposition import PCA
    X = np.random.randn(5, 100)
    pca = PCA(n_components=150)
    X_transformed = pca.fit_transform(X)




def _select_errors(range_pairs):
    selected = {}
    for name, func in AI_ERRORS.items():
        idx = _err_id(name)
        if any(start <= idx <= end for start, end in range_pairs):
            selected[name] = func
    return selected


",MLError
"2025-11-24T11:47:53.640384 [INFO] [ERROR] e_ai_51: ModuleNotFoundError
File ""/app/errors/ai/__init__.py"", line 97, in _run_error_category
    error_func()
  File ""/app/errors/ai/embeddings_errors.py"", line 119, in e_ai_51
    import tensorflow as tf
ModuleNotFoundError: No module named 'tensorflow'","def e_ai_51():
    """"""Infinity in tensor""""""
    import tensorflow as tf
    tf.debugging.assert_all_finite(tf.constant([1.0, float('inf')]), ""Check failed"")




def _select_errors(range_pairs):
    selected = {}
    for name, func in AI_ERRORS.items():
        idx = _err_id(name)
        if any(start <= idx <= end for start, end in range_pairs):
            selected[name] = func
    return selected


",AIError
"2025-11-24T11:47:53.641745 [INFO] [ERROR] e_ai_52: ModuleNotFoundError
File ""/app/errors/ai/__init__.py"", line 97, in _run_error_category
    error_func()
  File ""/app/errors/ai/embeddings_errors.py"", line 125, in e_ai_52
    import torch
ModuleNotFoundError: No module named 'torch'","def e_ai_52():
    """"""Index out of bounds""""""
    import torch
    x = torch.randn(5, 5)
    indices = torch.LongTensor([10, 3, 1])
    y = x[indices]




def _select_errors(range_pairs):
    selected = {}
    for name, func in AI_ERRORS.items():
        idx = _err_id(name)
        if any(start <= idx <= end for start, end in range_pairs):
            selected[name] = func
    return selected


",AIError
"2025-11-24T11:47:53.643657 [INFO] [ERROR] e_ai_53: ValueError
File ""/usr/local/lib/python3.11/site-packages/sklearn/utils/_encode.py"", line 235, in _encode
    return _map_to_integer(values, uniques)
           ^^^^^^^^^^^^^^^^^^^^^^^^^^^^^^^^
  File ""/usr/local/lib/python3.11/site-packages/sklearn/utils/_encode.py"", line 174, in _map_to_integer
    return xp.asarray([table[v] for v in values], device=device(values))
                      ^^^^^^^^^^^^^^^^^^^^^^^^^^
  File ""/usr/local/lib/python3.11/site-packages/sklearn/utils/_encode.py"", line 174, in <listcomp>
    return xp.asarray([table[v] for v in values], device=device(values))
                       ~~~~~^^^
  File ""/usr/local/lib/python3.11/site-packages/sklearn/utils/_encode.py"", line 167, in __missing__
    raise KeyError(key)
KeyError: np.str_('elep')

During handling of the above exception, another exception occurred:


  File ""/app/errors/ai/__init__.py"", line 97, in _run_error_category
    error_func()
  File ""/app/errors/ai/embeddings_errors.py"", line 137, in e_ai_53
    result = encoder.transform(['cat', 'elephant'])
             ^^^^^^^^^^^^^^^^^^^^^^^^^^^^^^^^^^^^^^
  File ""/usr/local/lib/python3.11/site-packages/sklearn/preprocessing/_label.py"", line 134, in transform
    return _encode(y, uniques=self.classes_)
           ^^^^^^^^^^^^^^^^^^^^^^^^^^^^^^^^^
  File ""/usr/local/lib/python3.11/site-packages/sklearn/utils/_encode.py"", line 237, in _encode
    raise ValueError(f""y contains previously unseen labels: {e}"")
ValueError: y contains previously unseen labels: np.str_('elep')","def e_ai_53():
    """"""LabelEncoder unseen label""""""
    import pandas as pd
    from sklearn.preprocessing import LabelEncoder
    encoder = LabelEncoder()
    encoder.fit(['cat', 'dog', 'bird'])
    result = encoder.transform(['cat', 'elephant'])




def _select_errors(range_pairs):
    selected = {}
    for name, func in AI_ERRORS.items():
        idx = _err_id(name)
        if any(start <= idx <= end for start, end in range_pairs):
            selected[name] = func
    return selected


",MLError
"2025-11-24T11:47:53.645137 [INFO] [ERROR] e_ai_54: ModuleNotFoundError
File ""/app/errors/ai/__init__.py"", line 97, in _run_error_category
    error_func()
  File ""/app/errors/ai/embeddings_errors.py"", line 142, in e_ai_54
    import torch.nn as nn
ModuleNotFoundError: No module named 'torch'","def e_ai_54():
    """"""Attention with mismatched dimensions""""""
    import torch.nn as nn
    import torch
    attention = nn.MultiheadAttention(embed_dim=64, num_heads=8)
    q = torch.randn(10, 2, 64)
    k = torch.randn(10, 2, 32)
    v = torch.randn(10, 2, 64)
    output = attention(q, k, v)




def _select_errors(range_pairs):
    selected = {}
    for name, func in AI_ERRORS.items():
        idx = _err_id(name)
        if any(start <= idx <= end for start, end in range_pairs):
            selected[name] = func
    return selected


",AIError
"2025-11-24T11:47:53.651192 [INFO] [ERROR] e_ai_55: ModuleNotFoundError
File ""/app/errors/ai/__init__.py"", line 97, in _run_error_category
    error_func()
  File ""/app/errors/ai/embeddings_errors.py"", line 153, in e_ai_55
    import tensorflow as tf
ModuleNotFoundError: No module named 'tensorflow'","def e_ai_55():
    """"""Softmax invalid axis""""""
    import tensorflow as tf
    x = tf.random.uniform((10, 20))
    y = tf.nn.softmax(x, axis=5)




def _select_errors(range_pairs):
    selected = {}
    for name, func in AI_ERRORS.items():
        idx = _err_id(name)
        if any(start <= idx <= end for start, end in range_pairs):
            selected[name] = func
    return selected


",AIError
"2025-11-24T11:47:53.652818 [INFO] [ERROR] e_ai_56: ModuleNotFoundError
File ""/app/errors/ai/__init__.py"", line 97, in _run_error_category
    error_func()
  File ""/app/errors/ai/embeddings_errors.py"", line 160, in e_ai_56
    import torch
ModuleNotFoundError: No module named 'torch'","def e_ai_56():
    """"""Adaptive pool size too large""""""
    import torch
    from torch.nn import functional as F
    x = torch.randn(2, 3, 4, 5)
    y = F.adaptive_avg_pool2d(x, output_size=(10, 10))




def _select_errors(range_pairs):
    selected = {}
    for name, func in AI_ERRORS.items():
        idx = _err_id(name)
        if any(start <= idx <= end for start, end in range_pairs):
            selected[name] = func
    return selected


",AIError
"2025-11-24T11:47:53.659399 [INFO] [ERROR] e_ai_57: ValueError
File ""/app/errors/ai/__init__.py"", line 97, in _run_error_category
    error_func()
  File ""/app/errors/ai/embeddings_errors.py"", line 174, in e_ai_57
    knn.predict(np.random.randn(1, 5))
  File ""/usr/local/lib/python3.11/site-packages/sklearn/neighbors/_classification.py"", line 262, in predict
    probabilities = self.predict_proba(X)
                    ^^^^^^^^^^^^^^^^^^^^^
  File ""/usr/local/lib/python3.11/site-packages/sklearn/neighbors/_classification.py"", line 371, in predict_proba
    neigh_ind = self.kneighbors(X, return_distance=False)
                ^^^^^^^^^^^^^^^^^^^^^^^^^^^^^^^^^^^^^^^^^
  File ""/usr/local/lib/python3.11/site-packages/sklearn/neighbors/_base.py"", line 854, in kneighbors
    raise ValueError(
ValueError: Expected n_neighbors <= n_samples_fit, but n_neighbors = 20, n_samples_fit = 10, n_samples = 1","def e_ai_57():
    """"""KNN n_neighbors too large""""""
    import numpy as np
    from sklearn.neighbors import KNeighborsClassifier
    X = np.random.randn(10, 5)
    y = np.array([0, 1, 0, 1, 0, 1, 0, 1, 0, 1])
    knn = KNeighborsClassifier(n_neighbors=20)
    knn.fit(X, y)
    knn.predict(np.random.randn(1, 5))




def _select_errors(range_pairs):
    selected = {}
    for name, func in AI_ERRORS.items():
        idx = _err_id(name)
        if any(start <= idx <= end for start, end in range_pairs):
            selected[name] = func
    return selected


",MLError
"2025-11-24T11:47:53.662003 [INFO] [ERROR] e_ai_58: ModuleNotFoundError
File ""/app/errors/ai/__init__.py"", line 97, in _run_error_category
    error_func()
  File ""/app/errors/ai/embeddings_errors.py"", line 179, in e_ai_58
    import torch
ModuleNotFoundError: No module named 'torch'","def e_ai_58():
    """"""Optimizer with empty parameters""""""
    import torch
    import torch.optim as optim
    model = torch.nn.Linear(5, 2)
    optimizer = optim.SGD([])
    x = torch.randn(1, 5)
    loss = model(x).sum()




def _select_errors(range_pairs):
    selected = {}
    for name, func in AI_ERRORS.items():
        idx = _err_id(name)
        if any(start <= idx <= end for start, end in range_pairs):
            selected[name] = func
    return selected


",AIError
"2025-11-24T11:47:53.682622 [INFO] [ERROR] e_ai_59: ModuleNotFoundError
File ""/app/errors/ai/__init__.py"", line 97, in _run_error_category
    error_func()
  File ""/app/errors/ai/embeddings_errors.py"", line 189, in e_ai_59
    import tensorflow as tf
ModuleNotFoundError: No module named 'tensorflow'","def e_ai_59():
    """"""TF function with variable""""""
    import tensorflow as tf
    @tf.function


def _select_errors(range_pairs):
    selected = {}
    for name, func in AI_ERRORS.items():
        idx = _err_id(name)
        if any(start <= idx <= end for start, end in range_pairs):
            selected[name] = func
    return selected


",AIError
"2025-11-24T11:47:53.686370 [INFO] [ERROR] e_ai_60: ModuleNotFoundError
File ""/app/errors/ai/__init__.py"", line 97, in _run_error_category
    error_func()
  File ""/app/errors/ai/embeddings_errors.py"", line 198, in e_ai_60
    import torch
ModuleNotFoundError: No module named 'torch'","def e_ai_60():
    """"""Duplicate weight norm""""""
    import torch
    from torch.nn.utils import weight_norm
    layer = torch.nn.Linear(5, 5)
    layer = weight_norm(layer, name=""weight"")
    layer = weight_norm(layer, name=""weight"")


# Registry
__all__ = [f'e_ai_{i:02d}' for i in range(41, 61)]


def _select_errors(range_pairs):
    selected = {}
    for name, func in AI_ERRORS.items():
        idx = _err_id(name)
        if any(start <= idx <= end for start, end in range_pairs):
            selected[name] = func
    return selected


",AIError
"2025-11-24T11:47:55.827655 [INFO] [ERROR] e_ai_161: ModuleNotFoundError
File ""/app/errors/ai/__init__.py"", line 97, in _run_error_category
    error_func()
  File ""/app/errors/ai/nextgen_errors.py"", line 508, in e_ai_161
    import torch
ModuleNotFoundError: No module named 'torch'","def e_ai_161():
    """"""autograd.grad called on tensor that does not require gradients""""""
    import torch
    x = torch.ones(4, requires_grad=False)
    torch.autograd.grad(x.sum(), x)




def _select_errors(range_pairs):
    selected = {}
    for name, func in AI_ERRORS.items():
        idx = _err_id(name)
        if any(start <= idx <= end for start, end in range_pairs):
            selected[name] = func
    return selected


",AIError
"2025-11-24T11:47:55.834278 [INFO] [ERROR] e_ai_162: ModuleNotFoundError
File ""/app/errors/ai/__init__.py"", line 97, in _run_error_category
    error_func()
  File ""/app/errors/ai/nextgen_errors.py"", line 515, in e_ai_162
    import torch
ModuleNotFoundError: No module named 'torch'","def e_ai_162():
    """"""Backward gradient output shape mismatch""""""
    import torch
    y = torch.randn(3, requires_grad=True)
    loss = y.sum()
    torch.autograd.backward(loss, grad_tensors=torch.randn(2))




def _select_errors(range_pairs):
    selected = {}
    for name, func in AI_ERRORS.items():
        idx = _err_id(name)
        if any(start <= idx <= end for start, end in range_pairs):
            selected[name] = func
    return selected


",AIError
"2025-11-24T11:47:55.839980 [INFO] [ERROR] e_ai_163: ModuleNotFoundError
File ""/app/errors/ai/__init__.py"", line 97, in _run_error_category
    error_func()
  File ""/app/errors/ai/nextgen_errors.py"", line 523, in e_ai_163
    import torch
ModuleNotFoundError: No module named 'torch'","def e_ai_163():
    """"""GRU hidden state dimension mismatch""""""
    import torch
    gru = torch.nn.GRU(input_size=5, hidden_size=7)
    x = torch.randn(1, 1, 5)
    h0 = torch.randn(2, 1, 7)
    gru(x, h0)




def _select_errors(range_pairs):
    selected = {}
    for name, func in AI_ERRORS.items():
        idx = _err_id(name)
        if any(start <= idx <= end for start, end in range_pairs):
            selected[name] = func
    return selected


",AIError
"2025-11-24T11:47:55.849571 [INFO] [ERROR] e_ai_164: ModuleNotFoundError
File ""/app/errors/ai/__init__.py"", line 97, in _run_error_category
    error_func()
  File ""/app/errors/ai/nextgen_errors.py"", line 532, in e_ai_164
    import torch
ModuleNotFoundError: No module named 'torch'","def e_ai_164():
    """"""Gradient norm watchdog trips explosion threshold""""""
    import torch
    grads = torch.tensor([1000.0, 2000.0])
    threshold = 100.0
    if torch.linalg.norm(grads) > threshold:
        raise RuntimeError(""Gradient explosion detected by watchdog"")




def _select_errors(range_pairs):
    selected = {}
    for name, func in AI_ERRORS.items():
        idx = _err_id(name)
        if any(start <= idx <= end for start, end in range_pairs):
            selected[name] = func
    return selected


",AIError
"2025-11-24T11:47:55.862132 [INFO] [ERROR] e_ai_165: ModuleNotFoundError
File ""/app/errors/ai/__init__.py"", line 97, in _run_error_category
    error_func()
  File ""/app/errors/ai/nextgen_errors.py"", line 541, in e_ai_165
    import torch
ModuleNotFoundError: No module named 'torch'","def e_ai_165():
    """"""autograd.grad requires grad_outputs for non-scalar targets""""""
    import torch
    x = torch.randn(2, requires_grad=True)
    y = x * x
    torch.autograd.grad(y, x)




def _select_errors(range_pairs):
    selected = {}
    for name, func in AI_ERRORS.items():
        idx = _err_id(name)
        if any(start <= idx <= end for start, end in range_pairs):
            selected[name] = func
    return selected


",AIError
"2025-11-24T11:47:55.867225 [INFO] [ERROR] e_ai_166: ModuleNotFoundError
File ""/app/errors/ai/__init__.py"", line 97, in _run_error_category
    error_func()
  File ""/app/errors/ai/nextgen_errors.py"", line 549, in e_ai_166
    import torch
ModuleNotFoundError: No module named 'torch'","def e_ai_166():
    """"""LSTM dropout cannot be applied when num_layers=1""""""
    import torch
    torch.nn.LSTM(input_size=8, hidden_size=4, num_layers=1, dropout=0.5)




def _select_errors(range_pairs):
    selected = {}
    for name, func in AI_ERRORS.items():
        idx = _err_id(name)
        if any(start <= idx <= end for start, end in range_pairs):
            selected[name] = func
    return selected


",AIError
"2025-11-24T11:47:55.870407 [INFO] [ERROR] e_ai_167: ModuleNotFoundError
File ""/app/errors/ai/__init__.py"", line 97, in _run_error_category
    error_func()
  File ""/app/errors/ai/nextgen_errors.py"", line 555, in e_ai_167
    import tensorflow as tf
ModuleNotFoundError: No module named 'tensorflow'","def e_ai_167():
    """"""TensorFlow tape gradient requested after tape disposed""""""
    import tensorflow as tf
    x = tf.Variable(3.0)
    with tf.GradientTape() as tape:
        y = x * x
    _ = tape.gradient(y, x)
    tape.gradient(y, x)




def _select_errors(range_pairs):
    selected = {}
    for name, func in AI_ERRORS.items():
        idx = _err_id(name)
        if any(start <= idx <= end for start, end in range_pairs):
            selected[name] = func
    return selected


",AIError
"2025-11-24T11:47:55.873233 [INFO] [ERROR] e_ai_168: ModuleNotFoundError
File ""/app/errors/ai/__init__.py"", line 97, in _run_error_category
    error_func()
  File ""/app/errors/ai/nextgen_errors.py"", line 565, in e_ai_168
    import torch
ModuleNotFoundError: No module named 'torch'","def e_ai_168():
    """"""Optimizer state dict loading mismatched parameter counts""""""
    import torch
    model_a = torch.nn.Linear(4, 2)
    model_b = torch.nn.Linear(8, 2)
    optimizer = torch.optim.Adam(model_a.parameters())
    optimizer.load_state_dict(torch.optim.Adam(model_b.parameters()).state_dict())




def _select_errors(range_pairs):
    selected = {}
    for name, func in AI_ERRORS.items():
        idx = _err_id(name)
        if any(start <= idx <= end for start, end in range_pairs):
            selected[name] = func
    return selected


",AIError
"2025-11-24T11:47:55.875793 [INFO] [ERROR] e_ai_169: RuntimeError
File ""/app/errors/ai/__init__.py"", line 97, in _run_error_category
    error_func()
  File ""/app/errors/ai/nextgen_errors.py"", line 577, in e_ai_169
    raise RuntimeError(""Uneven micro-batch sizes detected during grad accumulation"")
RuntimeError: Uneven micro-batch sizes detected during grad accumulation","def e_ai_169():
    """"""Gradient accumulator rejects uneven micro-batch splits""""""
    micro_batches = [32, 31, 33]
    target = 32
    if any(b != target for b in micro_batches):
        raise RuntimeError(""Uneven micro-batch sizes detected during grad accumulation"")




def _select_errors(range_pairs):
    selected = {}
    for name, func in AI_ERRORS.items():
        idx = _err_id(name)
        if any(start <= idx <= end for start, end in range_pairs):
            selected[name] = func
    return selected


",AIError
"2025-11-24T11:47:55.881664 [INFO] [ERROR] e_ai_170: ModuleNotFoundError
File ""/app/errors/ai/__init__.py"", line 97, in _run_error_category
    error_func()
  File ""/app/errors/ai/nextgen_errors.py"", line 582, in e_ai_170
    import torch
ModuleNotFoundError: No module named 'torch'","def e_ai_170():
    """"""torch.autograd.detect_anomaly catches inplace operation""""""
    import torch
    x = torch.randn(3, requires_grad=True)
    with torch.autograd.detect_anomaly():
        y = x * x
        x += 1
        y.backward(torch.ones_like(x))




def _select_errors(range_pairs):
    selected = {}
    for name, func in AI_ERRORS.items():
        idx = _err_id(name)
        if any(start <= idx <= end for start, end in range_pairs):
            selected[name] = func
    return selected


",AIError
"2025-11-24T11:47:55.897516 [INFO] [ERROR] e_ai_171: ModuleNotFoundError
File ""/app/errors/ai/__init__.py"", line 97, in _run_error_category
    error_func()
  File ""/app/errors/ai/nextgen_errors.py"", line 592, in e_ai_171
    import torch
ModuleNotFoundError: No module named 'torch'","def e_ai_171():
    """"""Optimizer step attempted before gradients computed""""""
    import torch
    model = torch.nn.Linear(2, 1)
    opt = torch.optim.SGD(model.parameters(), lr=0.1)
    opt.step()




def _select_errors(range_pairs):
    selected = {}
    for name, func in AI_ERRORS.items():
        idx = _err_id(name)
        if any(start <= idx <= end for start, end in range_pairs):
            selected[name] = func
    return selected


",AIError
"2025-11-24T11:47:55.902469 [INFO] [ERROR] e_ai_172: ModuleNotFoundError
File ""/app/errors/ai/__init__.py"", line 97, in _run_error_category
    error_func()
  File ""/app/errors/ai/nextgen_errors.py"", line 600, in e_ai_172
    import torch
ModuleNotFoundError: No module named 'torch'","def e_ai_172():
    """"""Gradient clipping receives empty parameter list""""""
    import torch
    torch.nn.utils.clip_grad_norm_([], max_norm=1.0)




def _select_errors(range_pairs):
    selected = {}
    for name, func in AI_ERRORS.items():
        idx = _err_id(name)
        if any(start <= idx <= end for start, end in range_pairs):
            selected[name] = func
    return selected


",AIError
"2025-11-24T11:47:55.911395 [INFO] [ERROR] e_ai_173: ModuleNotFoundError
File ""/app/errors/ai/__init__.py"", line 97, in _run_error_category
    error_func()
  File ""/app/errors/ai/nextgen_errors.py"", line 606, in e_ai_173
    import torch
ModuleNotFoundError: No module named 'torch'","def e_ai_173():
    """"""RNN sequence lengths exceed packed input""""""
    import torch
    from torch.nn.utils.rnn import pack_padded_sequence
    data = torch.randn(5, 3)
    lengths = torch.tensor([6, 2, 1])
    pack_padded_sequence(data, lengths, batch_first=True)




def _select_errors(range_pairs):
    selected = {}
    for name, func in AI_ERRORS.items():
        idx = _err_id(name)
        if any(start <= idx <= end for start, end in range_pairs):
            selected[name] = func
    return selected


",AIError
"2025-11-24T11:47:55.919370 [INFO] [ERROR] e_ai_174: RuntimeError
File ""/app/errors/ai/__init__.py"", line 97, in _run_error_category
    error_func()
  File ""/app/errors/ai/nextgen_errors.py"", line 617, in e_ai_174
    raise RuntimeError(""Sync batchnorm requires even world size"")
RuntimeError: Sync batchnorm requires even world size","def e_ai_174():
    """"""Distributed optimizer rejects odd world size""""""
    world_size = 5
    if world_size % 2 != 0:
        raise RuntimeError(""Sync batchnorm requires even world size"")




def _select_errors(range_pairs):
    selected = {}
    for name, func in AI_ERRORS.items():
        idx = _err_id(name)
        if any(start <= idx <= end for start, end in range_pairs):
            selected[name] = func
    return selected


",AIError
"2025-11-24T11:47:55.925737 [INFO] [ERROR] e_ai_175: RuntimeError
File ""/app/errors/ai/__init__.py"", line 97, in _run_error_category
    error_func()
  File ""/app/errors/ai/nextgen_errors.py"", line 624, in e_ai_175
    raise RuntimeError(""No checkpoint segments registered for recomputation"")
RuntimeError: No checkpoint segments registered for recomputation","def e_ai_175():
    """"""Gradient checkpointing skipped required forward handles""""""
    checkpoints = []
    if not checkpoints:
        raise RuntimeError(""No checkpoint segments registered for recomputation"")




def _select_errors(range_pairs):
    selected = {}
    for name, func in AI_ERRORS.items():
        idx = _err_id(name)
        if any(start <= idx <= end for start, end in range_pairs):
            selected[name] = func
    return selected


",AIError
"2025-11-24T11:47:55.931812 [INFO] [ERROR] e_ai_176: ModuleNotFoundError
File ""/app/errors/ai/__init__.py"", line 97, in _run_error_category
    error_func()
  File ""/app/errors/ai/nextgen_errors.py"", line 629, in e_ai_176
    import tensorflow as tf
ModuleNotFoundError: No module named 'tensorflow'","def e_ai_176():
    """"""TensorFlow optimizer receives gradients of None""""""
    import tensorflow as tf
    x = tf.Variable(1.0)
    opt = tf.keras.optimizers.Adam(learning_rate=0.1)
    opt.apply_gradients([(None, x)])




def _select_errors(range_pairs):
    selected = {}
    for name, func in AI_ERRORS.items():
        idx = _err_id(name)
        if any(start <= idx <= end for start, end in range_pairs):
            selected[name] = func
    return selected


",AIError
"2025-11-24T11:47:55.935771 [INFO] [ERROR] e_ai_177: ModuleNotFoundError
File ""/app/errors/ai/__init__.py"", line 97, in _run_error_category
    error_func()
  File ""/app/errors/ai/nextgen_errors.py"", line 637, in e_ai_177
    import torch
ModuleNotFoundError: No module named 'torch'","def e_ai_177():
    """"""Mixed precision scaler update invoked before scale step""""""
    import torch
    scaler = torch.cuda.amp.GradScaler(enabled=False)
    scaler.update()




def _select_errors(range_pairs):
    selected = {}
    for name, func in AI_ERRORS.items():
        idx = _err_id(name)
        if any(start <= idx <= end for start, end in range_pairs):
            selected[name] = func
    return selected


",AIError
"2025-11-24T11:47:55.937782 [INFO] [ERROR] e_ai_178: ValueError
File ""/app/errors/ai/__init__.py"", line 97, in _run_error_category
    error_func()
  File ""/app/errors/ai/nextgen_errors.py"", line 646, in e_ai_178
    raise ValueError(""Dropout probability must be between 0 and 1"")
ValueError: Dropout probability must be between 0 and 1","def e_ai_178():
    """"""Recurrent dropout mask uses probability outside [0, 1]""""""
    dropout = 1.5
    if not 0.0 <= dropout <= 1.0:
        raise ValueError(""Dropout probability must be between 0 and 1"")




def _select_errors(range_pairs):
    selected = {}
    for name, func in AI_ERRORS.items():
        idx = _err_id(name)
        if any(start <= idx <= end for start, end in range_pairs):
            selected[name] = func
    return selected


",AIError
"2025-11-24T11:47:55.940244 [INFO] [ERROR] e_ai_179: ValueError
File ""/app/errors/ai/__init__.py"", line 97, in _run_error_category
    error_func()
  File ""/app/errors/ai/nextgen_errors.py"", line 653, in e_ai_179
    raise ValueError(""Adam beta coefficients must lie in (0, 1)"")
ValueError: Adam beta coefficients must lie in (0, 1)","def e_ai_179():
    """"""Optimizer hyperparameter beta out of range""""""
    beta = 1.2
    if not 0 < beta < 1:
        raise ValueError(""Adam beta coefficients must lie in (0, 1)"")




def _select_errors(range_pairs):
    selected = {}
    for name, func in AI_ERRORS.items():
        idx = _err_id(name)
        if any(start <= idx <= end for start, end in range_pairs):
            selected[name] = func
    return selected


",AIError
"2025-11-24T11:47:55.946100 [INFO] [ERROR] e_ai_180: RuntimeError
File ""/app/errors/ai/__init__.py"", line 97, in _run_error_category
    error_func()
  File ""/app/errors/ai/nextgen_errors.py"", line 661, in e_ai_180
    raise RuntimeError(""Sequence length exceeds max unroll depth"")
RuntimeError: Sequence length exceeds max unroll depth","def e_ai_180():
    """"""Sequence unrolling depth exceeds configured maximum""""""
    steps = 2048
    max_steps = 1024
    if steps > max_steps:
        raise RuntimeError(""Sequence length exceeds max unroll depth"")

# ============================================================
# Transformers, Deployment & Advanced Runtime Errors (181 - 200)
# ============================================================



def _select_errors(range_pairs):
    selected = {}
    for name, func in AI_ERRORS.items():
        idx = _err_id(name)
        if any(start <= idx <= end for start, end in range_pairs):
            selected[name] = func
    return selected


",AIError
"2025-11-24T11:47:55.959064 [INFO] [ERROR] e_ai_61: LinAlgError
File ""/app/errors/ai/__init__.py"", line 97, in _run_error_category
    error_func()
  File ""/app/errors/ai/autograd_errors.py"", line 26, in e_ai_61
    _ = np.linalg.cholesky(M)
        ^^^^^^^^^^^^^^^^^^^^^
  File ""/usr/local/lib/python3.11/site-packages/numpy/linalg/_linalg.py"", line 897, in cholesky
    r = gufunc(a, signature=signature)
        ^^^^^^^^^^^^^^^^^^^^^^^^^^^^^^
  File ""/usr/local/lib/python3.11/site-packages/numpy/linalg/_linalg.py"", line 166, in _raise_linalgerror_nonposdef
    raise LinAlgError(""Matrix is not positive definite"")
numpy.linalg.LinAlgError: Matrix is not positive definite","def e_ai_61():
    """"""Cholesky on non–positive-definite matrix""""""
    import numpy as np
    # Simple symmetric but not positive-definite matrix
    M = np.array([[0.0, 1.0],
                  [1.0, 0.0]])
    # This raises numpy.linalg.LinAlgError
    _ = np.linalg.cholesky(M)




def _select_errors(range_pairs):
    selected = {}
    for name, func in AI_ERRORS.items():
        idx = _err_id(name)
        if any(start <= idx <= end for start, end in range_pairs):
            selected[name] = func
    return selected


",AIError
"2025-11-24T11:47:55.978637 [INFO] [ERROR] e_ai_62: ModuleNotFoundError
File ""/app/errors/ai/__init__.py"", line 97, in _run_error_category
    error_func()
  File ""/app/errors/ai/autograd_errors.py"", line 31, in e_ai_62
    import torch
ModuleNotFoundError: No module named 'torch'","def e_ai_62():
    """"""Model state dict shape mismatch (PyTorch)""""""
    import torch
    model = torch.nn.Linear(4, 2)
    state = model.state_dict()
    # Wrong weight shape
    state[""weight""] = torch.randn(3, 4)
    model.load_state_dict(state, strict=True)  # RuntimeError




def _select_errors(range_pairs):
    selected = {}
    for name, func in AI_ERRORS.items():
        idx = _err_id(name)
        if any(start <= idx <= end for start, end in range_pairs):
            selected[name] = func
    return selected


",AIError
"2025-11-24T11:47:55.994878 [INFO] [ERROR] e_ai_63: ModuleNotFoundError
File ""/app/errors/ai/__init__.py"", line 97, in _run_error_category
    error_func()
  File ""/app/errors/ai/autograd_errors.py"", line 41, in e_ai_63
    import tensorflow as tf
ModuleNotFoundError: No module named 'tensorflow'","def e_ai_63():
    """"""Conv2D input rank mismatch (TensorFlow)""""""
    import tensorflow as tf
    layer = tf.keras.layers.Conv2D(8, kernel_size=3, input_shape=(28, 28, 1))
    # Build model
    model = tf.keras.Sequential([layer])
    # Wrong rank: (28, 28, 1) instead of (batch, h, w, c)
    x = tf.random.uniform((28, 28, 1))
    model(x)  # ValueError




def _select_errors(range_pairs):
    selected = {}
    for name, func in AI_ERRORS.items():
        idx = _err_id(name)
        if any(start <= idx <= end for start, end in range_pairs):
            selected[name] = func
    return selected


",AIError
"2025-11-24T11:47:56.003158 [INFO] [ERROR] e_ai_64: ModuleNotFoundError
File ""/app/errors/ai/__init__.py"", line 97, in _run_error_category
    error_func()
  File ""/app/errors/ai/autograd_errors.py"", line 52, in e_ai_64
    import torch
ModuleNotFoundError: No module named 'torch'","def e_ai_64():
    """"""Multiple backward passes on same graph (PyTorch)""""""
    import torch
    x = torch.randn(5, 5, requires_grad=True)
    y = x.sum()
    y.backward()
    # Second backward without retain_graph=True → RuntimeError
    z = (x * 2).sum()
    z.backward()




def _select_errors(range_pairs):
    selected = {}
    for name, func in AI_ERRORS.items():
        idx = _err_id(name)
        if any(start <= idx <= end for start, end in range_pairs):
            selected[name] = func
    return selected


",AIError
"2025-11-24T11:47:56.020587 [INFO] [ERROR] e_ai_65: ModuleNotFoundError
File ""/app/errors/ai/__init__.py"", line 97, in _run_error_category
    error_func()
  File ""/app/errors/ai/autograd_errors.py"", line 63, in e_ai_65
    import torch
ModuleNotFoundError: No module named 'torch'","def e_ai_65():
    """"""Embedding index out of range (sequence too long concept)""""""
    import torch
    emb = torch.nn.Embedding(num_embeddings=10, embedding_dim=4)
    # Token id 15 is out of range [0, 9]
    tokens = torch.tensor([[1, 2, 15]])
    emb(tokens)  # IndexError / RuntimeError




def _select_errors(range_pairs):
    selected = {}
    for name, func in AI_ERRORS.items():
        idx = _err_id(name)
        if any(start <= idx <= end for start, end in range_pairs):
            selected[name] = func
    return selected


",AIError
"2025-11-24T11:47:56.031692 [INFO] [ERROR] e_ai_66: ModuleNotFoundError
File ""/app/errors/ai/__init__.py"", line 97, in _run_error_category
    error_func()
  File ""/app/errors/ai/autograd_errors.py"", line 72, in e_ai_66
    import torch
ModuleNotFoundError: No module named 'torch'","def e_ai_66():
    """"""Distribution with negative scale (PyTorch)""""""
    import torch
    import torch.distributions as dist
    # Invalid scale parameter
    normal = dist.Normal(0.0, -1.0)
    normal.rsample()  # RuntimeError




def _select_errors(range_pairs):
    selected = {}
    for name, func in AI_ERRORS.items():
        idx = _err_id(name)
        if any(start <= idx <= end for start, end in range_pairs):
            selected[name] = func
    return selected


",AIError
"2025-11-24T11:47:56.044581 [INFO] [ERROR] e_ai_67: ValueError
File ""/app/errors/ai/__init__.py"", line 97, in _run_error_category
    error_func()
  File ""/app/errors/ai/autograd_errors.py"", line 85, in e_ai_67
    minimize(f, x0=""not_numeric"")  # TypeError / ValueError
    ^^^^^^^^^^^^^^^^^^^^^^^^^^^^^
  File ""/usr/local/lib/python3.11/site-packages/scipy/optimize/_minimize.py"", line 779, in minimize
    res = _minimize_bfgs(fun, x0, args, jac, callback, **options)
          ^^^^^^^^^^^^^^^^^^^^^^^^^^^^^^^^^^^^^^^^^^^^^^^^^^^^^^^
  File ""/usr/local/lib/python3.11/site-packages/scipy/optimize/_optimize.py"", line 1416, in _minimize_bfgs
    sf = _prepare_scalar_function(fun, x0, jac, args=args, epsilon=eps,
         ^^^^^^^^^^^^^^^^^^^^^^^^^^^^^^^^^^^^^^^^^^^^^^^^^^^^^^^^^^^^^^
  File ""/usr/local/lib/python3.11/site-packages/scipy/optimize/_optimize.py"", line 310, in _prepare_scalar_function
    sf = ScalarFunction(fun, x0, args, grad, hess,
         ^^^^^^^^^^^^^^^^^^^^^^^^^^^^^^^^^^^^^^^^^
  File ""/usr/local/lib/python3.11/site-packages/scipy/optimize/_differentiable_functions.py"", line 243, in __init__
    self.x = xp.astype(_x, _dtype)
             ^^^^^^^^^^^^^^^^^^^^^
  File ""/usr/local/lib/python3.11/site-packages/scipy/_lib/array_api_compat/numpy/_aliases.py"", line 125, in astype
    return x.astype(dtype=dtype, copy=copy)
           ^^^^^^^^^^^^^^^^^^^^^^^^^^^^^^^^
ValueError: could not convert string to float: np.str_('not_numeric')","def e_ai_67():
    """"""SciPy minimize with invalid initial point""""""
    from scipy.optimize import minimize
    # x0 must be array-like numeric, not string


def _select_errors(range_pairs):
    selected = {}
    for name, func in AI_ERRORS.items():
        idx = _err_id(name)
        if any(start <= idx <= end for start, end in range_pairs):
            selected[name] = func
    return selected


",MLError
"2025-11-24T11:47:56.057203 [INFO] [ERROR] e_ai_68: ModuleNotFoundError
File ""/app/errors/ai/__init__.py"", line 97, in _run_error_category
    error_func()
  File ""/app/errors/ai/autograd_errors.py"", line 90, in e_ai_68
    import tensorflow as tf
ModuleNotFoundError: No module named 'tensorflow'","def e_ai_68():
    """"""TensorFlow matmul shape mismatch""""""
    import tensorflow as tf
    a = tf.ones((2, 3))
    b = tf.ones((4, 2))
    tf.matmul(a, b)  # InvalidArgumentError (incompatible shapes)




def _select_errors(range_pairs):
    selected = {}
    for name, func in AI_ERRORS.items():
        idx = _err_id(name)
        if any(start <= idx <= end for start, end in range_pairs):
            selected[name] = func
    return selected


",AIError
"2025-11-24T11:47:56.061909 [INFO] [ERROR] e_ai_69: ModuleNotFoundError
File ""/app/errors/ai/__init__.py"", line 97, in _run_error_category
    error_func()
  File ""/app/errors/ai/autograd_errors.py"", line 98, in e_ai_69
    import torch
ModuleNotFoundError: No module named 'torch'","def e_ai_69():
    """"""Conv2D with invalid stride (PyTorch)""""""
    import torch
    import torch.nn.functional as F
    x = torch.randn(1, 3, 16, 16)
    w = torch.randn(8, 3, 3, 3)
    # stride=0 is invalid → RuntimeError
    F.conv2d(x, w, stride=0)




def _select_errors(range_pairs):
    selected = {}
    for name, func in AI_ERRORS.items():
        idx = _err_id(name)
        if any(start <= idx <= end for start, end in range_pairs):
            selected[name] = func
    return selected


",AIError
"2025-11-24T11:47:56.077032 [INFO] [ERROR] e_ai_70: ValueError
File ""/app/errors/ai/__init__.py"", line 97, in _run_error_category
    error_func()
  File ""/app/errors/ai/autograd_errors.py"", line 113, in e_ai_70
    cross_val_score(LinearRegression(), X, y, cv=10)
  File ""/usr/local/lib/python3.11/site-packages/sklearn/utils/_param_validation.py"", line 218, in wrapper
    return func(*args, **kwargs)
           ^^^^^^^^^^^^^^^^^^^^^
  File ""/usr/local/lib/python3.11/site-packages/sklearn/model_selection/_validation.py"", line 677, in cross_val_score
    cv_results = cross_validate(
                 ^^^^^^^^^^^^^^^
  File ""/usr/local/lib/python3.11/site-packages/sklearn/utils/_param_validation.py"", line 218, in wrapper
    return func(*args, **kwargs)
           ^^^^^^^^^^^^^^^^^^^^^
  File ""/usr/local/lib/python3.11/site-packages/sklearn/model_selection/_validation.py"", line 399, in cross_validate
    results = parallel(
              ^^^^^^^^^
  File ""/usr/local/lib/python3.11/site-packages/sklearn/utils/parallel.py"", line 82, in __call__
    return super().__call__(iterable_with_config_and_warning_filters)
           ^^^^^^^^^^^^^^^^^^^^^^^^^^^^^^^^^^^^^^^^^^^^^^^^^^^^^^^^^^
  File ""/usr/local/lib/python3.11/site-packages/joblib/parallel.py"", line 1986, in __call__
    return output if self.return_generator else list(output)
                                                ^^^^^^^^^^^^
  File ""/usr/local/lib/python3.11/site-packages/joblib/parallel.py"", line 1911, in _get_sequential_output
    for func, args, kwargs in iterable:
  File ""/usr/local/lib/python3.11/site-packages/sklearn/utils/parallel.py"", line 74, in <genexpr>
    iterable_with_config_and_warning_filters = (
                                               ^
  File ""/usr/local/lib/python3.11/site-packages/sklearn/model_selection/_validation.py"", line 399, in <genexpr>
    results = parallel(
                      ^
  File ""/usr/local/lib/python3.11/site-packages/sklearn/model_selection/_split.py"", line 404, in split
    raise ValueError(
ValueError: Cannot have number of splits n_splits=10 greater than the number of samples: n_samples=2.","def e_ai_70():
    """"""Cross-validation with too many folds""""""
    from sklearn.model_selection import cross_val_score
    from sklearn.linear_model import LinearRegression
    X = [[1.0], [2.0]]
    y = [1.0, 2.0]
    # cv=10 with only 2 samples → ValueError
    cross_val_score(LinearRegression(), X, y, cv=10)




def _select_errors(range_pairs):
    selected = {}
    for name, func in AI_ERRORS.items():
        idx = _err_id(name)
        if any(start <= idx <= end for start, end in range_pairs):
            selected[name] = func
    return selected


",MLError
"2025-11-24T11:47:56.092298 [INFO] [ERROR] e_ai_71: ModuleNotFoundError
File ""/app/errors/ai/__init__.py"", line 97, in _run_error_category
    error_func()
  File ""/app/errors/ai/autograd_errors.py"", line 118, in e_ai_71
    import torch
ModuleNotFoundError: No module named 'torch'","def e_ai_71():
    """"""Matrix multiply dtype mismatch (PyTorch)""""""
    import torch
    x = torch.randn(3, 3, dtype=torch.float32)
    y = torch.randn(3, 3, dtype=torch.float64)
    torch.mm(x, y)  # RuntimeError: expected same dtype




def _select_errors(range_pairs):
    selected = {}
    for name, func in AI_ERRORS.items():
        idx = _err_id(name)
        if any(start <= idx <= end for start, end in range_pairs):
            selected[name] = func
    return selected


",AIError
"2025-11-24T11:47:56.103997 [INFO] [ERROR] e_ai_72: ModuleNotFoundError
File ""/app/errors/ai/__init__.py"", line 97, in _run_error_category
    error_func()
  File ""/app/errors/ai/autograd_errors.py"", line 126, in e_ai_72
    import tensorflow as tf
ModuleNotFoundError: No module named 'tensorflow'","def e_ai_72():
    """"""tf.function input_signature mismatch""""""
    import tensorflow as tf

    @tf.function(input_signature=[tf.TensorSpec(shape=[None, 10], dtype=tf.float32)])


def _select_errors(range_pairs):
    selected = {}
    for name, func in AI_ERRORS.items():
        idx = _err_id(name)
        if any(start <= idx <= end for start, end in range_pairs):
            selected[name] = func
    return selected


",AIError
"2025-11-24T11:47:56.118662 [INFO] [ERROR] e_ai_73: InvalidParameterError
File ""/app/errors/ai/__init__.py"", line 97, in _run_error_category
    error_func()
  File ""/app/errors/ai/autograd_errors.py"", line 142, in e_ai_73
    scaler.fit([[1.0, 2.0], [3.0, 4.0]])
  File ""/usr/local/lib/python3.11/site-packages/sklearn/preprocessing/_data.py"", line 907, in fit
    return self.partial_fit(X, y, sample_weight)
           ^^^^^^^^^^^^^^^^^^^^^^^^^^^^^^^^^^^^^
  File ""/usr/local/lib/python3.11/site-packages/sklearn/base.py"", line 1358, in wrapper
    estimator._validate_params()
  File ""/usr/local/lib/python3.11/site-packages/sklearn/base.py"", line 471, in _validate_params
    validate_parameter_constraints(
  File ""/usr/local/lib/python3.11/site-packages/sklearn/utils/_param_validation.py"", line 98, in validate_parameter_constraints
    raise InvalidParameterError(
sklearn.utils._param_validation.InvalidParameterError: The 'with_mean' parameter of StandardScaler must be an instance of 'bool' or an instance of 'numpy.bool'. Got 'invalid' instead.","def e_ai_73():
    """"""StandardScaler with invalid parameter type""""""
    from sklearn.preprocessing import StandardScaler
    # with_mean must be bool, not string → TypeError / ValueError
    scaler = StandardScaler(with_mean=""invalid"")
    scaler.fit([[1.0, 2.0], [3.0, 4.0]])




def _select_errors(range_pairs):
    selected = {}
    for name, func in AI_ERRORS.items():
        idx = _err_id(name)
        if any(start <= idx <= end for start, end in range_pairs):
            selected[name] = func
    return selected


",MLError
"2025-11-24T11:47:56.129253 [INFO] [ERROR] e_ai_74: ModuleNotFoundError
File ""/app/errors/ai/__init__.py"", line 97, in _run_error_category
    error_func()
  File ""/app/errors/ai/autograd_errors.py"", line 147, in e_ai_74
    import torch
ModuleNotFoundError: No module named 'torch'","def e_ai_74():
    """"""Tensor indexing with incompatible boolean mask (PyTorch)""""""
    import torch
    x = torch.randn(5)
    mask = torch.tensor([True, False, True, False, True, False])
    # Mask length != tensor length → IndexError
    _ = x[mask]




def _select_errors(range_pairs):
    selected = {}
    for name, func in AI_ERRORS.items():
        idx = _err_id(name)
        if any(start <= idx <= end for start, end in range_pairs):
            selected[name] = func
    return selected


",AIError
"2025-11-24T11:47:56.139852 [INFO] [ERROR] e_ai_75: ModuleNotFoundError
File ""/app/errors/ai/__init__.py"", line 97, in _run_error_category
    error_func()
  File ""/app/errors/ai/autograd_errors.py"", line 156, in e_ai_75
    import tensorflow as tf
ModuleNotFoundError: No module named 'tensorflow'","def e_ai_75():
    """"""TensorFlow dense_to_sparse on sparse tensor""""""
    import tensorflow as tf
    # dense_to_sparse expects dense input, not SparseTensor
    sparse = tf.sparse.SparseTensor(indices=[[0, 0]], values=[1.0], dense_shape=[2, 2])
    tf.dense_to_sparse(sparse)  # TypeError




def _select_errors(range_pairs):
    selected = {}
    for name, func in AI_ERRORS.items():
        idx = _err_id(name)
        if any(start <= idx <= end for start, end in range_pairs):
            selected[name] = func
    return selected


",AIError
"2025-11-24T11:47:56.153579 [INFO] [ERROR] e_ai_76: ModuleNotFoundError
File ""/app/errors/ai/__init__.py"", line 97, in _run_error_category
    error_func()
  File ""/app/errors/ai/autograd_errors.py"", line 164, in e_ai_76
    import torch
ModuleNotFoundError: No module named 'torch'","def e_ai_76():
    """"""RNNCell hidden state size mismatch (PyTorch)""""""
    import torch
    from torch.nn import RNNCell
    rnn = RNNCell(input_size=4, hidden_size=8)
    x = torch.randn(1, 4)
    h = torch.randn(1, 5)  # wrong hidden size
    rnn(x, h)  # RuntimeError




def _select_errors(range_pairs):
    selected = {}
    for name, func in AI_ERRORS.items():
        idx = _err_id(name)
        if any(start <= idx <= end for start, end in range_pairs):
            selected[name] = func
    return selected


",AIError
"2025-11-24T11:47:56.165581 [INFO] [ERROR] e_ai_77: TypeError
File ""/app/errors/ai/__init__.py"", line 97, in _run_error_category
    error_func()
  File ""/app/errors/ai/autograd_errors.py"", line 178, in e_ai_77
    mlb.transform([1, 2])
  File ""/usr/local/lib/python3.11/site-packages/sklearn/preprocessing/_label.py"", line 865, in transform
    yt = self._transform(y, class_to_index)
         ^^^^^^^^^^^^^^^^^^^^^^^^^^^^^^^^^^
  File ""/usr/local/lib/python3.11/site-packages/sklearn/preprocessing/_label.py"", line 901, in _transform
    for label in labels:
TypeError: 'int' object is not iterable","def e_ai_77():
    """"""MultiLabelBinarizer transform with wrong input shape""""""
    from sklearn.preprocessing import MultiLabelBinarizer
    mlb = MultiLabelBinarizer()
    mlb.fit([[1, 2], [2, 3]])
    # transform expects iterable of iterables; this is wrong → ValueError
    mlb.transform([1, 2])




def _select_errors(range_pairs):
    selected = {}
    for name, func in AI_ERRORS.items():
        idx = _err_id(name)
        if any(start <= idx <= end for start, end in range_pairs):
            selected[name] = func
    return selected


",MLError
"2025-11-24T11:47:56.178166 [INFO] [ERROR] e_ai_78: ModuleNotFoundError
File ""/app/errors/ai/__init__.py"", line 97, in _run_error_category
    error_func()
  File ""/app/errors/ai/autograd_errors.py"", line 183, in e_ai_78
    import torch
ModuleNotFoundError: No module named 'torch'","def e_ai_78():
    """"""Eigen decomposition on non-square matrix (PyTorch)""""""
    import torch
    x = torch.randn(3, 4)
    # torch.linalg.eigh expects square matrix → RuntimeError
    torch.linalg.eigh(x)




def _select_errors(range_pairs):
    selected = {}
    for name, func in AI_ERRORS.items():
        idx = _err_id(name)
        if any(start <= idx <= end for start, end in range_pairs):
            selected[name] = func
    return selected


",AIError
"2025-11-24T11:47:56.188178 [INFO] [ERROR] e_ai_79: ModuleNotFoundError
File ""/app/errors/ai/__init__.py"", line 97, in _run_error_category
    error_func()
  File ""/app/errors/ai/autograd_errors.py"", line 191, in e_ai_79
    import tensorflow as tf
ModuleNotFoundError: No module named 'tensorflow'","def e_ai_79():
    """"""Embedding with out-of-range index (TensorFlow)""""""
    import tensorflow as tf
    model = tf.keras.Sequential([
        tf.keras.layers.Embedding(input_dim=10, output_dim=4)
    ])
    # Token id 11 is out of [0, 9] → InvalidArgumentError
    x = tf.constant([[1, 2, 11]])
    model(x)




def _select_errors(range_pairs):
    selected = {}
    for name, func in AI_ERRORS.items():
        idx = _err_id(name)
        if any(start <= idx <= end for start, end in range_pairs):
            selected[name] = func
    return selected


",AIError
"2025-11-24T11:47:56.197379 [INFO] [ERROR] e_ai_80: ModuleNotFoundError
File ""/app/errors/ai/__init__.py"", line 97, in _run_error_category
    error_func()
  File ""/app/errors/ai/autograd_errors.py"", line 202, in e_ai_80
    import torch
ModuleNotFoundError: No module named 'torch'","def e_ai_80():
    """"""TensorDataset with mismatched lengths (PyTorch)""""""
    import torch
    from torch.utils.data import TensorDataset
    X = torch.randn(5, 3)
    y = torch.randn(7)  # different first dim
    # This raises ValueError at dataset creation
    TensorDataset(X, y)


# Registry
__all__ = [f""e_ai_{i:02d}"" for i in range(61, 81)]


def _select_errors(range_pairs):
    selected = {}
    for name, func in AI_ERRORS.items():
        idx = _err_id(name)
        if any(start <= idx <= end for start, end in range_pairs):
            selected[name] = func
    return selected


",AIError
"2025-11-24T11:47:58.515534 [INFO] [ERROR] e_ai_100: ModuleNotFoundError
File ""/app/errors/ai/__init__.py"", line 97, in _run_error_category
    error_func()
  File ""/app/errors/ai/transformers_errors.py"", line 177, in e_ai_100
    import tensorflow as tf
ModuleNotFoundError: No module named 'tensorflow'","def e_ai_100():
    """"""Keras training label mismatch""""""
    import tensorflow as tf
    model = tf.keras.Sequential([
        tf.keras.layers.Dense(4, input_shape=(3,)),
        tf.keras.layers.Dense(2)
    ])
    x = tf.random.uniform((5, 3))
    y = tf.random.uniform((5, 5))  # wrong shape
    model.compile(""adam"", ""mse"")
    model.fit(x, y, epochs=1)  # ValueError


# Registry
__all__ = [f""e_ai_{i:02d}"" for i in range(81, 101)]


def _select_errors(range_pairs):
    selected = {}
    for name, func in AI_ERRORS.items():
        idx = _err_id(name)
        if any(start <= idx <= end for start, end in range_pairs):
            selected[name] = func
    return selected


",AIError
"2025-11-24T11:47:58.520833 [INFO] [ERROR] e_ai_181: ValueError
File ""/app/errors/ai/__init__.py"", line 97, in _run_error_category
    error_func()
  File ""/app/errors/ai/nextgen_errors.py"", line 672, in e_ai_181
    raise ValueError(""LoRA rank must evenly divide hidden dimension"")
ValueError: LoRA rank must evenly divide hidden dimension","def e_ai_181():
    """"""LoRA adapter rank must divide base hidden size""""""
    hidden_size = 768
    lora_rank = 50
    if hidden_size % lora_rank != 0:
        raise ValueError(""LoRA rank must evenly divide hidden dimension"")




def _select_errors(range_pairs):
    selected = {}
    for name, func in AI_ERRORS.items():
        idx = _err_id(name)
        if any(start <= idx <= end for start, end in range_pairs):
            selected[name] = func
    return selected


",AIError
"2025-11-24T11:47:58.525387 [INFO] [ERROR] e_ai_182: RuntimeError
File ""/app/errors/ai/__init__.py"", line 97, in _run_error_category
    error_func()
  File ""/app/errors/ai/nextgen_errors.py"", line 679, in e_ai_182
    raise RuntimeError(""Missing bos_token_id for seq2seq decoder"")
RuntimeError: Missing bos_token_id for seq2seq decoder","def e_ai_182():
    """"""Decoder start token missing from tokenizer configuration""""""
    tokenizer_config = {""bos_token_id"": None}
    if tokenizer_config[""bos_token_id""] is None:
        raise RuntimeError(""Missing bos_token_id for seq2seq decoder"")




def _select_errors(range_pairs):
    selected = {}
    for name, func in AI_ERRORS.items():
        idx = _err_id(name)
        if any(start <= idx <= end for start, end in range_pairs):
            selected[name] = func
    return selected


",AIError
"2025-11-24T11:47:58.529396 [INFO] [ERROR] e_ai_183: ValueError
File ""/app/errors/ai/__init__.py"", line 97, in _run_error_category
    error_func()
  File ""/app/errors/ai/nextgen_errors.py"", line 686, in e_ai_183
    raise ValueError(""Beam width must be positive for beam search"")
ValueError: Beam width must be positive for beam search","def e_ai_183():
    """"""Beam search width must be positive""""""
    beam_width = 0
    if beam_width <= 0:
        raise ValueError(""Beam width must be positive for beam search"")




def _select_errors(range_pairs):
    selected = {}
    for name, func in AI_ERRORS.items():
        idx = _err_id(name)
        if any(start <= idx <= end for start, end in range_pairs):
            selected[name] = func
    return selected


",AIError
"2025-11-24T11:47:58.532560 [INFO] [ERROR] e_ai_184: ValueError
File ""/app/errors/ai/__init__.py"", line 97, in _run_error_category
    error_func()
  File ""/app/errors/ai/nextgen_errors.py"", line 694, in e_ai_184
    raise ValueError(""min_length cannot exceed max_length in generation config"")
ValueError: min_length cannot exceed max_length in generation config","def e_ai_184():
    """"""Generation min_length cannot exceed max_length""""""
    min_length = 256
    max_length = 128
    if min_length > max_length:
        raise ValueError(""min_length cannot exceed max_length in generation config"")




def _select_errors(range_pairs):
    selected = {}
    for name, func in AI_ERRORS.items():
        idx = _err_id(name)
        if any(start <= idx <= end for start, end in range_pairs):
            selected[name] = func
    return selected


",AIError
"2025-11-24T11:47:58.541475 [INFO] [ERROR] e_ai_185: RuntimeError
File ""/app/errors/ai/__init__.py"", line 97, in _run_error_category
    error_func()
  File ""/app/errors/ai/nextgen_errors.py"", line 702, in e_ai_185
    raise RuntimeError(""KV cache dimension mismatch detected"")
RuntimeError: KV cache dimension mismatch detected","def e_ai_185():
    """"""KV-cache shards disagree on head dimension""""""
    head_dim_cache = 64
    head_dim_runtime = 80
    if head_dim_cache != head_dim_runtime:
        raise RuntimeError(""KV cache dimension mismatch detected"")




def _select_errors(range_pairs):
    selected = {}
    for name, func in AI_ERRORS.items():
        idx = _err_id(name)
        if any(start <= idx <= end for start, end in range_pairs):
            selected[name] = func
    return selected


",AIError
"2025-11-24T11:47:58.544599 [INFO] [ERROR] e_ai_186: RuntimeError
File ""/app/errors/ai/__init__.py"", line 97, in _run_error_category
    error_func()
  File ""/app/errors/ai/nextgen_errors.py"", line 710, in e_ai_186
    raise RuntimeError(""Speculative decoding cannot run without both draft and target models"")
RuntimeError: Speculative decoding cannot run without both draft and target models","def e_ai_186():
    """"""Speculative decoding requires draft and target models""""""
    draft = None
    target = ""gpt4""
    if draft is None or target is None:
        raise RuntimeError(""Speculative decoding cannot run without both draft and target models"")




def _select_errors(range_pairs):
    selected = {}
    for name, func in AI_ERRORS.items():
        idx = _err_id(name)
        if any(start <= idx <= end for start, end in range_pairs):
            selected[name] = func
    return selected


",AIError
"2025-11-24T11:47:58.552547 [INFO] [ERROR] e_ai_187: ValueError
File ""/app/errors/ai/__init__.py"", line 97, in _run_error_category
    error_func()
  File ""/app/errors/ai/nextgen_errors.py"", line 717, in e_ai_187
    raise ValueError(""Tokenizer padding requested but pad_token_id is unset"")
ValueError: Tokenizer padding requested but pad_token_id is unset","def e_ai_187():
    """"""Tokenizer tries to pad despite pad token missing""""""
    tokenizer_state = {""pad_token_id"": None}
    if tokenizer_state[""pad_token_id""] is None:
        raise ValueError(""Tokenizer padding requested but pad_token_id is unset"")




def _select_errors(range_pairs):
    selected = {}
    for name, func in AI_ERRORS.items():
        idx = _err_id(name)
        if any(start <= idx <= end for start, end in range_pairs):
            selected[name] = func
    return selected


",AIError
"2025-11-24T11:47:58.554215 [INFO] [ERROR] e_ai_188: PermissionError
File ""/app/errors/ai/__init__.py"", line 97, in _run_error_category
    error_func()
  File ""/app/errors/ai/nextgen_errors.py"", line 725, in e_ai_188
    raise PermissionError(""Response topic violates policy guardrails"")
PermissionError: Response topic violates policy guardrails","def e_ai_188():
    """"""Policy guardrail rejects disallowed response topic""""""
    requested_topic = ""weapons""
    blocked = {""weapons"", ""biological""}
    if requested_topic in blocked:
        raise PermissionError(""Response topic violates policy guardrails"")




def _select_errors(range_pairs):
    selected = {}
    for name, func in AI_ERRORS.items():
        idx = _err_id(name)
        if any(start <= idx <= end for start, end in range_pairs):
            selected[name] = func
    return selected


",PythonError
"2025-11-24T11:47:58.555630 [INFO] [ERROR] e_ai_189: ValueError
File ""/app/errors/ai/__init__.py"", line 97, in _run_error_category
    error_func()
  File ""/app/errors/ai/nextgen_errors.py"", line 733, in e_ai_189
    raise ValueError(""Quantized transformer scales must be positive"")
ValueError: Quantized transformer scales must be positive","def e_ai_189():
    """"""Quantized transformer requires symmetric scales""""""
    import numpy as np
    scales = np.array([0.1, -0.2])
    if (scales <= 0).any():
        raise ValueError(""Quantized transformer scales must be positive"")




def _select_errors(range_pairs):
    selected = {}
    for name, func in AI_ERRORS.items():
        idx = _err_id(name)
        if any(start <= idx <= end for start, end in range_pairs):
            selected[name] = func
    return selected


",AIError
"2025-11-24T11:47:58.557082 [INFO] [ERROR] e_ai_190: RuntimeError
File ""/app/errors/ai/__init__.py"", line 97, in _run_error_category
    error_func()
  File ""/app/errors/ai/nextgen_errors.py"", line 740, in e_ai_190
    raise RuntimeError(""Streaming chunk identifiers arrived out of order"")
RuntimeError: Streaming chunk identifiers arrived out of order","def e_ai_190():
    """"""Speculative streaming chunk IDs must be monotonic""""""
    chunk_ids = [1, 3, 2]
    if chunk_ids != sorted(chunk_ids):
        raise RuntimeError(""Streaming chunk identifiers arrived out of order"")




def _select_errors(range_pairs):
    selected = {}
    for name, func in AI_ERRORS.items():
        idx = _err_id(name)
        if any(start <= idx <= end for start, end in range_pairs):
            selected[name] = func
    return selected


",AIError
"2025-11-24T11:47:58.558470 [INFO] [ERROR] e_ai_191: RuntimeError
File ""/app/errors/ai/__init__.py"", line 97, in _run_error_category
    error_func()
  File ""/app/errors/ai/nextgen_errors.py"", line 748, in e_ai_191
    raise RuntimeError(""Expert router capacity exceeded for token batch"")
RuntimeError: Expert router capacity exceeded for token batch","def e_ai_191():
    """"""Mixture-of-experts router capacity exceeded""""""
    capacity = 2
    assigned = 5
    if assigned > capacity:
        raise RuntimeError(""Expert router capacity exceeded for token batch"")




def _select_errors(range_pairs):
    selected = {}
    for name, func in AI_ERRORS.items():
        idx = _err_id(name)
        if any(start <= idx <= end for start, end in range_pairs):
            selected[name] = func
    return selected


",AIError
"2025-11-24T11:47:58.559777 [INFO] [ERROR] e_ai_192: ModuleNotFoundError
File ""/app/errors/ai/__init__.py"", line 97, in _run_error_category
    error_func()
  File ""/app/errors/ai/nextgen_errors.py"", line 753, in e_ai_192
    import torch
ModuleNotFoundError: No module named 'torch'","def e_ai_192():
    """"""Transformer attention mask must be 2D or 3D""""""
    import torch
    mask = torch.randn(1, 1, 1, 1, 1)
    if mask.dim() not in (2, 3, 4):
        raise ValueError(""Attention mask rank unsupported"")




def _select_errors(range_pairs):
    selected = {}
    for name, func in AI_ERRORS.items():
        idx = _err_id(name)
        if any(start <= idx <= end for start, end in range_pairs):
            selected[name] = func
    return selected


",AIError
"2025-11-24T11:47:58.561122 [INFO] [ERROR] e_ai_193: RuntimeError
File ""/app/errors/ai/__init__.py"", line 97, in _run_error_category
    error_func()
  File ""/app/errors/ai/nextgen_errors.py"", line 764, in e_ai_193
    raise RuntimeError(""Prompt template missing substitution context"")
RuntimeError: Prompt template missing substitution context","def e_ai_193():
    """"""Prompt template requires placeholder substitution""""""
    template = ""Translate {{text}} to French""
    if ""{{text}}"" not in template:
        raise RuntimeError(""Prompt template missing {text} placeholder"")
    raise RuntimeError(""Prompt template missing substitution context"")




def _select_errors(range_pairs):
    selected = {}
    for name, func in AI_ERRORS.items():
        idx = _err_id(name)
        if any(start <= idx <= end for start, end in range_pairs):
            selected[name] = func
    return selected


",AIError
"2025-11-24T11:47:58.564831 [INFO] [ERROR] e_ai_194: RuntimeError
File ""/app/errors/ai/__init__.py"", line 97, in _run_error_category
    error_func()
  File ""/app/errors/ai/nextgen_errors.py"", line 772, in e_ai_194
    raise RuntimeError(""Conversation history exceeds configured limit"")
RuntimeError: Conversation history exceeds configured limit","def e_ai_194():
    """"""Chat completion safety buffer overflow""""""
    max_history = 5
    history = [""u"", ""b"", ""c"", ""d"", ""e"", ""f""]
    if len(history) > max_history:
        raise RuntimeError(""Conversation history exceeds configured limit"")




def _select_errors(range_pairs):
    selected = {}
    for name, func in AI_ERRORS.items():
        idx = _err_id(name)
        if any(start <= idx <= end for start, end in range_pairs):
            selected[name] = func
    return selected


",AIError
"2025-11-24T11:47:58.566655 [INFO] [ERROR] e_ai_195: RuntimeError
File ""/app/errors/ai/__init__.py"", line 97, in _run_error_category
    error_func()
  File ""/app/errors/ai/nextgen_errors.py"", line 780, in e_ai_195
    raise RuntimeError(""Cannot merge adapters before loading base model weights"")
RuntimeError: Cannot merge adapters before loading base model weights","def e_ai_195():
    """"""Adapter merge attempted without base weights""""""
    adapters = [""adapter_a""]
    base_model_loaded = False
    if adapters and not base_model_loaded:
        raise RuntimeError(""Cannot merge adapters before loading base model weights"")




def _select_errors(range_pairs):
    selected = {}
    for name, func in AI_ERRORS.items():
        idx = _err_id(name)
        if any(start <= idx <= end for start, end in range_pairs):
            selected[name] = func
    return selected


",AIError
"2025-11-24T11:47:58.568506 [INFO] [ERROR] e_ai_196: ValueError
File ""/app/errors/ai/__init__.py"", line 97, in _run_error_category
    error_func()
  File ""/app/errors/ai/nextgen_errors.py"", line 787, in e_ai_196
    raise ValueError(""Flash-attention requires even head dimensions"")
ValueError: Flash-attention requires even head dimensions","def e_ai_196():
    """"""Flash-attention kernel requires even head dimension""""""
    head_dim = 63
    if head_dim % 2 != 0:
        raise ValueError(""Flash-attention requires even head dimensions"")




def _select_errors(range_pairs):
    selected = {}
    for name, func in AI_ERRORS.items():
        idx = _err_id(name)
        if any(start <= idx <= end for start, end in range_pairs):
            selected[name] = func
    return selected


",AIError
"2025-11-24T11:47:58.569852 [INFO] [ERROR] e_ai_197: RuntimeError
File ""/app/errors/ai/__init__.py"", line 97, in _run_error_category
    error_func()
  File ""/app/errors/ai/nextgen_errors.py"", line 794, in e_ai_197
    raise RuntimeError(""Safety classifier unavailable; refusing to generate output"")
RuntimeError: Safety classifier unavailable; refusing to generate output","def e_ai_197():
    """"""Generative safety classifier offline""""""
    classifier_status = ""offline""
    if classifier_status != ""healthy"":
        raise RuntimeError(""Safety classifier unavailable; refusing to generate output"")




def _select_errors(range_pairs):
    selected = {}
    for name, func in AI_ERRORS.items():
        idx = _err_id(name)
        if any(start <= idx <= end for start, end in range_pairs):
            selected[name] = func
    return selected


",AIError
"2025-11-24T11:47:58.571202 [INFO] [ERROR] e_ai_198: RuntimeError
File ""/app/errors/ai/__init__.py"", line 97, in _run_error_category
    error_func()
  File ""/app/errors/ai/nextgen_errors.py"", line 802, in e_ai_198
    raise RuntimeError(""Teacher/student vocabulary sizes mismatch in distillation"")
RuntimeError: Teacher/student vocabulary sizes mismatch in distillation","def e_ai_198():
    """"""Distillation teacher and student vocabularies diverge""""""
    teacher_vocab = 30522
    student_vocab = 32000
    if teacher_vocab != student_vocab:
        raise RuntimeError(""Teacher/student vocabulary sizes mismatch in distillation"")




def _select_errors(range_pairs):
    selected = {}
    for name, func in AI_ERRORS.items():
        idx = _err_id(name)
        if any(start <= idx <= end for start, end in range_pairs):
            selected[name] = func
    return selected


",AIError
"2025-11-24T11:47:58.572432 [INFO] [ERROR] e_ai_199: RuntimeError
File ""/app/errors/ai/__init__.py"", line 97, in _run_error_category
    error_func()
  File ""/app/errors/ai/nextgen_errors.py"", line 810, in e_ai_199
    raise RuntimeError(""Prompt cache entry checksum mismatch"")
RuntimeError: Prompt cache entry checksum mismatch","def e_ai_199():
    """"""Prompt cache checksum mismatch during retrieval""""""
    recorded = ""abc123""
    observed = ""def456""
    if recorded != observed:
        raise RuntimeError(""Prompt cache entry checksum mismatch"")




def _select_errors(range_pairs):
    selected = {}
    for name, func in AI_ERRORS.items():
        idx = _err_id(name)
        if any(start <= idx <= end for start, end in range_pairs):
            selected[name] = func
    return selected


",AIError
"2025-11-24T11:47:58.573826 [INFO] [ERROR] e_ai_200: RuntimeError
File ""/app/errors/ai/__init__.py"", line 97, in _run_error_category
    error_func()
  File ""/app/errors/ai/nextgen_errors.py"", line 818, in e_ai_200
    raise RuntimeError(""Transformer pipeline exceeded latency budget"")
RuntimeError: Transformer pipeline exceeded latency budget","def e_ai_200():
    """"""E2E latency budget violated""""""
    budget_ms = 200
    observed_ms = 450
    if observed_ms > budget_ms:
        raise RuntimeError(""Transformer pipeline exceeded latency budget"")

__all__ = [f""e_ai_{i:03d}"" for i in range(101, 201)]


def _select_errors(range_pairs):
    selected = {}
    for name, func in AI_ERRORS.items():
        idx = _err_id(name)
        if any(start <= idx <= end for start, end in range_pairs):
            selected[name] = func
    return selected


",AIError
"2025-11-24T11:47:58.575140 [INFO] [ERROR] e_ai_82: ModuleNotFoundError
File ""/app/errors/ai/__init__.py"", line 97, in _run_error_category
    error_func()
  File ""/app/errors/ai/transformers_errors.py"", line 32, in e_ai_82
    import tensorflow as tf
ModuleNotFoundError: No module named 'tensorflow'","def e_ai_82():
    """"""TensorFlow GradientTape – no watched tensor""""""
    import tensorflow as tf
    x = tf.constant([1.0, 2.0])
    with tf.GradientTape() as tape:
        y = x * 2
    tape.gradient(y, x)  # ERROR: x is not watched




def _select_errors(range_pairs):
    selected = {}
    for name, func in AI_ERRORS.items():
        idx = _err_id(name)
        if any(start <= idx <= end for start, end in range_pairs):
            selected[name] = func
    return selected


",AIError
"2025-11-24T11:47:58.576516 [INFO] [ERROR] e_ai_83: ModuleNotFoundError
File ""/app/errors/ai/__init__.py"", line 97, in _run_error_category
    error_func()
  File ""/app/errors/ai/transformers_errors.py"", line 41, in e_ai_83
    import torch
ModuleNotFoundError: No module named 'torch'","def e_ai_83():
    """"""Optimizer step before backward (PyTorch)""""""
    import torch
    model = torch.nn.Linear(3, 3)
    opt = torch.optim.SGD(model.parameters(), lr=0.1)
    # No backward was called → RuntimeError
    opt.step()




def _select_errors(range_pairs):
    selected = {}
    for name, func in AI_ERRORS.items():
        idx = _err_id(name)
        if any(start <= idx <= end for start, end in range_pairs):
            selected[name] = func
    return selected


",AIError
"2025-11-24T11:47:58.577869 [INFO] [ERROR] e_ai_84: ModuleNotFoundError
File ""/app/errors/ai/__init__.py"", line 97, in _run_error_category
    error_func()
  File ""/app/errors/ai/transformers_errors.py"", line 50, in e_ai_84
    from transformers import AutoTokenizer
ModuleNotFoundError: No module named 'transformers'","def e_ai_84():
    """"""Transformers pipeline nonexistent model (lightweight)""""""
    from transformers import AutoTokenizer
    # Touch tokenizer only → raises OSError immediately
    AutoTokenizer.from_pretrained(""nonexistent-xyz-123"")




def _select_errors(range_pairs):
    selected = {}
    for name, func in AI_ERRORS.items():
        idx = _err_id(name)
        if any(start <= idx <= end for start, end in range_pairs):
            selected[name] = func
    return selected


",AIError
"2025-11-24T11:47:58.579790 [INFO] [ERROR] e_ai_85: ModuleNotFoundError
File ""/app/errors/ai/__init__.py"", line 97, in _run_error_category
    error_func()
  File ""/app/errors/ai/transformers_errors.py"", line 57, in e_ai_85
    import torch
ModuleNotFoundError: No module named 'torch'","def e_ai_85():
    """"""Top-k with k > dimension""""""
    import torch
    x = torch.randn(4, 4)
    torch.topk(x, k=10)  # too large → RuntimeError




def _select_errors(range_pairs):
    selected = {}
    for name, func in AI_ERRORS.items():
        idx = _err_id(name)
        if any(start <= idx <= end for start, end in range_pairs):
            selected[name] = func
    return selected


",AIError
"2025-11-24T11:47:58.581666 [INFO] [ERROR] e_ai_86: ModuleNotFoundError
File ""/app/errors/ai/__init__.py"", line 97, in _run_error_category
    error_func()
  File ""/app/errors/ai/transformers_errors.py"", line 64, in e_ai_86
    import tensorflow as tf
ModuleNotFoundError: No module named 'tensorflow'","def e_ai_86():
    """"""TensorFlow reduce_mean wrong dtype""""""
    import tensorflow as tf
    x = tf.constant([[1, 2]], dtype=tf.string)
    tf.reduce_mean(x)  # invalid dtype → TypeError




def _select_errors(range_pairs):
    selected = {}
    for name, func in AI_ERRORS.items():
        idx = _err_id(name)
        if any(start <= idx <= end for start, end in range_pairs):
            selected[name] = func
    return selected


",AIError
"2025-11-24T11:47:58.586718 [INFO] [ERROR] e_ai_87: ValueError
File ""/app/errors/ai/__init__.py"", line 97, in _run_error_category
    error_func()
  File ""/app/errors/ai/transformers_errors.py"", line 74, in e_ai_87
    np.cross(a, b)  # shape mismatch
    ^^^^^^^^^^^^^^
  File ""/usr/local/lib/python3.11/site-packages/numpy/_core/numeric.py"", line 1695, in cross
    raise ValueError(msg)
ValueError: incompatible dimensions for cross product
(dimension must be 2 or 3)","def e_ai_87():
    """"""NumPy cross product with wrong shape""""""
    import numpy as np
    a = np.array([[1, 2, 3]])
    b = np.array([4, 5, 6, 7])
    np.cross(a, b)  # shape mismatch




def _select_errors(range_pairs):
    selected = {}
    for name, func in AI_ERRORS.items():
        idx = _err_id(name)
        if any(start <= idx <= end for start, end in range_pairs):
            selected[name] = func
    return selected


",AIError
"2025-11-24T11:47:58.588064 [INFO] [ERROR] e_ai_88: ModuleNotFoundError
File ""/app/errors/ai/__init__.py"", line 97, in _run_error_category
    error_func()
  File ""/app/errors/ai/transformers_errors.py"", line 79, in e_ai_88
    import torch
ModuleNotFoundError: No module named 'torch'","def e_ai_88():
    """"""Interpolation size invalid (PyTorch)""""""
    import torch
    import torch.nn.functional as F
    x = torch.randn(1, 3, 4, 4)
    F.interpolate(x, size=(-1, 10))  # invalid size




def _select_errors(range_pairs):
    selected = {}
    for name, func in AI_ERRORS.items():
        idx = _err_id(name)
        if any(start <= idx <= end for start, end in range_pairs):
            selected[name] = func
    return selected


",AIError
"2025-11-24T11:47:58.589587 [INFO] [ERROR] e_ai_89: ModuleNotFoundError
File ""/app/errors/ai/__init__.py"", line 97, in _run_error_category
    error_func()
  File ""/app/errors/ai/transformers_errors.py"", line 87, in e_ai_89
    import tensorflow as tf
ModuleNotFoundError: No module named 'tensorflow'","def e_ai_89():
    """"""TensorFlow repeat negative repeat value""""""
    import tensorflow as tf
    x = tf.range(5)
    tf.repeat(x, repeats=-1)  # invalid repeat count




def _select_errors(range_pairs):
    selected = {}
    for name, func in AI_ERRORS.items():
        idx = _err_id(name)
        if any(start <= idx <= end for start, end in range_pairs):
            selected[name] = func
    return selected


",AIError
"2025-11-24T11:47:58.591878 [INFO] [ERROR] e_ai_90: ValueError
File ""/app/errors/ai/__init__.py"", line 97, in _run_error_category
    error_func()
  File ""/app/errors/ai/transformers_errors.py"", line 96, in e_ai_90
    clf.fit([[1, 2], [3, 4]], [0, 1])  # None estimator → ValueError
    ^^^^^^^^^^^^^^^^^^^^^^^^^^^^^^^^^
  File ""/usr/local/lib/python3.11/site-packages/sklearn/base.py"", line 1365, in wrapper
    return fit_method(estimator, *args, **kwargs)
           ^^^^^^^^^^^^^^^^^^^^^^^^^^^^^^^^^^^^^^
  File ""/usr/local/lib/python3.11/site-packages/sklearn/ensemble/_voting.py"", line 405, in fit
    return super().fit(X, transformed_y, **fit_params)
           ^^^^^^^^^^^^^^^^^^^^^^^^^^^^^^^^^^^^^^^^^^^
  File ""/usr/local/lib/python3.11/site-packages/sklearn/ensemble/_voting.py"", line 80, in fit
    names, clfs = self._validate_estimators()
                  ^^^^^^^^^^^^^^^^^^^^^^^^^^^
  File ""/usr/local/lib/python3.11/site-packages/sklearn/ensemble/_base.py"", line 237, in _validate_estimators
    raise ValueError(
ValueError: The estimator NoneType should be a classifier.","def e_ai_90():
    """"""Voting classifier with invalid estimators""""""
    from sklearn.ensemble import VotingClassifier
    clf = VotingClassifier([(""a"", None), (""b"", None)])
    clf.fit([[1, 2], [3, 4]], [0, 1])  # None estimator → ValueError




def _select_errors(range_pairs):
    selected = {}
    for name, func in AI_ERRORS.items():
        idx = _err_id(name)
        if any(start <= idx <= end for start, end in range_pairs):
            selected[name] = func
    return selected


",MLError
"2025-11-24T11:47:58.593294 [INFO] [ERROR] e_ai_91: ModuleNotFoundError
File ""/app/errors/ai/__init__.py"", line 97, in _run_error_category
    error_func()
  File ""/app/errors/ai/transformers_errors.py"", line 101, in e_ai_91
    import torch
ModuleNotFoundError: No module named 'torch'","def e_ai_91():
    """"""PyTorch SVD invalid matrix shape""""""
    import torch
    x = torch.randn(3, 4)  # rectangular okay, but force error:
    torch.svd(x, some=True)  # deprecated → RuntimeError on many configs




def _select_errors(range_pairs):
    selected = {}
    for name, func in AI_ERRORS.items():
        idx = _err_id(name)
        if any(start <= idx <= end for start, end in range_pairs):
            selected[name] = func
    return selected


",AIError
"2025-11-24T11:47:58.594548 [INFO] [ERROR] e_ai_92: ModuleNotFoundError
File ""/app/errors/ai/__init__.py"", line 97, in _run_error_category
    error_func()
  File ""/app/errors/ai/transformers_errors.py"", line 108, in e_ai_92
    import tensorflow as tf
ModuleNotFoundError: No module named 'tensorflow'","def e_ai_92():
    """"""TensorFlow LSTM wrong input rank""""""
    import tensorflow as tf
    model = tf.keras.Sequential([
        tf.keras.layers.LSTM(4)
    ])
    x = tf.random.uniform((10,))  # rank 1 instead of (batch, timesteps, features)
    model(x)  # ValueError




def _select_errors(range_pairs):
    selected = {}
    for name, func in AI_ERRORS.items():
        idx = _err_id(name)
        if any(start <= idx <= end for start, end in range_pairs):
            selected[name] = func
    return selected


",AIError
"2025-11-24T11:47:58.608856 [INFO] [ERROR] e_ai_93: ModuleNotFoundError
File ""/app/errors/ai/__init__.py"", line 97, in _run_error_category
    error_func()
  File ""/app/errors/ai/transformers_errors.py"", line 118, in e_ai_93
    import torch
ModuleNotFoundError: No module named 'torch'","def e_ai_93():
    """"""Transformer encoder wrong embedding dim""""""
    import torch
    from torch.nn import TransformerEncoderLayer
    enc = TransformerEncoderLayer(d_model=32, nhead=4)
    x = torch.randn(5, 2, 30)  # expected last dim = 32
    enc(x)  # RuntimeError: wrong dimension




def _select_errors(range_pairs):
    selected = {}
    for name, func in AI_ERRORS.items():
        idx = _err_id(name)
        if any(start <= idx <= end for start, end in range_pairs):
            selected[name] = func
    return selected


",AIError
"2025-11-24T11:47:58.622417 [INFO] [ERROR] e_ai_94: AxisError
File ""/app/errors/ai/__init__.py"", line 97, in _run_error_category
    error_func()
  File ""/app/errors/ai/transformers_errors.py"", line 130, in e_ai_94
    softmax(x, axis=10)  # invalid axis
    ^^^^^^^^^^^^^^^^^^^
  File ""/usr/local/lib/python3.11/site-packages/scipy/special/_logsumexp.py"", line 351, in softmax
    x_max = xp.max(x, axis=axis, keepdims=True)
            ^^^^^^^^^^^^^^^^^^^^^^^^^^^^^^^^^^^
  File ""/usr/local/lib/python3.11/site-packages/numpy/_core/fromnumeric.py"", line 3164, in max
    return _wrapreduction(a, np.maximum, 'max', axis, None, out,
           ^^^^^^^^^^^^^^^^^^^^^^^^^^^^^^^^^^^^^^^^^^^^^^^^^^^^^
  File ""/usr/local/lib/python3.11/site-packages/numpy/_core/fromnumeric.py"", line 86, in _wrapreduction
    return ufunc.reduce(obj, axis, dtype, out, **passkwargs)
           ^^^^^^^^^^^^^^^^^^^^^^^^^^^^^^^^^^^^^^^^^^^^^^^^^
numpy.exceptions.AxisError: axis 10 is out of bounds for array of dimension 1","def e_ai_94():
    """"""Softmax invalid axis""""""
    import numpy as np
    from scipy.special import softmax
    x = np.array([1, 2, 3])
    softmax(x, axis=10)  # invalid axis




def _select_errors(range_pairs):
    selected = {}
    for name, func in AI_ERRORS.items():
        idx = _err_id(name)
        if any(start <= idx <= end for start, end in range_pairs):
            selected[name] = func
    return selected


",AIError
"2025-11-24T11:47:58.625205 [INFO] [ERROR] e_ai_95: ModuleNotFoundError
File ""/app/errors/ai/__init__.py"", line 97, in _run_error_category
    error_func()
  File ""/app/errors/ai/transformers_errors.py"", line 135, in e_ai_95
    import torch
ModuleNotFoundError: No module named 'torch'","def e_ai_95():
    """"""Backward on detached graph""""""
    import torch
    x = torch.randn(3, 3, requires_grad=True)
    y = x.sum()
    y.backward()
    z = y.detach() * x
    z.sum().backward()  # RuntimeError




def _select_errors(range_pairs):
    selected = {}
    for name, func in AI_ERRORS.items():
        idx = _err_id(name)
        if any(start <= idx <= end for start, end in range_pairs):
            selected[name] = func
    return selected


",AIError
"2025-11-24T11:47:58.627971 [INFO] [ERROR] e_ai_96: ModuleNotFoundError
File ""/app/errors/ai/__init__.py"", line 97, in _run_error_category
    error_func()
  File ""/app/errors/ai/transformers_errors.py"", line 145, in e_ai_96
    import tensorflow as tf
ModuleNotFoundError: No module named 'tensorflow'","def e_ai_96():
    """"""TensorFlow cast inf → integer""""""
    import tensorflow as tf
    x = tf.constant([float(""inf"")])
    tf.cast(x, tf.int32)  # InvalidArgumentError




def _select_errors(range_pairs):
    selected = {}
    for name, func in AI_ERRORS.items():
        idx = _err_id(name)
        if any(start <= idx <= end for start, end in range_pairs):
            selected[name] = func
    return selected


",AIError
"2025-11-24T11:47:58.631904 [INFO] [ERROR] e_ai_97: ModuleNotFoundError
File ""/app/errors/ai/__init__.py"", line 97, in _run_error_category
    error_func()
  File ""/app/errors/ai/transformers_errors.py"", line 152, in e_ai_97
    import torch
ModuleNotFoundError: No module named 'torch'","def e_ai_97():
    """"""Double backward on same tensor""""""
    import torch
    x = torch.randn(3, 3, requires_grad=True)
    y = x.exp().sum()
    y.backward()
    y.backward()  # RuntimeError: graph already freed




def _select_errors(range_pairs):
    selected = {}
    for name, func in AI_ERRORS.items():
        idx = _err_id(name)
        if any(start <= idx <= end for start, end in range_pairs):
            selected[name] = func
    return selected


",AIError
"2025-11-24T11:47:58.634037 [INFO] [ERROR] e_ai_98: ModuleNotFoundError
File ""/app/errors/ai/__init__.py"", line 97, in _run_error_category
    error_func()
  File ""/app/errors/ai/transformers_errors.py"", line 161, in e_ai_98
    from transformers import AutoTokenizer
ModuleNotFoundError: No module named 'transformers'","def e_ai_98():
    """"""Tokenizer/model mismatch without loading full model""""""
    from transformers import AutoTokenizer
    # Tokenizer exists but model doesn't → fast error
    tok = AutoTokenizer.from_pretrained(""bert-base-uncased"")
    from transformers import AutoModel
    AutoModel.from_pretrained(""bert-base-uncased-XYZ"")  # fake model




def _select_errors(range_pairs):
    selected = {}
    for name, func in AI_ERRORS.items():
        idx = _err_id(name)
        if any(start <= idx <= end for start, end in range_pairs):
            selected[name] = func
    return selected


",AIError
"2025-11-24T11:47:58.636556 [INFO] [ERROR] e_ai_99: ModuleNotFoundError
File ""/app/errors/ai/__init__.py"", line 97, in _run_error_category
    error_func()
  File ""/app/errors/ai/transformers_errors.py"", line 170, in e_ai_99
    import torch.nn as nn
ModuleNotFoundError: No module named 'torch'","def e_ai_99():
    """"""Dropout invalid probability""""""
    import torch.nn as nn
    layer = nn.Dropout(p=2.0)  # must be 0 ≤ p ≤ 1
    layer(torch.randn(2, 2))  # RuntimeError




def _select_errors(range_pairs):
    selected = {}
    for name, func in AI_ERRORS.items():
        idx = _err_id(name)
        if any(start <= idx <= end for start, end in range_pairs):
            selected[name] = func
    return selected


",AIError
"2025-11-24T11:48:01.418720 [INFO] [ERROR] e_ai_201: RuntimeError
File ""/app/errors/ai/error_propagation.py"", line 37, in e_ai_201
    infer(validate(fetch_snapshot()))
                   ^^^^^^^^^^^^^^^^
  File ""/app/errors/ai/error_propagation.py"", line 22, in fetch_snapshot
    raise KeyError(f""Snapshot missing columns: {missing_cols}"")
KeyError: ""Snapshot missing columns: {'tenure'}""

The above exception was the direct cause of the following exception:


  File ""/app/errors/ai/__init__.py"", line 97, in _run_error_category
    error_func()
  File ""/app/errors/ai/error_propagation.py"", line 39, in e_ai_201
    _raise_with_trace(""model_infer"", exc)
  File ""/app/errors/ai/error_propagation.py"", line 11, in _raise_with_trace
    raise RuntimeError(f""{handler_name} failed -> {exc} | {tb}"") from exc
RuntimeError: model_infer failed -> ""Snapshot missing columns: {'tenure'}"" | 
  File ""/app/errors/ai/error_propagation.py"", line 37, in e_ai_201
    infer(validate(fetch_snapshot()))
                   ^^^^^^^^^^^^^^^^
  File ""/app/errors/ai/error_propagation.py"", line 22, in fetch_snapshot
    raise KeyError(f""Snapshot missing columns: {missing_cols}"")
KeyError: ""Snapshot missing columns: {'tenure'}""","    def fetch_snapshot():
        df = pd.DataFrame({""age"": [25], ""salary"": [70000]})
        missing_cols = {""tenure""} - set(df.columns)
        if missing_cols:
            raise KeyError(f""Snapshot missing columns: {missing_cols}"")
        return df



def e_ai_201():
    """"""Feature store -> validator -> model mismatch cascade""""""
    import pandas as pd



def _raise_with_trace(handler_name, exc):
    tb = """".join(traceback.format_exc())
    raise RuntimeError(f""{handler_name} failed -> {exc} | {tb}"") from exc




def e_ai_201():
    """"""Feature store -> validator -> model mismatch cascade""""""
    import pandas as pd



def _select_errors(range_pairs):
    selected = {}
    for name, func in AI_ERRORS.items():
        idx = _err_id(name)
        if any(start <= idx <= end for start, end in range_pairs):
            selected[name] = func
    return selected




    def fetch_snapshot():
        df = pd.DataFrame({""age"": [25], ""salary"": [70000]})
        missing_cols = {""tenure""} - set(df.columns)
        if missing_cols:
            raise KeyError(f""Snapshot missing columns: {missing_cols}"")
        return df



def e_ai_201():
    """"""Feature store -> validator -> model mismatch cascade""""""
    import pandas as pd

",PythonError
"2025-11-24T11:48:01.425068 [INFO] [ERROR] e_ai_202: RuntimeError
File ""/app/errors/ai/error_propagation.py"", line 63, in e_ai_202
    train(load_dataset(resolve_artifact(metadata)))
                       ^^^^^^^^^^^^^^^^^^^^^^^^^^
  File ""/app/errors/ai/error_propagation.py"", line 49, in resolve_artifact
    raise FileNotFoundError(path)
FileNotFoundError: non_existent_training_file.csv

The above exception was the direct cause of the following exception:


  File ""/app/errors/ai/__init__.py"", line 97, in _run_error_category
    error_func()
  File ""/app/errors/ai/error_propagation.py"", line 65, in e_ai_202
    _raise_with_trace(""training_pipeline"", exc)
  File ""/app/errors/ai/error_propagation.py"", line 11, in _raise_with_trace
    raise RuntimeError(f""{handler_name} failed -> {exc} | {tb}"") from exc
RuntimeError: training_pipeline failed -> non_existent_training_file.csv | 
  File ""/app/errors/ai/error_propagation.py"", line 63, in e_ai_202
    train(load_dataset(resolve_artifact(metadata)))
                       ^^^^^^^^^^^^^^^^^^^^^^^^^^
  File ""/app/errors/ai/error_propagation.py"", line 49, in resolve_artifact
    raise FileNotFoundError(path)
FileNotFoundError: non_existent_training_file.csv","    def resolve_artifact(meta):
        path = meta.get(""path"")
        if not os.path.exists(path):
            raise FileNotFoundError(path)
        return path



def e_ai_202():
    """"""Pipeline metadata -> loader -> trainer path mismatch""""""
    import os



def _raise_with_trace(handler_name, exc):
    tb = """".join(traceback.format_exc())
    raise RuntimeError(f""{handler_name} failed -> {exc} | {tb}"") from exc




def e_ai_202():
    """"""Pipeline metadata -> loader -> trainer path mismatch""""""
    import os



def _select_errors(range_pairs):
    selected = {}
    for name, func in AI_ERRORS.items():
        idx = _err_id(name)
        if any(start <= idx <= end for start, end in range_pairs):
            selected[name] = func
    return selected




    def resolve_artifact(meta):
        path = meta.get(""path"")
        if not os.path.exists(path):
            raise FileNotFoundError(path)
        return path



def e_ai_202():
    """"""Pipeline metadata -> loader -> trainer path mismatch""""""
    import os

",AIError
"2025-11-24T11:48:01.436455 [INFO] [ERROR] e_ai_203: ModuleNotFoundError
File ""/app/errors/ai/__init__.py"", line 97, in _run_error_category
    error_func()
  File ""/app/errors/ai/error_propagation.py"", line 70, in e_ai_203
    from transformers import AutoTokenizer
ModuleNotFoundError: No module named 'transformers'","def e_ai_203():
    """"""Tokenizer registry -> decoder -> metrics propagation""""""
    from transformers import AutoTokenizer



def _select_errors(range_pairs):
    selected = {}
    for name, func in AI_ERRORS.items():
        idx = _err_id(name)
        if any(start <= idx <= end for start, end in range_pairs):
            selected[name] = func
    return selected


",AIError
"2025-11-24T11:48:01.439682 [INFO] [ERROR] e_ai_204: ModuleNotFoundError
File ""/app/errors/ai/__init__.py"", line 97, in _run_error_category
    error_func()
  File ""/app/errors/ai/error_propagation.py"", line 95, in e_ai_204
    import torch
ModuleNotFoundError: No module named 'torch'","def e_ai_204():
    """"""GPU placement -> gradient hook -> scaler escalation""""""
    import torch



def _select_errors(range_pairs):
    selected = {}
    for name, func in AI_ERRORS.items():
        idx = _err_id(name)
        if any(start <= idx <= end for start, end in range_pairs):
            selected[name] = func
    return selected


",AIError
"2025-11-24T11:48:01.442269 [INFO] [ERROR] e_ai_205: ModuleNotFoundError
File ""/app/errors/ai/__init__.py"", line 97, in _run_error_category
    error_func()
  File ""/app/errors/ai/error_propagation.py"", line 117, in e_ai_205
    import tensorflow as tf
ModuleNotFoundError: No module named 'tensorflow'","def e_ai_205():
    """"""Autoencoder encoder->decoder shape contract""""""
    import tensorflow as tf



def _select_errors(range_pairs):
    selected = {}
    for name, func in AI_ERRORS.items():
        idx = _err_id(name)
        if any(start <= idx <= end for start, end in range_pairs):
            selected[name] = func
    return selected


",AIError
"2025-11-24T11:48:01.443904 [INFO] [ERROR] e_ai_206: RuntimeError
File ""/app/errors/ai/error_propagation.py"", line 154, in e_ai_206
    aggregate(validate(parse_chunk(chunk)))
                       ^^^^^^^^^^^^^^^^^^
  File ""/app/errors/ai/error_propagation.py"", line 140, in parse_chunk
    raise KeyError(""chunk missing id"")
KeyError: 'chunk missing id'

The above exception was the direct cause of the following exception:


  File ""/app/errors/ai/__init__.py"", line 97, in _run_error_category
    error_func()
  File ""/app/errors/ai/error_propagation.py"", line 156, in e_ai_206
    _raise_with_trace(""stream_aggregator"", exc)
  File ""/app/errors/ai/error_propagation.py"", line 11, in _raise_with_trace
    raise RuntimeError(f""{handler_name} failed -> {exc} | {tb}"") from exc
RuntimeError: stream_aggregator failed -> 'chunk missing id' | 
  File ""/app/errors/ai/error_propagation.py"", line 154, in e_ai_206
    aggregate(validate(parse_chunk(chunk)))
                       ^^^^^^^^^^^^^^^^^^
  File ""/app/errors/ai/error_propagation.py"", line 140, in parse_chunk
    raise KeyError(""chunk missing id"")
KeyError: 'chunk missing id'","    def parse_chunk(chunk):
        if ""id"" not in chunk:
            raise KeyError(""chunk missing id"")
        return chunk



def e_ai_206():
    """"""Streaming chunk parser -> validator -> aggregator""""""


def _raise_with_trace(handler_name, exc):
    tb = """".join(traceback.format_exc())
    raise RuntimeError(f""{handler_name} failed -> {exc} | {tb}"") from exc




def e_ai_206():
    """"""Streaming chunk parser -> validator -> aggregator""""""


def _select_errors(range_pairs):
    selected = {}
    for name, func in AI_ERRORS.items():
        idx = _err_id(name)
        if any(start <= idx <= end for start, end in range_pairs):
            selected[name] = func
    return selected




    def parse_chunk(chunk):
        if ""id"" not in chunk:
            raise KeyError(""chunk missing id"")
        return chunk



def e_ai_206():
    """"""Streaming chunk parser -> validator -> aggregator""""""
",PythonError
"2025-11-24T11:48:01.449786 [INFO] [ERROR] e_ai_207: RuntimeError
File ""/app/errors/ai/error_propagation.py"", line 177, in e_ai_207
    deploy(validate_signature(load_manifest(""fraud-detector-v2"")))
                              ^^^^^^^^^^^^^^^^^^^^^^^^^^^^^^^^^^
  File ""/app/errors/ai/error_propagation.py"", line 164, in load_manifest
    raise FileNotFoundError(f""manifest for {model_name} not found"")
FileNotFoundError: manifest for fraud-detector-v2 not found

The above exception was the direct cause of the following exception:


  File ""/app/errors/ai/__init__.py"", line 97, in _run_error_category
    error_func()
  File ""/app/errors/ai/error_propagation.py"", line 179, in e_ai_207
    _raise_with_trace(""deployment"", exc)
  File ""/app/errors/ai/error_propagation.py"", line 11, in _raise_with_trace
    raise RuntimeError(f""{handler_name} failed -> {exc} | {tb}"") from exc
RuntimeError: deployment failed -> manifest for fraud-detector-v2 not found | 
  File ""/app/errors/ai/error_propagation.py"", line 177, in e_ai_207
    deploy(validate_signature(load_manifest(""fraud-detector-v2"")))
                              ^^^^^^^^^^^^^^^^^^^^^^^^^^^^^^^^^^
  File ""/app/errors/ai/error_propagation.py"", line 164, in load_manifest
    raise FileNotFoundError(f""manifest for {model_name} not found"")
FileNotFoundError: manifest for fraud-detector-v2 not found","    def load_manifest(model_name):
        manifests = {}
        if model_name not in manifests:
            raise FileNotFoundError(f""manifest for {model_name} not found"")
        return manifests[model_name]



def e_ai_207():
    """"""Model registry -> signature validator -> deployment""""""


def _raise_with_trace(handler_name, exc):
    tb = """".join(traceback.format_exc())
    raise RuntimeError(f""{handler_name} failed -> {exc} | {tb}"") from exc




def e_ai_207():
    """"""Model registry -> signature validator -> deployment""""""


def _select_errors(range_pairs):
    selected = {}
    for name, func in AI_ERRORS.items():
        idx = _err_id(name)
        if any(start <= idx <= end for start, end in range_pairs):
            selected[name] = func
    return selected




    def load_manifest(model_name):
        manifests = {}
        if model_name not in manifests:
            raise FileNotFoundError(f""manifest for {model_name} not found"")
        return manifests[model_name]



def e_ai_207():
    """"""Model registry -> signature validator -> deployment""""""
",AIError
"2025-11-24T11:48:01.455022 [INFO] [ERROR] e_ai_208: RuntimeError
File ""/app/errors/ai/error_propagation.py"", line 202, in e_ai_208
    train(engineer(validate(payload)))
  File ""/app/errors/ai/error_propagation.py"", line 198, in train
    model.fit(df[[""a"", ""ratio""]], df[""target""])
  File ""/usr/local/lib/python3.11/site-packages/sklearn/base.py"", line 1365, in wrapper
    return fit_method(estimator, *args, **kwargs)
           ^^^^^^^^^^^^^^^^^^^^^^^^^^^^^^^^^^^^^^
  File ""/usr/local/lib/python3.11/site-packages/sklearn/linear_model/_logistic.py"", line 1247, in fit
    X, y = validate_data(
           ^^^^^^^^^^^^^^
  File ""/usr/local/lib/python3.11/site-packages/sklearn/utils/validation.py"", line 2971, in validate_data
    X, y = check_X_y(X, y, **check_params)
           ^^^^^^^^^^^^^^^^^^^^^^^^^^^^^^^
  File ""/usr/local/lib/python3.11/site-packages/sklearn/utils/validation.py"", line 1368, in check_X_y
    X = check_array(
        ^^^^^^^^^^^^
  File ""/usr/local/lib/python3.11/site-packages/sklearn/utils/validation.py"", line 1105, in check_array
    _assert_all_finite(
  File ""/usr/local/lib/python3.11/site-packages/sklearn/utils/validation.py"", line 120, in _assert_all_finite
    _assert_all_finite_element_wise(
  File ""/usr/local/lib/python3.11/site-packages/sklearn/utils/validation.py"", line 169, in _assert_all_finite_element_wise
    raise ValueError(msg_err)
ValueError: Input X contains infinity or a value too large for dtype('float64').

The above exception was the direct cause of the following exception:


  File ""/app/errors/ai/__init__.py"", line 97, in _run_error_category
    error_func()
  File ""/app/errors/ai/error_propagation.py"", line 204, in e_ai_208
    _raise_with_trace(""feature_pipeline"", exc)
  File ""/app/errors/ai/error_propagation.py"", line 11, in _raise_with_trace
    raise RuntimeError(f""{handler_name} failed -> {exc} | {tb}"") from exc
RuntimeError: feature_pipeline failed -> Input X contains infinity or a value too large for dtype('float64'). | 
  File ""/app/errors/ai/error_propagation.py"", line 202, in e_ai_208
    train(engineer(validate(payload)))
  File ""/app/errors/ai/error_propagation.py"", line 198, in train
    model.fit(df[[""a"", ""ratio""]], df[""target""])
  File ""/usr/local/lib/python3.11/site-packages/sklearn/base.py"", line 1365, in wrapper
    return fit_method(estimator, *args, **kwargs)
           ^^^^^^^^^^^^^^^^^^^^^^^^^^^^^^^^^^^^^^
  File ""/usr/local/lib/python3.11/site-packages/sklearn/linear_model/_logistic.py"", line 1247, in fit
    X, y = validate_data(
           ^^^^^^^^^^^^^^
  File ""/usr/local/lib/python3.11/site-packages/sklearn/utils/validation.py"", line 2971, in validate_data
    X, y = check_X_y(X, y, **check_params)
           ^^^^^^^^^^^^^^^^^^^^^^^^^^^^^^^
  File ""/usr/local/lib/python3.11/site-packages/sklearn/utils/validation.py"", line 1368, in check_X_y
    X = check_array(
        ^^^^^^^^^^^^
  File ""/usr/local/lib/python3.11/site-packages/sklearn/utils/validation.py"", line 1105, in check_array
    _assert_all_finite(
  File ""/usr/local/lib/python3.11/site-packages/sklearn/utils/validation.py"", line 120, in _assert_all_finite
    _assert_all_finite_element_wise(
  File ""/usr/local/lib/python3.11/site-packages/sklearn/utils/validation.py"", line 169, in _assert_all_finite_element_wise
    raise ValueError(msg_err)
ValueError: Input X contains infinity or a value too large for dtype('float64').","    def train(df):
        import tensorflow as tf
        model = tf.keras.Sequential([tf.keras.layers.Dense(1, input_shape=(5,))])
        model.fit(df.values, df[""target""], epochs=1)

    metadata = {""path"": ""non_existent_training_file.csv""}
    try:
        train(load_dataset(resolve_artifact(metadata)))
    except Exception as exc:
        _raise_with_trace(""training_pipeline"", exc)




def e_ai_208():
    """"""Data validation -> feature engineering -> trainer cascade""""""
    import pandas as pd



def _raise_with_trace(handler_name, exc):
    tb = """".join(traceback.format_exc())
    raise RuntimeError(f""{handler_name} failed -> {exc} | {tb}"") from exc




def e_ai_208():
    """"""Data validation -> feature engineering -> trainer cascade""""""
    import pandas as pd



def _select_errors(range_pairs):
    selected = {}
    for name, func in AI_ERRORS.items():
        idx = _err_id(name)
        if any(start <= idx <= end for start, end in range_pairs):
            selected[name] = func
    return selected




    def train(df):
        import tensorflow as tf
        model = tf.keras.Sequential([tf.keras.layers.Dense(1, input_shape=(5,))])
        model.fit(df.values, df[""target""], epochs=1)

    metadata = {""path"": ""non_existent_training_file.csv""}
    try:
        train(load_dataset(resolve_artifact(metadata)))
    except Exception as exc:
        _raise_with_trace(""training_pipeline"", exc)




def e_ai_208():
    """"""Data validation -> feature engineering -> trainer cascade""""""
    import pandas as pd

",MLError
"2025-11-24T11:48:01.456488 [INFO] [ERROR] e_ai_209: RuntimeError
File ""/app/errors/ai/error_propagation.py"", line 224, in e_ai_209
    generate(format_prompt(moderate(prompt)))
                           ^^^^^^^^^^^^^^^^
  File ""/app/errors/ai/error_propagation.py"", line 212, in moderate
    raise PermissionError(""prompt violates policy"")
PermissionError: prompt violates policy

The above exception was the direct cause of the following exception:


  File ""/app/errors/ai/__init__.py"", line 97, in _run_error_category
    error_func()
  File ""/app/errors/ai/error_propagation.py"", line 226, in e_ai_209
    _raise_with_trace(""llm_generation"", exc)
  File ""/app/errors/ai/error_propagation.py"", line 11, in _raise_with_trace
    raise RuntimeError(f""{handler_name} failed -> {exc} | {tb}"") from exc
RuntimeError: llm_generation failed -> prompt violates policy | 
  File ""/app/errors/ai/error_propagation.py"", line 224, in e_ai_209
    generate(format_prompt(moderate(prompt)))
                           ^^^^^^^^^^^^^^^^
  File ""/app/errors/ai/error_propagation.py"", line 212, in moderate
    raise PermissionError(""prompt violates policy"")
PermissionError: prompt violates policy","    def moderate(prompt):
        blocklist = {""delete everything""}
        if any(term in prompt.lower() for term in blocklist):
            raise PermissionError(""prompt violates policy"")
        return prompt



def e_ai_209():
    """"""Prompt moderation -> formatter -> generator failure chain""""""


def _raise_with_trace(handler_name, exc):
    tb = """".join(traceback.format_exc())
    raise RuntimeError(f""{handler_name} failed -> {exc} | {tb}"") from exc




def e_ai_209():
    """"""Prompt moderation -> formatter -> generator failure chain""""""


def _select_errors(range_pairs):
    selected = {}
    for name, func in AI_ERRORS.items():
        idx = _err_id(name)
        if any(start <= idx <= end for start, end in range_pairs):
            selected[name] = func
    return selected




    def moderate(prompt):
        blocklist = {""delete everything""}
        if any(term in prompt.lower() for term in blocklist):
            raise PermissionError(""prompt violates policy"")
        return prompt



def e_ai_209():
    """"""Prompt moderation -> formatter -> generator failure chain""""""
",AIError
"2025-11-24T11:48:01.458323 [INFO] [ERROR] e_ai_210: RuntimeError
File ""/app/errors/ai/error_propagation.py"", line 247, in e_ai_210
    launch(plan_experiment(load_config()))
                           ^^^^^^^^^^^^^
  File ""/app/errors/ai/error_propagation.py"", line 235, in load_config
    return json.loads(config)
           ^^^^^^^^^^^^^^^^^^
  File ""/usr/local/lib/python3.11/json/__init__.py"", line 346, in loads
    return _default_decoder.decode(s)
           ^^^^^^^^^^^^^^^^^^^^^^^^^^
  File ""/usr/local/lib/python3.11/json/decoder.py"", line 337, in decode
    obj, end = self.raw_decode(s, idx=_w(s, 0).end())
               ^^^^^^^^^^^^^^^^^^^^^^^^^^^^^^^^^^^^^^
  File ""/usr/local/lib/python3.11/json/decoder.py"", line 353, in raw_decode
    obj, end = self.scan_once(s, idx)
               ^^^^^^^^^^^^^^^^^^^^^^
json.decoder.JSONDecodeError: Expecting property name enclosed in double quotes: line 1 column 2 (char 1)

The above exception was the direct cause of the following exception:


  File ""/app/errors/ai/__init__.py"", line 97, in _run_error_category
    error_func()
  File ""/app/errors/ai/error_propagation.py"", line 249, in e_ai_210
    _raise_with_trace(""distributed_launch"", exc)
  File ""/app/errors/ai/error_propagation.py"", line 11, in _raise_with_trace
    raise RuntimeError(f""{handler_name} failed -> {exc} | {tb}"") from exc
RuntimeError: distributed_launch failed -> Expecting property name enclosed in double quotes: line 1 column 2 (char 1) | 
  File ""/app/errors/ai/error_propagation.py"", line 247, in e_ai_210
    launch(plan_experiment(load_config()))
                           ^^^^^^^^^^^^^
  File ""/app/errors/ai/error_propagation.py"", line 235, in load_config
    return json.loads(config)
           ^^^^^^^^^^^^^^^^^^
  File ""/usr/local/lib/python3.11/json/__init__.py"", line 346, in loads
    return _default_decoder.decode(s)
           ^^^^^^^^^^^^^^^^^^^^^^^^^^
  File ""/usr/local/lib/python3.11/json/decoder.py"", line 337, in decode
    obj, end = self.raw_decode(s, idx=_w(s, 0).end())
               ^^^^^^^^^^^^^^^^^^^^^^^^^^^^^^^^^^^^^^
  File ""/usr/local/lib/python3.11/json/decoder.py"", line 353, in raw_decode
    obj, end = self.scan_once(s, idx)
               ^^^^^^^^^^^^^^^^^^^^^^
json.decoder.JSONDecodeError: Expecting property name enclosed in double quotes: line 1 column 2 (char 1)","    def load_config():
        config = ""{""  # malformed JSON
        return json.loads(config)



def e_ai_210():
    """"""Config loader -> experiment planner -> distributed launch""""""
    import json



def _raise_with_trace(handler_name, exc):
    tb = """".join(traceback.format_exc())
    raise RuntimeError(f""{handler_name} failed -> {exc} | {tb}"") from exc




def e_ai_210():
    """"""Config loader -> experiment planner -> distributed launch""""""
    import json



def _select_errors(range_pairs):
    selected = {}
    for name, func in AI_ERRORS.items():
        idx = _err_id(name)
        if any(start <= idx <= end for start, end in range_pairs):
            selected[name] = func
    return selected




    def load_config():
        config = ""{""  # malformed JSON
        return json.loads(config)



def e_ai_210():
    """"""Config loader -> experiment planner -> distributed launch""""""
    import json

",PythonError
"2025-11-24T11:48:01.459733 [INFO] [ERROR] e_ai_211: RuntimeError
File ""/app/errors/ai/error_propagation.py"", line 267, in e_ai_211
    estimate(kalman_step(ingest()))
                         ^^^^^^^^
  File ""/app/errors/ai/error_propagation.py"", line 257, in ingest
    return np.array([[1, 2], [3]])
           ^^^^^^^^^^^^^^^^^^^^^^^
ValueError: setting an array element with a sequence. The requested array has an inhomogeneous shape after 1 dimensions. The detected shape was (2,) + inhomogeneous part.

The above exception was the direct cause of the following exception:


  File ""/app/errors/ai/__init__.py"", line 97, in _run_error_category
    error_func()
  File ""/app/errors/ai/error_propagation.py"", line 269, in e_ai_211
    _raise_with_trace(""state_estimator"", exc)
  File ""/app/errors/ai/error_propagation.py"", line 11, in _raise_with_trace
    raise RuntimeError(f""{handler_name} failed -> {exc} | {tb}"") from exc
RuntimeError: state_estimator failed -> setting an array element with a sequence. The requested array has an inhomogeneous shape after 1 dimensions. The detected shape was (2,) + inhomogeneous part. | 
  File ""/app/errors/ai/error_propagation.py"", line 267, in e_ai_211
    estimate(kalman_step(ingest()))
                         ^^^^^^^^
  File ""/app/errors/ai/error_propagation.py"", line 257, in ingest
    return np.array([[1, 2], [3]])
           ^^^^^^^^^^^^^^^^^^^^^^^
ValueError: setting an array element with a sequence. The requested array has an inhomogeneous shape after 1 dimensions. The detected shape was (2,) + inhomogeneous part.","    def ingest():
        return np.array([[1, 2], [3]])



def e_ai_211():
    """"""Sensor ingestion -> kalman filter -> state estimator""""""
    import numpy as np



def _raise_with_trace(handler_name, exc):
    tb = """".join(traceback.format_exc())
    raise RuntimeError(f""{handler_name} failed -> {exc} | {tb}"") from exc




def e_ai_211():
    """"""Sensor ingestion -> kalman filter -> state estimator""""""
    import numpy as np



def _select_errors(range_pairs):
    selected = {}
    for name, func in AI_ERRORS.items():
        idx = _err_id(name)
        if any(start <= idx <= end for start, end in range_pairs):
            selected[name] = func
    return selected




    def ingest():
        return np.array([[1, 2], [3]])



def e_ai_211():
    """"""Sensor ingestion -> kalman filter -> state estimator""""""
    import numpy as np

",AIError
"2025-11-24T11:48:01.461090 [INFO] [ERROR] e_ai_212: RuntimeError
File ""/app/errors/ai/error_propagation.py"", line 292, in e_ai_212
    decide(rerank(fetch_embedding(""doc-1"")))
           ^^^^^^^^^^^^^^^^^^^^^^^^^^^^^^^^
  File ""/app/errors/ai/error_propagation.py"", line 285, in rerank
    return vec @ weights
           ~~~~^~~~~~~~~
ValueError: matmul: Input operand 1 has a mismatch in its core dimension 0, with gufunc signature (n?,k),(k,m?)->(n?,m?) (size 4 is different from 3)

The above exception was the direct cause of the following exception:


  File ""/app/errors/ai/__init__.py"", line 97, in _run_error_category
    error_func()
  File ""/app/errors/ai/error_propagation.py"", line 294, in e_ai_212
    _raise_with_trace(""decision_service"", exc)
  File ""/app/errors/ai/error_propagation.py"", line 11, in _raise_with_trace
    raise RuntimeError(f""{handler_name} failed -> {exc} | {tb}"") from exc
RuntimeError: decision_service failed -> matmul: Input operand 1 has a mismatch in its core dimension 0, with gufunc signature (n?,k),(k,m?)->(n?,m?) (size 4 is different from 3) | 
  File ""/app/errors/ai/error_propagation.py"", line 292, in e_ai_212
    decide(rerank(fetch_embedding(""doc-1"")))
           ^^^^^^^^^^^^^^^^^^^^^^^^^^^^^^^^
  File ""/app/errors/ai/error_propagation.py"", line 285, in rerank
    return vec @ weights
           ~~~~^~~~~~~~~
ValueError: matmul: Input operand 1 has a mismatch in its core dimension 0, with gufunc signature (n?,k),(k,m?)->(n?,m?) (size 4 is different from 3)","    def rerank(vec):
        import numpy as np
        weights = np.ones(vec.shape[0] + 1)
        return vec @ weights



def e_ai_212():
    """"""Embedding cache -> reranker -> decision service""""""
    import numpy as np



def _raise_with_trace(handler_name, exc):
    tb = """".join(traceback.format_exc())
    raise RuntimeError(f""{handler_name} failed -> {exc} | {tb}"") from exc




def e_ai_212():
    """"""Embedding cache -> reranker -> decision service""""""
    import numpy as np



def _select_errors(range_pairs):
    selected = {}
    for name, func in AI_ERRORS.items():
        idx = _err_id(name)
        if any(start <= idx <= end for start, end in range_pairs):
            selected[name] = func
    return selected




    def rerank(vec):
        import numpy as np
        weights = np.ones(vec.shape[0] + 1)
        return vec @ weights



def e_ai_212():
    """"""Embedding cache -> reranker -> decision service""""""
    import numpy as np

",AIError
"2025-11-24T11:48:01.464986 [INFO] [ERROR] e_ai_213: RuntimeError
File ""/app/errors/ai/error_propagation.py"", line 320, in e_ai_213
    classify(spectrogram(load_wave(""missing.wav"")))
                         ^^^^^^^^^^^^^^^^^^^^^^^^
  File ""/app/errors/ai/error_propagation.py"", line 303, in load_wave
    raise FileNotFoundError(path)
FileNotFoundError: missing.wav

The above exception was the direct cause of the following exception:


  File ""/app/errors/ai/__init__.py"", line 97, in _run_error_category
    error_func()
  File ""/app/errors/ai/error_propagation.py"", line 322, in e_ai_213
    _raise_with_trace(""audio_classifier"", exc)
  File ""/app/errors/ai/error_propagation.py"", line 11, in _raise_with_trace
    raise RuntimeError(f""{handler_name} failed -> {exc} | {tb}"") from exc
RuntimeError: audio_classifier failed -> missing.wav | 
  File ""/app/errors/ai/error_propagation.py"", line 320, in e_ai_213
    classify(spectrogram(load_wave(""missing.wav"")))
                         ^^^^^^^^^^^^^^^^^^^^^^^^
  File ""/app/errors/ai/error_propagation.py"", line 303, in load_wave
    raise FileNotFoundError(path)
FileNotFoundError: missing.wav","    def load_wave(path):
        if path != ""valid.wav"":
            raise FileNotFoundError(path)
        return np.zeros(10)



def e_ai_213():
    """"""Audio pipeline -> spectrogram -> classifier propagation""""""
    import numpy as np



def _raise_with_trace(handler_name, exc):
    tb = """".join(traceback.format_exc())
    raise RuntimeError(f""{handler_name} failed -> {exc} | {tb}"") from exc




def e_ai_213():
    """"""Audio pipeline -> spectrogram -> classifier propagation""""""
    import numpy as np



def _select_errors(range_pairs):
    selected = {}
    for name, func in AI_ERRORS.items():
        idx = _err_id(name)
        if any(start <= idx <= end for start, end in range_pairs):
            selected[name] = func
    return selected




    def load_wave(path):
        if path != ""valid.wav"":
            raise FileNotFoundError(path)
        return np.zeros(10)



def e_ai_213():
    """"""Audio pipeline -> spectrogram -> classifier propagation""""""
    import numpy as np

",AIError
"2025-11-24T11:48:01.466317 [INFO] [ERROR] e_ai_214: RuntimeError
File ""/app/errors/ai/error_propagation.py"", line 347, in e_ai_214
    detect(preprocess(load_frame(""missing_frame.jpg"")))
  File ""/app/errors/ai/error_propagation.py"", line 342, in detect
    raise RuntimeError(""Empty frame"")
RuntimeError: Empty frame

The above exception was the direct cause of the following exception:


  File ""/app/errors/ai/__init__.py"", line 97, in _run_error_category
    error_func()
  File ""/app/errors/ai/error_propagation.py"", line 349, in e_ai_214
    _raise_with_trace(""vision_detector"", exc)
  File ""/app/errors/ai/error_propagation.py"", line 11, in _raise_with_trace
    raise RuntimeError(f""{handler_name} failed -> {exc} | {tb}"") from exc
RuntimeError: vision_detector failed -> Empty frame | 
  File ""/app/errors/ai/error_propagation.py"", line 347, in e_ai_214
    detect(preprocess(load_frame(""missing_frame.jpg"")))
  File ""/app/errors/ai/error_propagation.py"", line 342, in detect
    raise RuntimeError(""Empty frame"")
RuntimeError: Empty frame","    def detect(frame):
        if frame.size == 0:
            raise RuntimeError(""Empty frame"")
        if frame.shape[2] != 3:
            raise ValueError(""Detector expects 3 channels"")

    try:
        detect(preprocess(load_frame(""missing_frame.jpg"")))
    except Exception as exc:
        _raise_with_trace(""vision_detector"", exc)




def e_ai_214():
    """"""Vision ingest -> preprocessor -> detector chain""""""
    import numpy as np



def _raise_with_trace(handler_name, exc):
    tb = """".join(traceback.format_exc())
    raise RuntimeError(f""{handler_name} failed -> {exc} | {tb}"") from exc




def e_ai_214():
    """"""Vision ingest -> preprocessor -> detector chain""""""
    import numpy as np



def _select_errors(range_pairs):
    selected = {}
    for name, func in AI_ERRORS.items():
        idx = _err_id(name)
        if any(start <= idx <= end for start, end in range_pairs):
            selected[name] = func
    return selected




    def detect(frame):
        if frame.size == 0:
            raise RuntimeError(""Empty frame"")
        if frame.shape[2] != 3:
            raise ValueError(""Detector expects 3 channels"")

    try:
        detect(preprocess(load_frame(""missing_frame.jpg"")))
    except Exception as exc:
        _raise_with_trace(""vision_detector"", exc)




def e_ai_214():
    """"""Vision ingest -> preprocessor -> detector chain""""""
    import numpy as np

",AIError
"2025-11-24T11:48:01.468538 [INFO] [ERROR] e_ai_215: RuntimeError
File ""/app/errors/ai/error_propagation.py"", line 372, in e_ai_215
    predict(stitch(align(events)))
                   ^^^^^^^^^^^^^
  File ""/app/errors/ai/error_propagation.py"", line 359, in align
    raise RuntimeError(""duplicate timestamps"")
RuntimeError: duplicate timestamps

The above exception was the direct cause of the following exception:


  File ""/app/errors/ai/__init__.py"", line 97, in _run_error_category
    error_func()
  File ""/app/errors/ai/error_propagation.py"", line 374, in e_ai_215
    _raise_with_trace(""temporal_predictor"", exc)
  File ""/app/errors/ai/error_propagation.py"", line 11, in _raise_with_trace
    raise RuntimeError(f""{handler_name} failed -> {exc} | {tb}"") from exc
RuntimeError: temporal_predictor failed -> duplicate timestamps | 
  File ""/app/errors/ai/error_propagation.py"", line 372, in e_ai_215
    predict(stitch(align(events)))
                   ^^^^^^^^^^^^^
  File ""/app/errors/ai/error_propagation.py"", line 359, in align
    raise RuntimeError(""duplicate timestamps"")
RuntimeError: duplicate timestamps","    def align(events):
        events = events.sort_values(""ts"")
        if events[""ts""].duplicated().any():
            raise RuntimeError(""duplicate timestamps"")
        return events



def e_ai_215():
    """"""Temporal aligner -> feature stitcher -> predictor""""""
    import pandas as pd



def _raise_with_trace(handler_name, exc):
    tb = """".join(traceback.format_exc())
    raise RuntimeError(f""{handler_name} failed -> {exc} | {tb}"") from exc




def e_ai_215():
    """"""Temporal aligner -> feature stitcher -> predictor""""""
    import pandas as pd



def _select_errors(range_pairs):
    selected = {}
    for name, func in AI_ERRORS.items():
        idx = _err_id(name)
        if any(start <= idx <= end for start, end in range_pairs):
            selected[name] = func
    return selected




    def align(events):
        events = events.sort_values(""ts"")
        if events[""ts""].duplicated().any():
            raise RuntimeError(""duplicate timestamps"")
        return events



def e_ai_215():
    """"""Temporal aligner -> feature stitcher -> predictor""""""
    import pandas as pd

",AIError
"2025-11-24T11:48:01.469929 [INFO] [ERROR] e_ai_216: RuntimeError
File ""/app/errors/ai/error_propagation.py"", line 391, in e_ai_216
    send(format_alert(monitor({""latency_ms"": 250})))
                      ^^^^^^^^^^^^^^^^^^^^^^^^^^^^
  File ""/app/errors/ai/error_propagation.py"", line 381, in monitor
    raise RuntimeError(""Latency SLO violated"")
RuntimeError: Latency SLO violated

The above exception was the direct cause of the following exception:


  File ""/app/errors/ai/__init__.py"", line 97, in _run_error_category
    error_func()
  File ""/app/errors/ai/error_propagation.py"", line 393, in e_ai_216
    _raise_with_trace(""alert_pipeline"", exc)
  File ""/app/errors/ai/error_propagation.py"", line 11, in _raise_with_trace
    raise RuntimeError(f""{handler_name} failed -> {exc} | {tb}"") from exc
RuntimeError: alert_pipeline failed -> Latency SLO violated | 
  File ""/app/errors/ai/error_propagation.py"", line 391, in e_ai_216
    send(format_alert(monitor({""latency_ms"": 250})))
                      ^^^^^^^^^^^^^^^^^^^^^^^^^^^^
  File ""/app/errors/ai/error_propagation.py"", line 381, in monitor
    raise RuntimeError(""Latency SLO violated"")
RuntimeError: Latency SLO violated","    def monitor(metrics):
        if metrics.get(""latency_ms"", 0) > 200:
            raise RuntimeError(""Latency SLO violated"")
        return metrics



def e_ai_216():
    """"""Realtime monitor -> alert formatter -> pager duty escalator""""""


def _raise_with_trace(handler_name, exc):
    tb = """".join(traceback.format_exc())
    raise RuntimeError(f""{handler_name} failed -> {exc} | {tb}"") from exc




def e_ai_216():
    """"""Realtime monitor -> alert formatter -> pager duty escalator""""""


def _select_errors(range_pairs):
    selected = {}
    for name, func in AI_ERRORS.items():
        idx = _err_id(name)
        if any(start <= idx <= end for start, end in range_pairs):
            selected[name] = func
    return selected




    def monitor(metrics):
        if metrics.get(""latency_ms"", 0) > 200:
            raise RuntimeError(""Latency SLO violated"")
        return metrics



def e_ai_216():
    """"""Realtime monitor -> alert formatter -> pager duty escalator""""""
",PythonError
"2025-11-24T11:48:01.471246 [INFO] [ERROR] e_ai_217: RuntimeError
File ""/app/errors/ai/error_propagation.py"", line 416, in e_ai_217
    log(validate_attributions(compute_explanations(data)))
                              ^^^^^^^^^^^^^^^^^^^^^^^^^^
  File ""/app/errors/ai/error_propagation.py"", line 403, in compute_explanations
    raise ValueError(""Input dimension mismatch for explanations"")
ValueError: Input dimension mismatch for explanations

The above exception was the direct cause of the following exception:


  File ""/app/errors/ai/__init__.py"", line 97, in _run_error_category
    error_func()
  File ""/app/errors/ai/error_propagation.py"", line 418, in e_ai_217
    _raise_with_trace(""attrib_audit"", exc)
  File ""/app/errors/ai/error_propagation.py"", line 11, in _raise_with_trace
    raise RuntimeError(f""{handler_name} failed -> {exc} | {tb}"") from exc
RuntimeError: attrib_audit failed -> Input dimension mismatch for explanations | 
  File ""/app/errors/ai/error_propagation.py"", line 416, in e_ai_217
    log(validate_attributions(compute_explanations(data)))
                              ^^^^^^^^^^^^^^^^^^^^^^^^^^
  File ""/app/errors/ai/error_propagation.py"", line 403, in compute_explanations
    raise ValueError(""Input dimension mismatch for explanations"")
ValueError: Input dimension mismatch for explanations","    def compute_explanations(inputs):
        weights = np.array([0.1, 0.2])
        if inputs.shape[1] != weights.shape[0]:
            raise ValueError(""Input dimension mismatch for explanations"")
        return inputs @ weights



def e_ai_217():
    """"""Model explainability -> attribution -> audit logger""""""
    import numpy as np



def _raise_with_trace(handler_name, exc):
    tb = """".join(traceback.format_exc())
    raise RuntimeError(f""{handler_name} failed -> {exc} | {tb}"") from exc




def e_ai_217():
    """"""Model explainability -> attribution -> audit logger""""""
    import numpy as np



def _select_errors(range_pairs):
    selected = {}
    for name, func in AI_ERRORS.items():
        idx = _err_id(name)
        if any(start <= idx <= end for start, end in range_pairs):
            selected[name] = func
    return selected




    def compute_explanations(inputs):
        weights = np.array([0.1, 0.2])
        if inputs.shape[1] != weights.shape[0]:
            raise ValueError(""Input dimension mismatch for explanations"")
        return inputs @ weights



def e_ai_217():
    """"""Model explainability -> attribution -> audit logger""""""
    import numpy as np

",AIError
"2025-11-24T11:48:01.472606 [INFO] [ERROR] e_ai_218: RuntimeError
File ""/app/errors/ai/error_propagation.py"", line 440, in e_ai_218
    notify(aggregate(score(batch)))
                     ^^^^^^^^^^^^
  File ""/app/errors/ai/error_propagation.py"", line 427, in score
    raise ValueError(""empty batch"")
ValueError: empty batch

The above exception was the direct cause of the following exception:


  File ""/app/errors/ai/__init__.py"", line 97, in _run_error_category
    error_func()
  File ""/app/errors/ai/error_propagation.py"", line 442, in e_ai_218
    _raise_with_trace(""batch_notifier"", exc)
  File ""/app/errors/ai/error_propagation.py"", line 11, in _raise_with_trace
    raise RuntimeError(f""{handler_name} failed -> {exc} | {tb}"") from exc
RuntimeError: batch_notifier failed -> empty batch | 
  File ""/app/errors/ai/error_propagation.py"", line 440, in e_ai_218
    notify(aggregate(score(batch)))
                     ^^^^^^^^^^^^
  File ""/app/errors/ai/error_propagation.py"", line 427, in score
    raise ValueError(""empty batch"")
ValueError: empty batch","    def score(batch):
        if batch.shape[0] == 0:
            raise ValueError(""empty batch"")
        return np.mean(batch, axis=1)



def e_ai_218():
    """"""Batch scorer -> aggregator -> notifier chain""""""
    import numpy as np



def _raise_with_trace(handler_name, exc):
    tb = """".join(traceback.format_exc())
    raise RuntimeError(f""{handler_name} failed -> {exc} | {tb}"") from exc




def e_ai_218():
    """"""Batch scorer -> aggregator -> notifier chain""""""
    import numpy as np



def _select_errors(range_pairs):
    selected = {}
    for name, func in AI_ERRORS.items():
        idx = _err_id(name)
        if any(start <= idx <= end for start, end in range_pairs):
            selected[name] = func
    return selected




    def score(batch):
        if batch.shape[0] == 0:
            raise ValueError(""empty batch"")
        return np.mean(batch, axis=1)



def e_ai_218():
    """"""Batch scorer -> aggregator -> notifier chain""""""
    import numpy as np

",AIError
"2025-11-24T11:48:01.473960 [INFO] [ERROR] e_ai_219: RuntimeError
File ""/app/errors/ai/error_propagation.py"", line 464, in e_ai_219
    rank(ann_search(fetch_vectors()))
                    ^^^^^^^^^^^^^^^
  File ""/app/errors/ai/error_propagation.py"", line 450, in fetch_vectors
    raise TimeoutError(""vector DB timed out"")
TimeoutError: vector DB timed out

The above exception was the direct cause of the following exception:


  File ""/app/errors/ai/__init__.py"", line 97, in _run_error_category
    error_func()
  File ""/app/errors/ai/error_propagation.py"", line 466, in e_ai_219
    _raise_with_trace(""ranking_service"", exc)
  File ""/app/errors/ai/error_propagation.py"", line 11, in _raise_with_trace
    raise RuntimeError(f""{handler_name} failed -> {exc} | {tb}"") from exc
RuntimeError: ranking_service failed -> vector DB timed out | 
  File ""/app/errors/ai/error_propagation.py"", line 464, in e_ai_219
    rank(ann_search(fetch_vectors()))
                    ^^^^^^^^^^^^^^^
  File ""/app/errors/ai/error_propagation.py"", line 450, in fetch_vectors
    raise TimeoutError(""vector DB timed out"")
TimeoutError: vector DB timed out","    def fetch_vectors():
        raise TimeoutError(""vector DB timed out"")



def e_ai_219():
    """"""Vector DB -> ANN search -> ranking chain""""""
    import numpy as np



def _raise_with_trace(handler_name, exc):
    tb = """".join(traceback.format_exc())
    raise RuntimeError(f""{handler_name} failed -> {exc} | {tb}"") from exc




def e_ai_219():
    """"""Vector DB -> ANN search -> ranking chain""""""
    import numpy as np



def _select_errors(range_pairs):
    selected = {}
    for name, func in AI_ERRORS.items():
        idx = _err_id(name)
        if any(start <= idx <= end for start, end in range_pairs):
            selected[name] = func
    return selected




    def fetch_vectors():
        raise TimeoutError(""vector DB timed out"")



def e_ai_219():
    """"""Vector DB -> ANN search -> ranking chain""""""
    import numpy as np

",AIError
"2025-11-24T11:48:01.475234 [INFO] [ERROR] e_ai_220: RuntimeError
File ""/app/errors/ai/error_propagation.py"", line 485, in e_ai_220
    retrain(detect(monitor()))
            ^^^^^^^^^^^^^^^^^
  File ""/app/errors/ai/error_propagation.py"", line 478, in detect
    raise ValueError(""Distribution vectors mismatched"")
ValueError: Distribution vectors mismatched

The above exception was the direct cause of the following exception:


  File ""/app/errors/ai/__init__.py"", line 97, in _run_error_category
    error_func()
  File ""/app/errors/ai/error_propagation.py"", line 487, in e_ai_220
    _raise_with_trace(""drift_retraining"", exc)
  File ""/app/errors/ai/error_propagation.py"", line 11, in _raise_with_trace
    raise RuntimeError(f""{handler_name} failed -> {exc} | {tb}"") from exc
RuntimeError: drift_retraining failed -> Distribution vectors mismatched | 
  File ""/app/errors/ai/error_propagation.py"", line 485, in e_ai_220
    retrain(detect(monitor()))
            ^^^^^^^^^^^^^^^^^
  File ""/app/errors/ai/error_propagation.py"", line 478, in detect
    raise ValueError(""Distribution vectors mismatched"")
ValueError: Distribution vectors mismatched","    def detect(frame):
        if frame.size == 0:
            raise RuntimeError(""Empty frame"")
        if frame.shape[2] != 3:
            raise ValueError(""Detector expects 3 channels"")

    try:
        detect(preprocess(load_frame(""missing_frame.jpg"")))
    except Exception as exc:
        _raise_with_trace(""vision_detector"", exc)




def e_ai_220():
    """"""Monitoring hook -> drift detector -> retraining trigger""""""
    import numpy as np



def _raise_with_trace(handler_name, exc):
    tb = """".join(traceback.format_exc())
    raise RuntimeError(f""{handler_name} failed -> {exc} | {tb}"") from exc




def e_ai_220():
    """"""Monitoring hook -> drift detector -> retraining trigger""""""
    import numpy as np



def _select_errors(range_pairs):
    selected = {}
    for name, func in AI_ERRORS.items():
        idx = _err_id(name)
        if any(start <= idx <= end for start, end in range_pairs):
            selected[name] = func
    return selected




    def detect(frame):
        if frame.size == 0:
            raise RuntimeError(""Empty frame"")
        if frame.shape[2] != 3:
            raise ValueError(""Detector expects 3 channels"")

    try:
        detect(preprocess(load_frame(""missing_frame.jpg"")))
    except Exception as exc:
        _raise_with_trace(""vision_detector"", exc)




def e_ai_220():
    """"""Monitoring hook -> drift detector -> retraining trigger""""""
    import numpy as np

",AIError
"2025-11-24T11:48:06.116223 [INFO] [ERROR] e_ai_221: ModuleNotFoundError
File ""/app/errors/ai/__init__.py"", line 97, in _run_error_category
    error_func()
  File ""/app/errors/ai/deeplearning_errors.py"", line 13, in e_ai_221
    import torch as torch_221
ModuleNotFoundError: No module named 'torch'","def e_ai_221():
    """"""PyTorch: Incompatible tensor dtypes in matmul.""""""
    import torch as torch_221
    tensor_a_221 = torch_221.randn(3, 3, dtype=torch_221.float32)
    tensor_b_221 = torch_221.randint(0, 10, (3, 3), dtype=torch_221.int32)
    result_221 = torch_221.matmul(tensor_a_221, tensor_b_221)  # dtype mismatch




def _select_errors(range_pairs):
    selected = {}
    for name, func in AI_ERRORS.items():
        idx = _err_id(name)
        if any(start <= idx <= end for start, end in range_pairs):
            selected[name] = func
    return selected


",AIError
"2025-11-24T11:48:06.121156 [INFO] [ERROR] e_ai_222: ModuleNotFoundError
File ""/app/errors/ai/__init__.py"", line 97, in _run_error_category
    error_func()
  File ""/app/errors/ai/deeplearning_errors.py"", line 21, in e_ai_222
    import torch as torch_222
ModuleNotFoundError: No module named 'torch'","def e_ai_222():
    """"""PyTorch: Illegal reshape with invalid negative dimension.""""""
    import torch as torch_222
    tensor_a_222 = torch_222.randn(2, 3, 4)
    reshaped_222 = tensor_a_222.reshape(2, -2, 4)  # invalid -2 for inferred dim




def _select_errors(range_pairs):
    selected = {}
    for name, func in AI_ERRORS.items():
        idx = _err_id(name)
        if any(start <= idx <= end for start, end in range_pairs):
            selected[name] = func
    return selected


",AIError
"2025-11-24T11:48:06.125419 [INFO] [ERROR] e_ai_223: ModuleNotFoundError
File ""/app/errors/ai/__init__.py"", line 97, in _run_error_category
    error_func()
  File ""/app/errors/ai/deeplearning_errors.py"", line 28, in e_ai_223
    import torch as torch_223
ModuleNotFoundError: No module named 'torch'","def e_ai_223():
    """"""PyTorch: Inplace modification breaking autograd.""""""
    import torch as torch_223
    tensor_a_223 = torch_223.ones(4, requires_grad=True)
    tensor_b_223 = tensor_a_223 * 3
    tensor_b_223.retain_grad()
    tensor_a_223[1] += 10  # inplace op on leaf with grad
    tensor_b_223.backward(torch_223.ones_like(tensor_b_223))




def _select_errors(range_pairs):
    selected = {}
    for name, func in AI_ERRORS.items():
        idx = _err_id(name)
        if any(start <= idx <= end for start, end in range_pairs):
            selected[name] = func
    return selected


",AIError
"2025-11-24T11:48:06.130090 [INFO] [ERROR] e_ai_224: ModuleNotFoundError
File ""/app/errors/ai/__init__.py"", line 97, in _run_error_category
    error_func()
  File ""/app/errors/ai/deeplearning_errors.py"", line 38, in e_ai_224
    import torch as torch_224
ModuleNotFoundError: No module named 'torch'","def e_ai_224():
    """"""PyTorch: .view() on non-contiguous tensor.""""""
    import torch as torch_224
    tensor_a_224 = torch_224.randn(5, 5).transpose(0, 1)  # non-contiguous
    tensor_b_224 = tensor_a_224.view(25)  # requires contiguous




def _select_errors(range_pairs):
    selected = {}
    for name, func in AI_ERRORS.items():
        idx = _err_id(name)
        if any(start <= idx <= end for start, end in range_pairs):
            selected[name] = func
    return selected


",AIError
"2025-11-24T11:48:06.135078 [INFO] [ERROR] e_ai_225: ModuleNotFoundError
File ""/app/errors/ai/__init__.py"", line 97, in _run_error_category
    error_func()
  File ""/app/errors/ai/deeplearning_errors.py"", line 45, in e_ai_225
    import torch as torch_225
ModuleNotFoundError: No module named 'torch'","def e_ai_225():
    """"""PyTorch: index_select with out-of-range indices.""""""
    import torch as torch_225
    tensor_a_225 = torch_225.randn(4, 4)
    indices_225 = torch_225.tensor([0, 3, 9])  # 9 is invalid
    tensor_b_225 = torch_225.index_select(tensor_a_225, 0, indices_225)


# ============================================================
# PyTorch Model Training Errors
# ============================================================



def _select_errors(range_pairs):
    selected = {}
    for name, func in AI_ERRORS.items():
        idx = _err_id(name)
        if any(start <= idx <= end for start, end in range_pairs):
            selected[name] = func
    return selected


",AIError
"2025-11-24T11:48:06.137933 [INFO] [ERROR] e_ai_226: ModuleNotFoundError
File ""/app/errors/ai/__init__.py"", line 97, in _run_error_category
    error_func()
  File ""/app/errors/ai/deeplearning_errors.py"", line 57, in e_ai_226
    import torch as torch_226
ModuleNotFoundError: No module named 'torch'","def e_ai_226():
    """"""PyTorch: detach misuse breaks gradient flow.""""""
    import torch as torch_226
    tensor_a_226 = torch_226.randn(4, requires_grad=True)
    tensor_b_226 = (tensor_a_226 ** 2).sum()
    tensor_c_226 = tensor_b_226.detach() + tensor_a_226  # mixing detached + grad
    tensor_c_226.backward()




def _select_errors(range_pairs):
    selected = {}
    for name, func in AI_ERRORS.items():
        idx = _err_id(name)
        if any(start <= idx <= end for start, end in range_pairs):
            selected[name] = func
    return selected


",AIError
"2025-11-24T11:48:06.140050 [INFO] [ERROR] e_ai_227: ModuleNotFoundError
File ""/app/errors/ai/__init__.py"", line 97, in _run_error_category
    error_func()
  File ""/app/errors/ai/deeplearning_errors.py"", line 66, in e_ai_227
    import torch as torch_227
ModuleNotFoundError: No module named 'torch'","def e_ai_227():
    """"""PyTorch: Missing zero_grad leads to gradient accumulation.""""""
    import torch as torch_227
    linear_layer_227 = torch_227.nn.Linear(4, 2)
    optimizer_227 = torch_227.optim.Adam(linear_layer_227.parameters(), lr=0.01)
    input_batch_227 = torch_227.randn(3, 4)
    target_batch_227 = torch_227.randn(3, 2)
    for iteration_227 in range(3):
        prediction_227 = linear_layer_227(input_batch_227)
        loss_value_227 = torch_227.nn.functional.mse_loss(prediction_227, target_batch_227)
        loss_value_227.backward()        # grad accumulates
        optimizer_227.step()             # but no zero_grad()




def _select_errors(range_pairs):
    selected = {}
    for name, func in AI_ERRORS.items():
        idx = _err_id(name)
        if any(start <= idx <= end for start, end in range_pairs):
            selected[name] = func
    return selected


",AIError
"2025-11-24T11:48:06.141486 [INFO] [ERROR] e_ai_228: ModuleNotFoundError
File ""/app/errors/ai/__init__.py"", line 97, in _run_error_category
    error_func()
  File ""/app/errors/ai/deeplearning_errors.py"", line 80, in e_ai_228
    import torch as torch_228
ModuleNotFoundError: No module named 'torch'","def e_ai_228():
    """"""PyTorch: Scalar tensor indexing error (0-dim).""""""
    import torch as torch_228
    scalar_228 = torch_228.tensor(8.0)
    value_228 = scalar_228[0]  # 0-dim cannot be indexed




def _select_errors(range_pairs):
    selected = {}
    for name, func in AI_ERRORS.items():
        idx = _err_id(name)
        if any(start <= idx <= end for start, end in range_pairs):
            selected[name] = func
    return selected


",AIError
"2025-11-24T11:48:06.143144 [INFO] [ERROR] e_ai_229: ModuleNotFoundError
File ""/app/errors/ai/__init__.py"", line 97, in _run_error_category
    error_func()
  File ""/app/errors/ai/deeplearning_errors.py"", line 87, in e_ai_229
    import torch as torch_229
ModuleNotFoundError: No module named 'torch'","def e_ai_229():
    """"""PyTorch: Broadcast failure due to incompatible shapes.""""""
    import torch as torch_229
    tensor_a_229 = torch_229.randn(3, 1, 4)
    tensor_b_229 = torch_229.randn(3, 5, 4)
    tensor_c_229 = tensor_a_229 + tensor_b_229  # broadcast mismatch




def _select_errors(range_pairs):
    selected = {}
    for name, func in AI_ERRORS.items():
        idx = _err_id(name)
        if any(start <= idx <= end for start, end in range_pairs):
            selected[name] = func
    return selected


",AIError
"2025-11-24T11:48:06.144639 [INFO] [ERROR] e_ai_230: ModuleNotFoundError
File ""/app/errors/ai/__init__.py"", line 97, in _run_error_category
    error_func()
  File ""/app/errors/ai/deeplearning_errors.py"", line 95, in e_ai_230
    import torch as torch_230
ModuleNotFoundError: No module named 'torch'","def e_ai_230():
    """"""PyTorch: Reduction on empty tensor.""""""
    import torch as torch_230
    empty_tensor_230 = torch_230.tensor([], dtype=torch_230.float32)
    reduced_230 = empty_tensor_230.std()  # std of empty tensor


# ============================================================
# TensorFlow Graph & Session Errors
# ============================================================



def _select_errors(range_pairs):
    selected = {}
    for name, func in AI_ERRORS.items():
        idx = _err_id(name)
        if any(start <= idx <= end for start, end in range_pairs):
            selected[name] = func
    return selected


",AIError
"2025-11-24T11:48:06.155533 [INFO] [ERROR] e_ai_231: ModuleNotFoundError
File ""/app/errors/ai/__init__.py"", line 97, in _run_error_category
    error_func()
  File ""/app/errors/ai/deeplearning_errors.py"", line 106, in e_ai_231
    import tensorflow as tf_231
ModuleNotFoundError: No module named 'tensorflow'","def e_ai_231():
    """"""TensorFlow: Mixing tensors from different graphs.""""""
    import tensorflow as tf_231
    graph_one_231 = tf_231.Graph()
    graph_two_231 = tf_231.Graph()
    with graph_one_231.as_default():
        tensor_a_231 = tf_231.constant([1.0])
    with graph_two_231.as_default():
        tensor_b_231 = tf_231.constant([2.0])
    tensor_c_231 = tensor_a_231 + tensor_b_231  # different graphs




def _select_errors(range_pairs):
    selected = {}
    for name, func in AI_ERRORS.items():
        idx = _err_id(name)
        if any(start <= idx <= end for start, end in range_pairs):
            selected[name] = func
    return selected


",AIError
"2025-11-24T11:48:06.158253 [INFO] [ERROR] e_ai_232: ModuleNotFoundError
File ""/app/errors/ai/__init__.py"", line 97, in _run_error_category
    error_func()
  File ""/app/errors/ai/deeplearning_errors.py"", line 118, in e_ai_232
    import tensorflow as tf_232
ModuleNotFoundError: No module named 'tensorflow'","def e_ai_232():
    """"""TensorFlow: Using session after it is closed.""""""
    import tensorflow as tf_232
    with tf_232.compat.v1.Session() as session_232:
        tensor_a_232 = tf_232.constant(3.0)
        result_232 = session_232.run(tensor_a_232)
    tensor_b_232 = tf_232.constant(4.0)
    session_232.run(tensor_b_232)  # session closed




def _select_errors(range_pairs):
    selected = {}
    for name, func in AI_ERRORS.items():
        idx = _err_id(name)
        if any(start <= idx <= end for start, end in range_pairs):
            selected[name] = func
    return selected


",AIError
"2025-11-24T11:48:06.159718 [INFO] [ERROR] e_ai_233: ModuleNotFoundError
File ""/app/errors/ai/__init__.py"", line 97, in _run_error_category
    error_func()
  File ""/app/errors/ai/deeplearning_errors.py"", line 128, in e_ai_233
    import tensorflow as tf_233
ModuleNotFoundError: No module named 'tensorflow'","def e_ai_233():
    """"""TensorFlow: Calling fit before compile.""""""
    import tensorflow as tf_233
    model_233 = tf_233.keras.Sequential([tf_233.keras.layers.Dense(3)])
    input_233 = tf_233.random.normal((5, 4))
    target_233 = tf_233.random.normal((5, 3))
    history_233 = model_233.fit(input_233, target_233)  # not compiled




def _select_errors(range_pairs):
    selected = {}
    for name, func in AI_ERRORS.items():
        idx = _err_id(name)
        if any(start <= idx <= end for start, end in range_pairs):
            selected[name] = func
    return selected


",AIError
"2025-11-24T11:48:06.161124 [INFO] [ERROR] e_ai_234: ModuleNotFoundError
File ""/app/errors/ai/__init__.py"", line 97, in _run_error_category
    error_func()
  File ""/app/errors/ai/deeplearning_errors.py"", line 137, in e_ai_234
    import tensorflow as tf_234
ModuleNotFoundError: No module named 'tensorflow'","def e_ai_234():
    """"""TensorFlow: Name scope variable conflict.""""""
    import tensorflow as tf_234
    with tf_234.name_scope(""scope_234_a""):
        variable_a_234 = tf_234.Variable(1.0, name=""weight_234"")
    with tf_234.name_scope(""scope_234_a""):
        variable_b_234 = tf_234.Variable(2.0, name=""weight_234"")  # conflict




def _select_errors(range_pairs):
    selected = {}
    for name, func in AI_ERRORS.items():
        idx = _err_id(name)
        if any(start <= idx <= end for start, end in range_pairs):
            selected[name] = func
    return selected


",AIError
"2025-11-24T11:48:06.164692 [INFO] [ERROR] e_ai_235: ModuleNotFoundError
File ""/app/errors/ai/__init__.py"", line 97, in _run_error_category
    error_func()
  File ""/app/errors/ai/deeplearning_errors.py"", line 146, in e_ai_235
    import tensorflow as tf_235
ModuleNotFoundError: No module named 'tensorflow'","def e_ai_235():
    """"""TensorFlow: Reshape with incompatible element count.""""""
    import tensorflow as tf_235
    tensor_a_235 = tf_235.random.normal((2, 5))
    tensor_b_235 = tf_235.reshape(tensor_a_235, (3, 4))  # 10 vs 12 elements


# ============================================================
# Recurrent Neural Network Errors
# ============================================================



def _select_errors(range_pairs):
    selected = {}
    for name, func in AI_ERRORS.items():
        idx = _err_id(name)
        if any(start <= idx <= end for start, end in range_pairs):
            selected[name] = func
    return selected


",AIError
"2025-11-24T11:48:06.166122 [INFO] [ERROR] e_ai_236: ModuleNotFoundError
File ""/app/errors/ai/__init__.py"", line 97, in _run_error_category
    error_func()
  File ""/app/errors/ai/deeplearning_errors.py"", line 157, in e_ai_236
    import torch as torch_236
ModuleNotFoundError: No module named 'torch'","def e_ai_236():
    """"""PyTorch: LSTM hidden state batch size mismatch.""""""
    import torch as torch_236
    lstm_layer_236 = torch_236.nn.LSTM(10, 20)
    hidden_state_236 = torch_236.randn(1, 4, 20)  # batch=4
    cell_state_236 = torch_236.randn(1, 4, 20)
    input_seq_236 = torch_236.randn(6, 2, 10)     # batch=2
    output_seq_236, final_state_236 = lstm_layer_236(input_seq_236, (hidden_state_236, cell_state_236))




def _select_errors(range_pairs):
    selected = {}
    for name, func in AI_ERRORS.items():
        idx = _err_id(name)
        if any(start <= idx <= end for start, end in range_pairs):
            selected[name] = func
    return selected


",AIError
"2025-11-24T11:48:06.167489 [INFO] [ERROR] e_ai_237: ModuleNotFoundError
File ""/app/errors/ai/__init__.py"", line 97, in _run_error_category
    error_func()
  File ""/app/errors/ai/deeplearning_errors.py"", line 167, in e_ai_237
    import torch as torch_237
ModuleNotFoundError: No module named 'torch'","def e_ai_237():
    """"""PyTorch: pack_padded_sequence with unsorted lengths.""""""
    import torch as torch_237
    from torch.nn.utils.rnn import pack_padded_sequence as pack_padded_sequence_237
    input_seq_237 = torch_237.randn(5, 4, 8)
    lengths_237 = torch_237.tensor([4, 5, 1, 3])
    packed_237 = pack_padded_sequence_237(input_seq_237, lengths_237, enforce_sorted=True)




def _select_errors(range_pairs):
    selected = {}
    for name, func in AI_ERRORS.items():
        idx = _err_id(name)
        if any(start <= idx <= end for start, end in range_pairs):
            selected[name] = func
    return selected


",AIError
"2025-11-24T11:48:06.168804 [INFO] [ERROR] e_ai_238: ModuleNotFoundError
File ""/app/errors/ai/__init__.py"", line 97, in _run_error_category
    error_func()
  File ""/app/errors/ai/deeplearning_errors.py"", line 176, in e_ai_238
    import tensorflow as tf_238
ModuleNotFoundError: No module named 'tensorflow'","def e_ai_238():
    """"""TensorFlow: LSTM output reshaped to incompatible shape.""""""
    import tensorflow as tf_238
    lstm_layer_238 = tf_238.keras.layers.LSTM(16, return_sequences=False)
    input_seq_238 = tf_238.random.normal((3, 10, 8))
    output_vec_238 = lstm_layer_238(input_seq_238)          # (3,16)
    reshaped_238 = tf_238.reshape(output_vec_238, (3, 10, 16))  # mismatch




def _select_errors(range_pairs):
    selected = {}
    for name, func in AI_ERRORS.items():
        idx = _err_id(name)
        if any(start <= idx <= end for start, end in range_pairs):
            selected[name] = func
    return selected


",AIError
"2025-11-24T11:48:06.170090 [INFO] [ERROR] e_ai_239: ModuleNotFoundError
File ""/app/errors/ai/__init__.py"", line 97, in _run_error_category
    error_func()
  File ""/app/errors/ai/deeplearning_errors.py"", line 185, in e_ai_239
    import torch as torch_239
ModuleNotFoundError: No module named 'torch'","def e_ai_239():
    """"""PyTorch: Bidirectional LSTM hidden concat misuse.""""""
    import torch as torch_239
    lstm_layer_239 = torch_239.nn.LSTM(10, 20, bidirectional=True)
    input_seq_239 = torch_239.randn(7, 3, 10)
    output_seq_239, (hidden_239, cell_239) = lstm_layer_239(input_seq_239)
    concatenated_239 = torch_239.cat([hidden_239[0], hidden_239[1]], dim=2)  # wrong dim for concat




def _select_errors(range_pairs):
    selected = {}
    for name, func in AI_ERRORS.items():
        idx = _err_id(name)
        if any(start <= idx <= end for start, end in range_pairs):
            selected[name] = func
    return selected


",AIError
"2025-11-24T11:48:06.171298 [INFO] [ERROR] e_ai_240: ModuleNotFoundError
File ""/app/errors/ai/__init__.py"", line 97, in _run_error_category
    error_func()
  File ""/app/errors/ai/deeplearning_errors.py"", line 194, in e_ai_240
    import torch as torch_240
ModuleNotFoundError: No module named 'torch'","def e_ai_240():
    """"""PyTorch: GRU hidden state num_layers mismatch.""""""
    import torch as torch_240
    gru_layer_240 = torch_240.nn.GRU(10, 20, num_layers=3)
    input_seq_240 = torch_240.randn(4, 2, 10)
    hidden_240 = torch_240.randn(2, 2, 20)  # should be (3,2,20)
    output_seq_240, final_hidden_240 = gru_layer_240(input_seq_240, hidden_240)


# ============================================================
# Attention & Transformer Errors
# ============================================================



def _select_errors(range_pairs):
    selected = {}
    for name, func in AI_ERRORS.items():
        idx = _err_id(name)
        if any(start <= idx <= end for start, end in range_pairs):
            selected[name] = func
    return selected


",AIError
"2025-11-24T11:48:06.172520 [INFO] [ERROR] e_ai_241: ModuleNotFoundError
File ""/app/errors/ai/__init__.py"", line 97, in _run_error_category
    error_func()
  File ""/app/errors/ai/deeplearning_errors.py"", line 207, in e_ai_241
    import torch as torch_241
ModuleNotFoundError: No module named 'torch'","def e_ai_241():
    """"""PyTorch: MultiheadAttention query/key dim mismatch.""""""
    import torch as torch_241
    attn_layer_241 = torch_241.nn.MultiheadAttention(embed_dim=32, num_heads=4)
    query_241 = torch_241.randn(5, 3, 32)
    key_241 = torch_241.randn(5, 3, 16)   # wrong dim
    value_241 = torch_241.randn(5, 3, 32)
    output_241, weights_241 = attn_layer_241(query_241, key_241, value_241)




def _select_errors(range_pairs):
    selected = {}
    for name, func in AI_ERRORS.items():
        idx = _err_id(name)
        if any(start <= idx <= end for start, end in range_pairs):
            selected[name] = func
    return selected


",AIError
"2025-11-24T11:48:06.173798 [INFO] [ERROR] e_ai_242: ModuleNotFoundError
File ""/app/errors/ai/__init__.py"", line 97, in _run_error_category
    error_func()
  File ""/app/errors/ai/deeplearning_errors.py"", line 217, in e_ai_242
    import tensorflow as tf_242
ModuleNotFoundError: No module named 'tensorflow'","def e_ai_242():
    """"""TensorFlow: Softmax on wrong axis in attention.""""""
    import tensorflow as tf_242
    query_242 = tf_242.random.normal((2, 4, 8))
    key_242 = tf_242.random.normal((2, 4, 8))
    logits_242 = tf_242.matmul(query_242, key_242, transpose_b=True)
    weights_242 = tf_242.nn.softmax(logits_242, axis=1)  # should be last axis
    value_242 = tf_242.random.normal((2, 4, 8))
    output_242 = tf_242.matmul(weights_242, value_242)




def _select_errors(range_pairs):
    selected = {}
    for name, func in AI_ERRORS.items():
        idx = _err_id(name)
        if any(start <= idx <= end for start, end in range_pairs):
            selected[name] = func
    return selected


",AIError
"2025-11-24T11:48:06.175123 [INFO] [ERROR] e_ai_243: ModuleNotFoundError
File ""/app/errors/ai/__init__.py"", line 97, in _run_error_category
    error_func()
  File ""/app/errors/ai/deeplearning_errors.py"", line 228, in e_ai_243
    import torch as torch_243
ModuleNotFoundError: No module named 'torch'","def e_ai_243():
    """"""PyTorch: Positional encoding mismatch with sequence length.""""""
    import torch as torch_243
    positional_encoding_243 = torch_243.randn(1, 100, 64)
    sequence_tensor_243 = torch_243.randn(2, 150, 64)
    combined_243 = sequence_tensor_243 + positional_encoding_243  # seq_len mismatch




def _select_errors(range_pairs):
    selected = {}
    for name, func in AI_ERRORS.items():
        idx = _err_id(name)
        if any(start <= idx <= end for start, end in range_pairs):
            selected[name] = func
    return selected


",AIError
"2025-11-24T11:48:06.176419 [INFO] [ERROR] e_ai_244: ModuleNotFoundError
File ""/app/errors/ai/__init__.py"", line 97, in _run_error_category
    error_func()
  File ""/app/errors/ai/deeplearning_errors.py"", line 236, in e_ai_244
    import tensorflow as tf_244
ModuleNotFoundError: No module named 'tensorflow'","def e_ai_244():
    """"""TensorFlow: Transformer FFN output size mismatch.""""""
    import tensorflow as tf_244
    ffn_first_244 = tf_244.keras.layers.Dense(32, activation='relu')
    ffn_second_244 = tf_244.keras.layers.Dense(20)  # does not match model dim
    sequence_input_244 = tf_244.random.normal((3, 6, 32))
    sequence_hidden_244 = ffn_first_244(sequence_input_244)
    sequence_output_244 = ffn_second_244(sequence_hidden_244)




def _select_errors(range_pairs):
    selected = {}
    for name, func in AI_ERRORS.items():
        idx = _err_id(name)
        if any(start <= idx <= end for start, end in range_pairs):
            selected[name] = func
    return selected


",AIError
"2025-11-24T11:48:06.177623 [INFO] [ERROR] e_ai_245: ModuleNotFoundError
File ""/app/errors/ai/__init__.py"", line 97, in _run_error_category
    error_func()
  File ""/app/errors/ai/deeplearning_errors.py"", line 246, in e_ai_245
    import torch as torch_245
ModuleNotFoundError: No module named 'torch'","def e_ai_245():
    """"""PyTorch: Cross-attention matmul with incompatible dims.""""""
    import torch as torch_245
    decoder_repr_245 = torch_245.randn(6, 2, 64)
    encoder_repr_245 = torch_245.randn(6, 2, 128)  # incompatible second dim
    attention_scores_245 = torch_245.matmul(decoder_repr_245, encoder_repr_245)


# ============================================================
# CNN & Image Processing Errors
# ============================================================



def _select_errors(range_pairs):
    selected = {}
    for name, func in AI_ERRORS.items():
        idx = _err_id(name)
        if any(start <= idx <= end for start, end in range_pairs):
            selected[name] = func
    return selected


",AIError
"2025-11-24T11:48:06.179373 [INFO] [ERROR] e_ai_246: ModuleNotFoundError
File ""/app/errors/ai/__init__.py"", line 97, in _run_error_category
    error_func()
  File ""/app/errors/ai/deeplearning_errors.py"", line 258, in e_ai_246
    import torch as torch_246
ModuleNotFoundError: No module named 'torch'","def e_ai_246():
    """"""PyTorch: MaxPool on too-small input window.""""""
    import torch as torch_246
    input_image_246 = torch_246.randn(1, 3, 4, 4)
    pool_layer_246 = torch_246.nn.MaxPool2d(kernel_size=5, stride=1)
    pooled_output_246 = pool_layer_246(input_image_246)




def _select_errors(range_pairs):
    selected = {}
    for name, func in AI_ERRORS.items():
        idx = _err_id(name)
        if any(start <= idx <= end for start, end in range_pairs):
            selected[name] = func
    return selected


",AIError
"2025-11-24T11:48:06.180839 [INFO] [ERROR] e_ai_247: ModuleNotFoundError
File ""/app/errors/ai/__init__.py"", line 97, in _run_error_category
    error_func()
  File ""/app/errors/ai/deeplearning_errors.py"", line 266, in e_ai_247
    import tensorflow as tf_247
ModuleNotFoundError: No module named 'tensorflow'","def e_ai_247():
    """"""TensorFlow: DepthwiseConv2D unexpected channel configuration.""""""
    import tensorflow as tf_247
    image_247 = tf_247.random.normal((1, 32, 32, 2))
    depthwise_layer_247 = tf_247.keras.layers.DepthwiseConv2D(3)
    conv_output_247 = depthwise_layer_247(image_247)  # channel semantics mismatch




def _select_errors(range_pairs):
    selected = {}
    for name, func in AI_ERRORS.items():
        idx = _err_id(name)
        if any(start <= idx <= end for start, end in range_pairs):
            selected[name] = func
    return selected


",PythonError
"2025-11-24T11:48:06.182156 [INFO] [ERROR] e_ai_248: ModuleNotFoundError
File ""/app/errors/ai/__init__.py"", line 97, in _run_error_category
    error_func()
  File ""/app/errors/ai/deeplearning_errors.py"", line 274, in e_ai_248
    import torch as torch_248
ModuleNotFoundError: No module named 'torch'","def e_ai_248():
    """"""PyTorch: ConvTranspose2d output size different than expected.""""""
    import torch as torch_248
    deconv_layer_248 = torch_248.nn.ConvTranspose2d(16, 8, kernel_size=4, stride=2)
    feature_map_248 = torch_248.randn(1, 16, 3, 3)
    upsampled_248 = deconv_layer_248(feature_map_248)




def _select_errors(range_pairs):
    selected = {}
    for name, func in AI_ERRORS.items():
        idx = _err_id(name)
        if any(start <= idx <= end for start, end in range_pairs):
            selected[name] = func
    return selected


",AIError
"2025-11-24T11:48:06.183416 [INFO] [ERROR] e_ai_249: ModuleNotFoundError
File ""/app/errors/ai/__init__.py"", line 97, in _run_error_category
    error_func()
  File ""/app/errors/ai/deeplearning_errors.py"", line 282, in e_ai_249
    import tensorflow as tf_249
ModuleNotFoundError: No module named 'tensorflow'","def e_ai_249():
    """"""TensorFlow: ROI slicing outside of image bounds.""""""
    import tensorflow as tf_249
    image_249 = tf_249.random.normal((1, 64, 64, 3))
    roi_crop_249 = image_249[:, 100:200, 100:200, :]  # out of bounds slice




def _select_errors(range_pairs):
    selected = {}
    for name, func in AI_ERRORS.items():
        idx = _err_id(name)
        if any(start <= idx <= end for start, end in range_pairs):
            selected[name] = func
    return selected


",AIError
"2025-11-24T11:48:06.184614 [INFO] [ERROR] e_ai_250: ModuleNotFoundError
File ""/app/errors/ai/__init__.py"", line 97, in _run_error_category
    error_func()
  File ""/app/errors/ai/deeplearning_errors.py"", line 289, in e_ai_250
    import torch as torch_250
ModuleNotFoundError: No module named 'torch'","def e_ai_250():
    """"""PyTorch: InstanceNorm channels do not match.""""""
    import torch as torch_250
    instancenorm_layer_250 = torch_250.nn.InstanceNorm2d(4)
    feature_map_250 = torch_250.randn(1, 3, 32, 32)
    normalized_250 = instancenorm_layer_250(feature_map_250)


# ============================================================
# Normalization Errors
# ============================================================



def _select_errors(range_pairs):
    selected = {}
    for name, func in AI_ERRORS.items():
        idx = _err_id(name)
        if any(start <= idx <= end for start, end in range_pairs):
            selected[name] = func
    return selected


",AIError
"2025-11-24T11:48:06.185872 [INFO] [ERROR] e_ai_251: ModuleNotFoundError
File ""/app/errors/ai/__init__.py"", line 97, in _run_error_category
    error_func()
  File ""/app/errors/ai/deeplearning_errors.py"", line 301, in e_ai_251
    import torch as torch_251
ModuleNotFoundError: No module named 'torch'","def e_ai_251():
    """"""PyTorch: LayerNorm expects specific last-dimension size.""""""
    import torch as torch_251
    layernorm_251 = torch_251.nn.LayerNorm(32)
    tensor_251 = torch_251.randn(2, 4, 64)
    output_251 = layernorm_251(tensor_251)




def _select_errors(range_pairs):
    selected = {}
    for name, func in AI_ERRORS.items():
        idx = _err_id(name)
        if any(start <= idx <= end for start, end in range_pairs):
            selected[name] = func
    return selected


",AIError
"2025-11-24T11:48:06.187751 [INFO] [ERROR] e_ai_252: ModuleNotFoundError
File ""/app/errors/ai/__init__.py"", line 97, in _run_error_category
    error_func()
  File ""/app/errors/ai/deeplearning_errors.py"", line 309, in e_ai_252
    import tensorflow as tf_252
ModuleNotFoundError: No module named 'tensorflow'","def e_ai_252():
    """"""TensorFlow: BatchNormalization with invalid momentum.""""""
    import tensorflow as tf_252
    batchnorm_layer_252 = tf_252.keras.layers.BatchNormalization(momentum=1.7)
    batch_input_252 = tf_252.random.normal((8, 16))
    batch_output_252 = batchnorm_layer_252(batch_input_252)




def _select_errors(range_pairs):
    selected = {}
    for name, func in AI_ERRORS.items():
        idx = _err_id(name)
        if any(start <= idx <= end for start, end in range_pairs):
            selected[name] = func
    return selected


",AIError
"2025-11-24T11:48:06.189088 [INFO] [ERROR] e_ai_253: ModuleNotFoundError
File ""/app/errors/ai/__init__.py"", line 97, in _run_error_category
    error_func()
  File ""/app/errors/ai/deeplearning_errors.py"", line 317, in e_ai_253
    import torch as torch_253
ModuleNotFoundError: No module named 'torch'","def e_ai_253():
    """"""PyTorch: GroupNorm channel mismatch.""""""
    import torch as torch_253
    groupnorm_253 = torch_253.nn.GroupNorm(4, 16)
    norm_input_253 = torch_253.randn(1, 8, 10, 10)
    norm_output_253 = groupnorm_253(norm_input_253)




def _select_errors(range_pairs):
    selected = {}
    for name, func in AI_ERRORS.items():
        idx = _err_id(name)
        if any(start <= idx <= end for start, end in range_pairs):
            selected[name] = func
    return selected


",AIError
"2025-11-24T11:48:06.190386 [INFO] [ERROR] e_ai_254: ModuleNotFoundError
File ""/app/errors/ai/__init__.py"", line 97, in _run_error_category
    error_func()
  File ""/app/errors/ai/deeplearning_errors.py"", line 325, in e_ai_254
    import tensorflow as tf_254
ModuleNotFoundError: No module named 'tensorflow'","def e_ai_254():
    """"""TensorFlow: LayerNormalization with large epsilon.""""""
    import tensorflow as tf_254
    layernorm_254 = tf_254.keras.layers.LayerNormalization(epsilon=0.5)
    ln_input_254 = tf_254.random.normal((10, 10))
    ln_output_254 = layernorm_254(ln_input_254)




def _select_errors(range_pairs):
    selected = {}
    for name, func in AI_ERRORS.items():
        idx = _err_id(name)
        if any(start <= idx <= end for start, end in range_pairs):
            selected[name] = func
    return selected


",AIError
"2025-11-24T11:48:06.191665 [INFO] [ERROR] e_ai_255: ModuleNotFoundError
File ""/app/errors/ai/__init__.py"", line 97, in _run_error_category
    error_func()
  File ""/app/errors/ai/deeplearning_errors.py"", line 333, in e_ai_255
    import torch as torch_255
ModuleNotFoundError: No module named 'torch'","def e_ai_255():
    """"""PyTorch: Cholesky on near-singular covariance.""""""
    import torch as torch_255
    samples_255 = torch_255.randn(5, 2)
    cov_matrix_255 = torch_255.cov(samples_255.T)
    cholesky_255 = torch_255.linalg.cholesky(cov_matrix_255)


# ============================================================
# Loss Function Errors
# ============================================================



def _select_errors(range_pairs):
    selected = {}
    for name, func in AI_ERRORS.items():
        idx = _err_id(name)
        if any(start <= idx <= end for start, end in range_pairs):
            selected[name] = func
    return selected


",AIError
"2025-11-24T11:48:06.193021 [INFO] [ERROR] e_ai_256: ModuleNotFoundError
File ""/app/errors/ai/__init__.py"", line 97, in _run_error_category
    error_func()
  File ""/app/errors/ai/deeplearning_errors.py"", line 345, in e_ai_256
    import torch as torch_256
ModuleNotFoundError: No module named 'torch'","def e_ai_256():
    """"""PyTorch: CrossEntropyLoss with invalid target index.""""""
    import torch as torch_256
    logits_256 = torch_256.randn(4, 3)
    targets_256 = torch_256.tensor([0, 1, 5, 2])  # 5 invalid
    loss_function_256 = torch_256.nn.CrossEntropyLoss()
    loss_value_256 = loss_function_256(logits_256, targets_256)




def _select_errors(range_pairs):
    selected = {}
    for name, func in AI_ERRORS.items():
        idx = _err_id(name)
        if any(start <= idx <= end for start, end in range_pairs):
            selected[name] = func
    return selected


",AIError
"2025-11-24T11:48:06.194401 [INFO] [ERROR] e_ai_257: ModuleNotFoundError
File ""/app/errors/ai/__init__.py"", line 97, in _run_error_category
    error_func()
  File ""/app/errors/ai/deeplearning_errors.py"", line 354, in e_ai_257
    import tensorflow as tf_257
ModuleNotFoundError: No module named 'tensorflow'","def e_ai_257():
    """"""TensorFlow: SparseCategoricalCrossentropy with 2D targets.""""""
    import tensorflow as tf_257
    labels_257 = tf_257.constant([[1], [2], [0]])
    predictions_257 = tf_257.random.normal((3, 5))
    loss_object_257 = tf_257.keras.losses.SparseCategoricalCrossentropy()
    loss_value_257 = loss_object_257(labels_257, predictions_257)




def _select_errors(range_pairs):
    selected = {}
    for name, func in AI_ERRORS.items():
        idx = _err_id(name)
        if any(start <= idx <= end for start, end in range_pairs):
            selected[name] = func
    return selected


",AIError
"2025-11-24T11:48:06.196400 [INFO] [ERROR] e_ai_258: ModuleNotFoundError
File ""/app/errors/ai/__init__.py"", line 97, in _run_error_category
    error_func()
  File ""/app/errors/ai/deeplearning_errors.py"", line 363, in e_ai_258
    import torch as torch_258
ModuleNotFoundError: No module named 'torch'","def e_ai_258():
    """"""PyTorch: BCELoss with logits not passed through sigmoid.""""""
    import torch as torch_258
    logits_258 = torch_258.randn(8)
    binary_targets_258 = torch_258.randint(0, 2, (8,), dtype=torch_258.float32)
    loss_function_258 = torch_258.nn.BCELoss()
    loss_value_258 = loss_function_258(logits_258, binary_targets_258)




def _select_errors(range_pairs):
    selected = {}
    for name, func in AI_ERRORS.items():
        idx = _err_id(name)
        if any(start <= idx <= end for start, end in range_pairs):
            selected[name] = func
    return selected


",AIError
"2025-11-24T11:48:06.197865 [INFO] [ERROR] e_ai_259: ModuleNotFoundError
File ""/app/errors/ai/__init__.py"", line 97, in _run_error_category
    error_func()
  File ""/app/errors/ai/deeplearning_errors.py"", line 372, in e_ai_259
    import tensorflow as tf_259
ModuleNotFoundError: No module named 'tensorflow'","def e_ai_259():
    """"""TensorFlow: KLDivergence on unnormalized distributions.""""""
    import tensorflow as tf_259
    distribution_p_259 = tf_259.random.normal((3, 4))
    distribution_q_259 = tf_259.random.normal((3, 4))
    kl_loss_259 = tf_259.keras.losses.KLDivergence()
    loss_value_259 = kl_loss_259(distribution_p_259, distribution_q_259)




def _select_errors(range_pairs):
    selected = {}
    for name, func in AI_ERRORS.items():
        idx = _err_id(name)
        if any(start <= idx <= end for start, end in range_pairs):
            selected[name] = func
    return selected


",AIError
"2025-11-24T11:48:06.199213 [INFO] [ERROR] e_ai_260: ModuleNotFoundError
File ""/app/errors/ai/__init__.py"", line 97, in _run_error_category
    error_func()
  File ""/app/errors/ai/deeplearning_errors.py"", line 381, in e_ai_260
    import torch as torch_260
ModuleNotFoundError: No module named 'torch'","def e_ai_260():
    """"""PyTorch: MarginRankingLoss with negative margin.""""""
    import torch as torch_260
    input_1_260 = torch_260.randn(5, 6)
    input_2_260 = torch_260.randn(5, 6)
    labels_260 = torch_260.randint(0, 2, (5,), dtype=torch_260.float32)
    margin_loss_260 = torch_260.nn.MarginRankingLoss(margin=-1.0)
    loss_value_260 = margin_loss_260(input_1_260, input_2_260, labels_260)


# ============================================================
# Optimization Errors
# ============================================================



def _select_errors(range_pairs):
    selected = {}
    for name, func in AI_ERRORS.items():
        idx = _err_id(name)
        if any(start <= idx <= end for start, end in range_pairs):
            selected[name] = func
    return selected


",AIError
"2025-11-24T11:48:06.200506 [INFO] [ERROR] e_ai_261: ModuleNotFoundError
File ""/app/errors/ai/__init__.py"", line 97, in _run_error_category
    error_func()
  File ""/app/errors/ai/deeplearning_errors.py"", line 395, in e_ai_261
    import torch as torch_261
ModuleNotFoundError: No module named 'torch'","def e_ai_261():
    """"""PyTorch: Optimizer param group with invalid param entry.""""""
    import torch as torch_261
    linear_layer_261 = torch_261.nn.Linear(3, 2)
    optimizer_261 = torch_261.optim.Adam([
        {""params"": linear_layer_261.weight},
        {""params"": ""invalid_param_261""}  # invalid
    ])




def _select_errors(range_pairs):
    selected = {}
    for name, func in AI_ERRORS.items():
        idx = _err_id(name)
        if any(start <= idx <= end for start, end in range_pairs):
            selected[name] = func
    return selected


",AIError
"2025-11-24T11:48:06.201779 [INFO] [ERROR] e_ai_262: ModuleNotFoundError
File ""/app/errors/ai/__init__.py"", line 97, in _run_error_category
    error_func()
  File ""/app/errors/ai/deeplearning_errors.py"", line 405, in e_ai_262
    import tensorflow as tf_262
ModuleNotFoundError: No module named 'tensorflow'","def e_ai_262():
    """"""TensorFlow: PiecewiseConstantDecay boundaries not sorted.""""""
    import tensorflow as tf_262
    schedule_262 = tf_262.keras.optimizers.schedules.PiecewiseConstantDecay(
        boundaries=[50, 10, 100],
        values=[0.1, 0.01, 0.001, 0.0001]
    )
    lr_value_262 = schedule_262(75)




def _select_errors(range_pairs):
    selected = {}
    for name, func in AI_ERRORS.items():
        idx = _err_id(name)
        if any(start <= idx <= end for start, end in range_pairs):
            selected[name] = func
    return selected


",AIError
"2025-11-24T11:48:06.203060 [INFO] [ERROR] e_ai_263: ModuleNotFoundError
File ""/app/errors/ai/__init__.py"", line 97, in _run_error_category
    error_func()
  File ""/app/errors/ai/deeplearning_errors.py"", line 415, in e_ai_263
    import torch as torch_263
ModuleNotFoundError: No module named 'torch'","def e_ai_263():
    """"""PyTorch: clip_grad_norm_ with negative max_norm.""""""
    import torch as torch_263
    linear_layer_263 = torch_263.nn.Linear(4, 2)
    input_batch_263 = torch_263.randn(2, 4)
    output_batch_263 = linear_layer_263(input_batch_263).sum()
    output_batch_263.backward()
    torch_263.nn.utils.clip_grad_norm_(linear_layer_263.parameters(), max_norm=-5.0)




def _select_errors(range_pairs):
    selected = {}
    for name, func in AI_ERRORS.items():
        idx = _err_id(name)
        if any(start <= idx <= end for start, end in range_pairs):
            selected[name] = func
    return selected


",AIError
"2025-11-24T11:48:06.204441 [INFO] [ERROR] e_ai_264: ModuleNotFoundError
File ""/app/errors/ai/__init__.py"", line 97, in _run_error_category
    error_func()
  File ""/app/errors/ai/deeplearning_errors.py"", line 425, in e_ai_264
    import tensorflow as tf_264
ModuleNotFoundError: No module named 'tensorflow'","def e_ai_264():
    """"""TensorFlow: Persistent GradientTape reused incorrectly.""""""
    import tensorflow as tf_264
    variable_264 = tf_264.Variable([1.0, 2.0])
    with tf_264.GradientTape(persistent=True) as tape_264:
        squared_264 = variable_264 ** 2
    gradient_1_264 = tape_264.gradient(squared_264, variable_264)
    gradient_2_264 = tape_264.gradient(squared_264, variable_264)  # invalid reuse




def _select_errors(range_pairs):
    selected = {}
    for name, func in AI_ERRORS.items():
        idx = _err_id(name)
        if any(start <= idx <= end for start, end in range_pairs):
            selected[name] = func
    return selected


",AIError
"2025-11-24T11:48:06.205694 [INFO] [ERROR] e_ai_265: ModuleNotFoundError
File ""/app/errors/ai/__init__.py"", line 97, in _run_error_category
    error_func()
  File ""/app/errors/ai/deeplearning_errors.py"", line 435, in e_ai_265
    import torch as torch_265
ModuleNotFoundError: No module named 'torch'","def e_ai_265():
    """"""PyTorch: LBFGS closure returns non-scalar tensor.""""""
    import torch as torch_265
    linear_layer_265 = torch_265.nn.Linear(3, 1)
    optimizer_265 = torch_265.optim.LBFGS(linear_layer_265.parameters())



def _select_errors(range_pairs):
    selected = {}
    for name, func in AI_ERRORS.items():
        idx = _err_id(name)
        if any(start <= idx <= end for start, end in range_pairs):
            selected[name] = func
    return selected


",AIError
"2025-11-24T11:48:06.206883 [INFO] [ERROR] e_ai_266: ModuleNotFoundError
File ""/app/errors/ai/__init__.py"", line 97, in _run_error_category
    error_func()
  File ""/app/errors/ai/deeplearning_errors.py"", line 454, in e_ai_266
    import torch as torch_266
ModuleNotFoundError: No module named 'torch'","def e_ai_266():
    """"""PyTorch: Dataset returns inconsistent sample types.""""""
    import torch as torch_266
    import torch.utils.data as data_266



def _select_errors(range_pairs):
    selected = {}
    for name, func in AI_ERRORS.items():
        idx = _err_id(name)
        if any(start <= idx <= end for start, end in range_pairs):
            selected[name] = func
    return selected


",AIError
"2025-11-24T11:48:06.208033 [INFO] [ERROR] e_ai_267: ModuleNotFoundError
File ""/app/errors/ai/__init__.py"", line 97, in _run_error_category
    error_func()
  File ""/app/errors/ai/deeplearning_errors.py"", line 473, in e_ai_267
    import tensorflow as tf_267
ModuleNotFoundError: No module named 'tensorflow'","def e_ai_267():
    """"""TensorFlow: Dataset.prefetch with negative buffer size.""""""
    import tensorflow as tf_267
    dataset_267 = tf_267.data.Dataset.range(10)
    prefetched_267 = dataset_267.prefetch(buffer_size=-3)




def _select_errors(range_pairs):
    selected = {}
    for name, func in AI_ERRORS.items():
        idx = _err_id(name)
        if any(start <= idx <= end for start, end in range_pairs):
            selected[name] = func
    return selected


",AIError
"2025-11-24T11:48:06.209288 [INFO] [ERROR] e_ai_268: ModuleNotFoundError
File ""/app/errors/ai/__init__.py"", line 97, in _run_error_category
    error_func()
  File ""/app/errors/ai/deeplearning_errors.py"", line 480, in e_ai_268
    import torch.utils.data as data_268
ModuleNotFoundError: No module named 'torch'","def e_ai_268():
    """"""PyTorch: DataLoader with unpicklable dataset state.""""""
    import torch.utils.data as data_268
    import threading as threading_268



def _select_errors(range_pairs):
    selected = {}
    for name, func in AI_ERRORS.items():
        idx = _err_id(name)
        if any(start <= idx <= end for start, end in range_pairs):
            selected[name] = func
    return selected


",AIError
"2025-11-24T11:48:06.210588 [INFO] [ERROR] e_ai_269: ModuleNotFoundError
File ""/app/errors/ai/__init__.py"", line 97, in _run_error_category
    error_func()
  File ""/app/errors/ai/deeplearning_errors.py"", line 498, in e_ai_269
    import tensorflow as tf_269
ModuleNotFoundError: No module named 'tensorflow'","def e_ai_269():
    """"""TensorFlow: Shuffle buffer much larger than dataset.""""""
    import tensorflow as tf_269
    dataset_269 = tf_269.data.Dataset.range(5)
    shuffled_269 = dataset_269.shuffle(buffer_size=500)




def _select_errors(range_pairs):
    selected = {}
    for name, func in AI_ERRORS.items():
        idx = _err_id(name)
        if any(start <= idx <= end for start, end in range_pairs):
            selected[name] = func
    return selected


",AIError
